# Object Export From Tinkercad Server 2015

mtllib obj.mtl

o obj_0
v 22.117 		10.42 		5.234
v 4.835 		1.955 		-2.44
v 22.5004 		10.537 		5.1269
v 22.5021 		10.537 		5.1333
v 22.5021 		10.537 		5.1334
v 22.4988 		10.537 		5.12
v 22.4676 		10.537 		5.1867
v 22.4639 		10.537 		5.1922
v 22.3805 		10.537 		5.2472
v 22.3748 		10.537 		5.251
v 25.2081 		18.6594 		2.048
v 25.2081 		18.6594 		4.096
v 22.3745 		10.537 		5.2511
v 4.815 		1.226 		-3.052
v 31.535 		40.403 		17.559
v 4.81 		1.424 		-2.877
v 31.426 		40.396 		17.576
v 5.219 		1.551 		-3.13
v 5.144 		1.323 		-3.26
v 25.24 		18.623 		0
v 26.704 		20.182 		0
v 27.116 		19.929 		0
v 27.598 		19.737 		0
v 28.158 		19.62 		0
v 25.221 		18.522 		0
v 25.2081 		18.6594 		0
v 25.194 		18.81 		0
v 25.167 		19.103 		0
v 34.918 		35.633 		17.587
v 25.155 		19.09 		0
v 24.855 		19.077 		0
v 24.991 		18.907 		0
v 26.875 		17.419 		0
v 27.288 		17.255 		0
v 27.725 		17.126 		0
v 28.205 		17.021 		0
v 25.51 		18.342 		0
v 25.809 		18.071 		0
v 26.139 		17.827 		0
v 26.494 		17.614 		0
v 25.302 		17.2 		0
v 25.3 		17.368 		0
v 25.293 		17.566 		0
v 25.281 		17.8 		0
v 4.831 		1.076 		-3.196
v 25.237 		18.29 		0
v 25.256 		18.054 		0
v 18.122 		17.217 		0
v 18.122 		17.217 		6.416
v 22.2422 		10.537 		5.3079
v 22.238 		12.6645 		6.2562
v 22.238 		12.6169 		6.2213
v 22.2388 		10.537 		5.3093
v 22.238 		12.6164 		6.2209
v 22.238 		10.537 		5.3096
v 22.238 		12.8829 		6.416
v 35.923 		34.949 		17.096
v 36.092 		35.13 		17.239
v 21.587 		12.634 		6.299
v 22.4201 		10.537 		5.0241
v 22.4202 		10.537 		5.0242
v 22.4797 		10.537 		5.0704
v 22.4882 		10.537 		5.0772
v 34.949 		35.37 		17.388
v 22.238 		12.4634 		6.1129
v 22.2759 		10.537 		4.9704
v 22.2957 		10.537 		4.9752
v 22.2959 		10.537 		4.9753
v 22.238 		10.537 		4.9611
v 22.238 		12.4632 		6.1127
v 22.4047 		10.537 		5.0181
v 22.238 		12.3408 		6.0263
v 22.238 		12.2924 		5.9921
v 22.238 		12.288 		5.9891
v 21.583 		10.472 		4.831
v 21.622 		10.267 		4.724
v 22.238 		11.519 		6.144
v 22.238 		11.8243 		6.3743
v 22.238 		11.831 		6.3792
v 22.238 		11.8429 		6.3878
v 22.238 		11.8816 		6.416
v 22.238 		11.4988 		6.1288
v 22.238 		11.5035 		6.1324
v 22.053 		10.228 		5.052
v 21.555 		12.285 		6.036
v 22.238 		12.0201 		5.8082
v 22.238 		11.9724 		5.776
v 22.238 		11.9709 		5.7751
v 22.238 		11.7922 		5.6586
v 21.988 		10.08 		4.898
v 35.003 		35.148 		17.219
v 22.238 		11.7515 		5.632
v 21.534 		11.941 		5.786
v 21.789 		9.931 		4.634
v 21.854 		9.928 		4.685
v 21.523 		11.606 		5.55
v 22.238 		11.709 		5.6043
v 22.238 		11.6638 		5.5749
v 21.921 		9.979 		4.774
v 22.238 		11.4131 		5.4201
v 22.238 		11.3716 		5.3945
v 22.238 		11.3699 		5.3935
v 22.238 		11.2758 		5.3384
v 22.238 		11.264 		5.3315
v 21.523 		11.286 		5.334
v 21.67 		10.105 		4.654
v 35.081 		34.968 		17.084
v 21.726 		9.99 		4.623
v 35.179 		34.834 		16.985
v 22.232 		10.923 		5.668
v 22.238 		10.9601 		5.6981
v 22.238 		11.1945 		5.8906
v 22.238 		11.1968 		5.8924
v 22.238 		10.8843 		5.632
v 22.238 		10.9285 		5.6715
v 22.238 		10.9288 		5.6717
v 21.533 		10.987 		5.139
v 22.238 		11.1374 		5.2573
v 22.238 		11.101 		5.236
v 22.238 		10.8956 		5.1249
v 22.238 		10.8892 		5.1215
v 22.238 		10.8864 		5.12
v 22.238 		10.752 		5.5138
v 22.177 		10.653 		5.44
v 22.238 		10.7095 		5.4757
v 22.238 		10.7116 		5.4777
v 22.238 		10.7119 		5.478
v 35.109 		30.442 		15.466
v 34.993 		30.555 		15.537
v 5.071 		1.139 		-3.353
v 35.244 		30.379 		15.434
v 5.003 		1.011 		-3.405
v 4.945 		0.943 		-3.412
v 22.238 		10.8586 		5.105
v 22.238 		10.752 		5.054
v 22.238 		10.6746 		5.0169
v 22.238 		10.6505 		5.0052
v 4.897 		0.933 		-3.378
v 22.238 		10.6491 		5.0047
v 4.859 		0.978 		-3.305
v 21.553 		10.714 		4.971
v -6.139 		14.437 		-1.601
v -6.115 		14.773 		-1.345
v 35.035 		28.893 		16.21
v 34.967 		29.118 		16.362
v -6.943 		16.099 		-0.447
v 23.67 		45.568 		18.462
v 23.612 		45.5 		18.455
v 0.903 		5.144 		-1.652
v 0.985 		5.157 		-1.675
v 23.718 		45.578 		18.428
v 23.784 		45.434 		18.246
v 23.757 		45.533 		18.355
v 1.053 		5.114 		-1.738
v 1.108 		5.018 		-1.838
v 23.806 		45.087 		17.927
v 23.801 		45.285 		18.102
v 1.148 		4.871 		-1.974
v 26.894 		18.926 		10.733
v 26.796 		18.794 		10.59
v 33.896 		29.263 		16.238
v 26.702 		18.619 		10.419
v 23.545 		45.371 		18.404
v 23.472 		45.188 		18.31
v 27.597 		17.912 		10.363
v 27.563 		18.188 		10.542
v 23.781 		44.555 		17.491
v 23.799 		44.843 		17.722
v 33.753 		29.065 		16.059
v 33.619 		28.831 		15.856
v 0.483 		4.523 		-1.983
v 0.594 		4.754 		-1.841
v -6.778 		16.143 		-0.393
v 0.704 		4.941 		-1.735
v 0.809 		5.073 		-1.671
v -6.628 		16.132 		-0.384
v -6.494 		16.068 		-0.415
v 16.627 		10.24 		4.851
v 16.603 		10.273 		4.821
v -6.377 		15.955 		-0.486
v 0.373 		4.255 		-2.155
v 16.575 		10.25 		4.753
v 36.81 		33.883 		18.263
v 23.396 		44.96 		18.181
v 23.32 		44.694 		18.019
v 35.516 		34.186 		18.334
v 35.362 		33.957 		18.143
v 27.617 		17.611 		10.158
v -7.113 		15.999 		-0.543
v 36.839 		33.608 		18.06
v -6.28 		15.796 		-0.594
v -6.203 		15.595 		-0.736
v 36.82 		32.965 		17.573
v 16.667 		9.811 		4.69
v 36.843 		33.301 		17.829
v 16.66 		10.003 		4.783
v 16.647 		10.149 		4.838
v 23.245 		44.396 		17.829
v 23.172 		44.074 		17.616
v 1.172 		4.674 		-2.143
v -7.443 		15.659 		-0.839
v 1.179 		4.432 		-2.343
v -7.281 		15.85 		-0.675
v 1.169 		4.144 		-2.572
v -6.149 		15.355 		-0.91
v -7.597 		15.429 		-1.031
v -7.87 		14.876 		-1.48
v -7.74 		15.166 		-1.246
v 0.074 		3.286 		-2.818
v 0.167 		3.63 		-2.578
v 0.268 		3.955 		-2.355
v 1.141 		3.816 		-2.827
v -7.984 		14.564 		-1.729
v 35.109 		28.027 		15.583
v 35.108 		28.344 		15.818
v 35.083 		28.634 		16.028
v 22.238 		10.537 		6.416
v 35.084 		27.688 		15.326
v 23.749 		44.226 		17.235
v 23.596 		43.15 		16.443
v 23.655 		43.511 		16.702
v 23.706 		43.871 		16.967
v 34.873 		26.697 		14.544
v 34.963 		27.012 		14.797
v 35.034 		27.344 		15.059
v 35.219 		33.694 		17.928
v 23.102 		43.732 		17.383
v 23.037 		43.378 		17.136
v 22.977 		43.017 		16.877
v 35.089 		33.404 		17.693
v 34.975 		33.092 		17.444
v 35.433 		34.715 		16.902
v 35.585 		34.736 		16.923
v 33.497 		28.565 		15.633
v 35.751 		34.815 		16.988
v 33.389 		28.272 		15.392
v 22.238 		10.537 		0
v 25.302 		10.537 		6.416
v 25.302 		10.537 		0
v 15.058 		38.92 		0
v 15.058 		38.92 		6.416
v 10.184 		32.949 		6.416
v 10.184 		32.949 		0
v 9.697 		32.855 		0
v 9.697 		32.855 		6.416
v 12.783 		32.792 		0
v 12.783 		32.792 		6.416
v 12.224 		32.875 		0
v 12.224 		32.875 		6.416
v 11.929 		32.91 		0
v 11.929 		32.91 		6.416
v 11.605 		32.939 		0
v 11.605 		32.939 		6.416
v 11.287 		32.962 		0
v 11.287 		32.962 		6.416
v 10.985 		32.975 		0
v 10.985 		32.975 		6.416
v 10.693 		32.98 		0
v 10.693 		32.98 		6.416
v 0.03 		35.876 		0
v 0.03 		35.876 		6.416
v 0.082 		36.41 		0
v 0.082 		36.41 		6.416
v 0.07 		36.71 		0
v 0.07 		36.71 		6.416
v 0.032 		36.978 		0
v 0.032 		36.978 		6.416
v 12.353 		29.914 		0
v 12.353 		29.914 		6.416
v 9.244 		32.697 		0
v 9.244 		32.697 		6.416
v 8.828 		32.494 		0
v 8.828 		32.494 		6.416
v 8.444 		32.259 		0
v 8.444 		32.259 		6.416
v 11.798 		30 		6.416
v 11.798 		30 		0
v 11.539 		30.04 		6.416
v 11.539 		30.04 		0
v 11.285 		30.078 		6.416
v 11.285 		30.078 		0
v 11.039 		30.099 		6.416
v 11.039 		30.099 		0
v 10.802 		30.112 		6.416
v 10.802 		30.112 		0
v 10.587 		30.116 		6.416
v 10.587 		30.116 		0
v 10.067 		30.081 		6.416
v 10.067 		30.081 		0
v 9.592 		29.977 		6.416
v 9.592 		29.977 		0
v 9.154 		29.807 		6.416
v 9.154 		29.807 		0
v 8.748 		29.56 		6.416
v 8.748 		29.56 		0
v 8.374 		29.254 		6.416
v 8.374 		29.254 		0
v 6.551 		32.72 		0
v 6.551 		32.72 		6.416
v 3.978 		32.72 		0
v 3.978 		32.72 		6.416
v 3.978 		31.0027 		6.2376
v 3.978 		30.8511 		6.144
v 3.978 		31.1312 		6.3171
v 3.978 		31.283 		6.416
v 16.543 		10.175 		4.649
v -6.19 		14.089 		-1.869
v 27.58 		16.609 		9.426
v 27.609 		16.955 		9.687
v 27.621 		17.29 		9.932
v -8.079 		14.235 		-1.989
v 1.209 		30.836 		6.376
v 2.295 		29.974 		6.305
v 3.978 		30.3964 		6.4143
v 3.978 		30.3984 		6.416
v 3.978 		30.3125 		6.3394
v 3.978 		30.1801 		6.2205
v 3.978 		30.1006 		6.144
v 3.978 		30.1099 		6.1529
v 35.297 		34.748 		16.924
v -6.264 		13.748 		-2.134
v -6.359 		13.419 		-2.394
v 3.978 		30.8391 		6.1366
v 3.978 		30.72 		6.0669
v 3.978 		30.8398 		6.137
v 3.978 		30.2298 		5.8011
v 3.978 		30.208 		5.7907
v 3.978 		30.3272 		5.8483
v 3.978 		30.5694 		5.9787
v 3.978 		30.4583 		5.919
v 3.978 		30.5715 		5.98
v 3.978 		30.7185 		6.066
v -8.154 		13.894 		-2.254
v 16.508 		10.049 		4.511
v 22.926 		42.656 		16.612
v 16.471 		9.877 		4.344
v 16.662 		9.311 		4.404
v 16.668 		9.578 		4.563
v 26.615 		18.404 		10.222
v 16.433 		9.66 		4.149
v 26.535 		18.153 		10.003
v 3.978 		30.1191 		5.7478
v 3.978 		30.1188 		5.7477
v 3.978 		30.0043 		6.0515
v 3.978 		30.0021 		6.0491
v 3.978 		29.8738 		5.9087
v 3.978 		29.95 		5.992
v 3.978 		29.8726 		5.9071
v 3.978 		29.8368 		5.8598
v 3.978 		29.7886 		5.7951
v 3.978 		29.7518 		5.7126
v 3.978 		29.7721 		5.758
v 3.978 		29.7519 		5.7124
v 3.978 		29.765 		5.6648
v 3.978 		29.758 		5.6901
v 3.978 		29.7651 		5.6647
v 3.978 		29.8306 		5.654
v 3.978 		29.7966 		5.6598
v 3.978 		29.832 		5.6543
v 3.978 		29.8904 		5.6677
v 3.978 		29.9498 		5.6814
v 3.978 		30.037 		5.7156
v 23.387 		42.131 		15.749
v 23.461 		42.454 		15.963
v 23.531 		42.796 		16.195
v 22.883 		42.302 		16.344
v 33.299 		27.958 		15.139
v 16.651 		9.015 		4.219
v 22.852 		41.973 		16.088
v 2.282 		29.638 		6.06
v 23.236 		41.568 		15.398
v 23.312 		41.834 		15.56
v 22.833 		41.685 		15.856
v 2.253 		29.292 		5.799
v 2.208 		28.954 		5.536
v 26.466 		17.869 		9.766
v 1.095 		3.461 		-3.095
v 1.034 		3.099 		-3.364
v 0.961 		2.738 		-3.627
v 26.407 		17.556 		9.514
v 0.877 		2.382 		-3.881
v 1.036 		29.902 		5.625
v 1.081 		30.24 		5.888
v 1.139 		30.552 		6.139
v 22.826 		41.441 		15.652
v 22.831 		41.243 		15.476
v 0.784 		2.038 		-4.122
v 0.684 		1.713 		-4.344
v 16.394 		9.402 		3.93
v 0.578 		1.413 		-4.544
v 0.469 		1.144 		-4.717
v 0.142 		0.595 		-5.028
v 0.048 		0.524 		-5.047
v 0.358 		0.913 		-4.858
v 0.247 		0.727 		-4.964
v 16.613 		8.361 		3.782
v 16.635 		8.696 		4.01
v 12.393 		38.787 		12.385
v 26.362 		17.219 		9.251
v 1.007 		29.556 		5.364
v -6.322 		10.245 		-3.02
v -8.07 		10.302 		-3.029
v 0.999 		28.899 		4.892
v 0.994 		29.22 		5.119
v 26.333 		16.873 		8.991
v 26.321 		16.537 		8.746
v 8.085 		31.989 		0
v 8.085 		31.989 		6.416
v 7.754 		31.677 		0
v 7.754 		31.677 		6.416
v 7.446 		31.341 		0
v 7.446 		31.341 		6.416
v 7.157 		30.977 		0
v 7.157 		30.977 		6.416
v 6.9 		30.601 		0
v 6.9 		30.601 		6.416
v 6.8 		30.4455 		6.416
v 6.8 		30.4455 		0
v 6.655 		30.22 		6.416
v 6.655 		30.22 		0
v 6.51 		29.98 		6.416
v 6.51 		29.98 		0
v 8.037 		28.89 		6.416
v 8.037 		28.89 		0
v 6.851 		29.98 		0
v 6.851 		29.98 		6.416
v -6.473 		13.106 		-2.643
v 2.15 		28.641 		5.284
v -6.603 		12.816 		-2.877
v 2.08 		28.358 		5.047
v 16.555 		7.662 		3.281
v 16.586 		8.014 		3.538
v -5.552 		8.377 		-2.576
v -6.746 		12.554 		-3.092
v -6.9 		12.324 		-3.284
v -5.426 		8.367 		-2.593
v -5.316 		8.304 		-2.65
v 23.161 		41.34 		15.268
v -5.851 		8.224 		-2.674
v -8.14 		12.387 		-3.387
v -5.695 		8.33 		-2.603
v 23.087 		41.157 		15.175
v -7.135 		11.695 		-1.938
v 22.848 		41.094 		15.333
v -6.969 		11.774 		-1.873
v -6.817 		11.796 		-1.852
v 22.876 		40.995 		15.223
v 22.962 		40.96 		15.116
v 23.02 		41.028 		15.124
v -6.682 		11.762 		-1.873
v 27.476 		15.958 		8.911
v 27.535 		16.271 		9.163
v -6.564 		11.677 		-1.935
v -6.465 		11.543 		-2.034
v -6.373 		9.895 		-3.289
v -6.447 		9.546 		-3.557
v -7.307 		11.561 		-2.045
v 27.327 		15.423 		8.455
v -8.184 		9.973 		-3.283
v 27.407 		15.674 		8.674
v -6.543 		9.203 		-3.821
v 33.228 		27.626 		14.877
v -6.658 		8.874 		-4.076
v -6.789 		8.563 		-4.317
v 33.178 		27.281 		14.61
v -6.933 		8.276 		-4.541
v 33.153 		26.942 		14.353
v 2.001 		28.106 		4.829
v -6.388 		11.363 		-2.169
v 1.913 		27.891 		4.632
v 1.052 		28.322 		4.508
v 1.819 		27.716 		4.46
v 1.235 		27.693 		4.152
v 1.161 		27.865 		4.237
v 1.1 		28.076 		4.357
v 16.519 		7.311 		3.017
v 18.162 		43.597 		15.928
v 18.165 		43.706 		16.05
v 18.161 		43.762 		16.137
v 18.15 		43.764 		16.186
v 18.132 		43.709 		16.196
v 18.107 		43.595 		16.162
v -8.425 		8.299 		-4.568
v -8.429 		8.598 		-4.34
v -8.406 		8.931 		-4.085
v -8.355 		9.281 		-3.816
v -8.28 		9.631 		-3.547
v 16.481 		6.978 		2.758
v 18.076 		43.425 		16.086
v 18.041 		43.21 		15.973
v 18.136 		43.235 		15.589
v -7.476 		11.38 		-2.188
v -6.333 		11.14 		-2.337
v -6.303 		10.878 		-2.537
v 12.366 		38.44 		12.141
v 18.152 		43.439 		15.773
v 12.335 		38.089 		11.885
v -3.041 		6.044 		-2.534
v -2.919 		6.108 		-2.508
v -2.811 		6.114 		-2.525
v -2.718 		6.065 		-2.583
v -2.641 		5.964 		-2.678
v -2.583 		5.811 		-2.81
v -2.544 		5.611 		-2.975
v 27.24 		15.208 		8.259
v -3.593 		5.255 		-3.044
v -3.457 		5.517 		-2.865
v -3.318 		5.741 		-2.717
v -3.177 		5.92 		-2.604
v 18.114 		42.985 		15.378
v 1.018 		28.598 		4.688
v 18.003 		42.957 		15.827
v 17.962 		42.67 		15.651
v 12.299 		37.737 		11.62
v 16.442 		6.682 		2.517
v 16.403 		6.424 		2.298
v -6.299 		10.578 		-2.765
v 1.721 		27.585 		4.317
v 1.62 		27.501 		4.207
v -7.939 		10.614 		-2.787
v -7.795 		10.901 		-2.564
v -7.639 		11.158 		-2.363
v 1.32 		27.567 		4.104
v 1.517 		27.468 		4.132
v 1.416 		27.49 		4.097
v -7.062 		12.132 		-3.448
v 17.919 		42.358 		15.45
v 18.011 		42.011 		14.619
v 12.002 		38.15 		11.269
v 12.029 		38.497 		11.513
v 18.05 		42.364 		14.885
v 18.085 		42.694 		15.142
v 12.06 		38.849 		11.769
v 17.875 		42.025 		15.228
v 16.355 		9.106 		3.69
v 16.316 		8.773 		3.43
v 16.281 		8.422 		3.166
v 26.325 		16.216 		8.519
v 26.345 		15.915 		8.315
v -2.525 		5.366 		-3.173
v -8.064 		12.186 		-3.529
v -7.23 		11.984 		-3.58
v -3.958 		4.303 		-3.721
v -3.846 		4.642 		-3.477
v -3.724 		4.961 		-3.249
v -2.528 		5.077 		-3.4
v -2.554 		4.747 		-3.654
v -2.602 		4.393 		-3.924
v 7.752 		28.469 		6.416
v 7.752 		28.469 		0
v 7.508 		27.989 		6.416
v 7.508 		27.989 		0
v 7.309 		27.449 		6.416
v 7.309 		27.449 		0
v 7.161 		26.858 		6.416
v 7.161 		26.858 		0
v 7.072 		26.222 		6.416
v 7.072 		26.222 		0
v 7.042 		25.532 		6.416
v 7.042 		25.532 		0
v -0.01 		2.93 		-3.072
v 3.978 		17.217 		0
v 3.978 		17.217 		6.416
v 15.058 		17.217 		6.416
v 15.058 		17.217 		0
v 7.042 		17.217 		0
v 7.042 		17.217 		6.416
v 17.969 		41.653 		14.357
v -0.036 		37.224 		6.416
v -0.146 		37.454 		6.416
v -0.278 		37.653 		6.416
v -0.431 		37.816 		6.416
v -0.602 		37.963 		6.416
v -0.798 		38.082 		6.416
v -0.999 		38.163 		6.416
v -1.206 		38.228 		6.416
v -1.429 		38.267 		6.416
v -1.668 		38.281 		6.416
v -0.143 		2.207 		-3.604
v -2.119 		38.232 		6.416
v -2.533 		38.078 		6.416
v -0.083 		2.568 		-3.335
v -2.89 		37.819 		6.416
v -3.18 		37.456 		6.416
v -3.35 		36.98 		6.416
v -3.35 		35.866 		6.416
v -3.181 		35.391 		6.416
v -2.889 		35.016 		6.416
v -2.527 		34.767 		6.416
v -2.115 		34.622 		6.416
v -1.659 		34.575 		6.416
v -1.21 		34.625 		6.416
v -0.798 		34.778 		6.416
v -0.43 		35.037 		6.416
v 17.831 		41.677 		14.989
v -0.139 		35.408 		6.416
v -3.403 		36.418 		6.416
v 17.788 		41.322 		14.737
v -0.036 		37.224 		0
v -0.146 		37.454 		0
v -0.278 		37.653 		0
v -0.431 		37.816 		0
v -0.602 		37.963 		0
v -0.798 		38.082 		0
v -0.999 		38.163 		0
v -0.189 		1.852 		-3.872
v -1.206 		38.228 		0
v -1.429 		38.267 		0
v -1.668 		38.281 		0
v -2.119 		38.232 		0
v -2.533 		38.078 		0
v -2.89 		37.819 		0
v 17.746 		40.964 		14.476
v -3.18 		37.456 		0
v -3.35 		36.98 		0
v -4.057 		3.951 		-3.979
v -3.35 		35.866 		0
v -3.181 		35.391 		0
v -2.889 		35.016 		0
v -2.527 		34.767 		0
v -2.115 		34.622 		0
v -1.659 		34.575 		0
v -1.21 		34.625 		0
v -0.798 		34.778 		0
v -0.43 		35.037 		0
v -0.139 		35.408 		0
v -3.403 		36.418 		0
v -10.897 		32.831 		0
v -10.897 		32.831 		6.416
v -12.471 		32.981 		0
v -12.471 		32.981 		6.416
v -12.937 		32.964 		0
v -12.937 		32.964 		6.416
v -13.386 		32.915 		0
v -13.386 		32.915 		6.416
v -13.827 		32.833 		0
v -13.827 		32.833 		6.416
v -0.138 		32.72 		6.416
v -0.138 		32.72 		0
v -3.202 		32.72 		0
v -3.202 		32.72 		6.416
v -3.202 		25.2186 		3.1962
v -3.202 		25.1072 		3.072
v -3.202 		25.2224 		3.2005
v -3.202 		25.3245 		3.3468
v -3.202 		25.3189 		3.3389
v -3.202 		25.3245 		3.347
v -3.202 		25.3734 		3.4626
v -3.202 		25.369 		3.4524
v -3.202 		25.3734 		3.4628
v 33.154 		26.626 		14.118
v -3.202 		25.3707 		3.5369
v -3.202 		25.3703 		3.5475
v -3.202 		25.3247 		3.5907
v -3.202 		25.3154 		3.5992
v -3.202 		25.2056 		3.6157
v -3.202 		25.2278 		3.6122
v -3.202 		25.2051 		3.6156
v -3.202 		25.0826 		3.6004
v -3.202 		25.042 		3.5951
v -3.202 		24.8874 		3.5532
v -3.202 		24.8239 		3.5358
v -3.202 		24.576 		3.4445
v -3.202 		24.6492 		3.4714
v -3.269 		24.742 		2.769
v -3.202 		24.8267 		2.817
v -3.202 		24.576 		2.6108
v -3.203 		25.065 		3.026
v -3.202 		25.0663 		3.0267
v -3.202 		24.8303 		2.8202
v -0.228 		1.236 		-4.356
v -3.202 		25.0687 		3.029
v -3.202 		25.0663 		3.0268
v -3.202 		25.0688 		3.0291
v -0.218 		1.523 		-4.127
v -3.202 		25.0701 		3.0306
v 17.926 		41.298 		14.105
v -0.22 		0.993 		-4.556
v -0.033 		0.511 		-5.024
v -0.102 		0.553 		-4.961
v 22.914 		40.95 		15.15
v 12.261 		37.405 		11.361
v -0.138 		28.672 		4.9915
v -0.138 		28.6993 		5.014
v -0.138 		28.8688 		5.1627
v -0.138 		28.9383 		5.2235
v -0.138 		28.9402 		5.2253
v -7.565 		11.839 		-3.73
v -0.138 		29.0741 		5.3532
v -0.138 		29.1341 		5.4103
v -0.138 		29.1366 		5.4129
v -0.138 		29.2364 		5.5202
v -0.138 		29.2852 		5.5726
v -0.138 		29.3533 		5.6605
v -0.138 		29.3889 		5.7064
v -0.138 		29.4251 		5.772
v -0.138 		29.4457 		5.8102
v -0.138 		29.45 		5.8545
v -0.138 		29.4533 		5.8827
v -0.138 		29.4528 		5.883
v -0.138 		29.4278 		5.9046
v -0.138 		29.4094 		5.9203
v 11.964 		37.496 		10.831
v -0.138 		29.3127 		5.9217
v -0.138 		29.3552 		5.921
v -0.138 		29.3118 		5.9215
v -0.138 		29.1628 		5.8845
v -0.138 		29.2333 		5.9018
v -0.138 		29.1609 		5.8837
v -0.138 		29.0628 		5.8462
v 11.981 		37.814 		11.04
v -0.138 		28.9647 		5.8087
v -0.138 		28.8525 		5.757
v -0.138 		28.7303 		5.7001
v -0.138 		28.672 		5.6695
v -0.138 		28.4661 		5.5618
v 12.222 		37.108 		11.12
v -0.138 		28.6102 		5.637
v -0.138 		28.4515 		5.5536
v -0.138 		28.3396 		5.4902
v -0.138 		28.1764 		5.3976
v -0.138 		28.0481 		5.32
v -0.138 		27.8697 		5.2119
v -0.138 		27.7406 		5.1296
v -0.138 		27.7256 		5.12
v -0.138 		27.7041 		4.2471
v -0.138 		27.648 		4.2076
v -0.138 		27.7892 		4.3072
v -0.138 		28.0248 		4.4809
v -0.138 		28.1091 		4.543
v -0.138 		28.1096 		4.5435
v -0.138 		28.3355 		4.7188
v -0.138 		28.4184 		4.7833
v -0.138 		28.6216 		4.9501
v -0.138 		27.648 		5.0703
v 11.948 		36.933 		10.488
v -0.138 		27.4896 		4.096
v 11.953 		37.2 		10.646
v -0.138 		27.5512 		5.0083
v -0.138 		27.2253 		4.7902
v -0.138 		27.4229 		4.922
v -0.138 		27.1896 		4.7651
v -0.138 		27.0984 		4.7009
v -0.138 		26.8996 		4.5607
v -0.138 		26.7758 		4.4693
v -0.138 		26.624 		4.3571
v -0.138 		26.58 		4.3245
v -0.138 		26.459 		4.2306
v -0.138 		26.2853 		4.096
v -0.138 		26.7319 		3.6026
v -0.138 		26.8183 		3.6547
v -0.138 		26.8225 		3.6574
v -0.138 		26.624 		3.5374
v -0.138 		27.0507 		3.8036
v -0.138 		27.1373 		3.8589
v -0.138 		27.1451 		3.8641
v -0.138 		27.3763 		4.0189
v -0.138 		27.4625 		4.0769
v -0.138 		26.2701 		4.0842
v -0.138 		26.2638 		4.079
v -0.138 		26.1578 		3.992
v -0.138 		25.9895 		3.8536
v -0.138 		25.8905 		3.7667
v -0.138 		25.7504 		3.6436
v -0.138 		25.6883 		3.584
v -0.138 		25.8796 		3.131
v -0.138 		25.9579 		3.1675
v -0.138 		26.1401 		3.2623
v -0.138 		26.2232 		3.3056
v -0.138 		26.426 		3.4209
v -0.138 		26.5116 		3.4694
v -0.138 		26.5139 		3.4708
v -0.138 		25.6667 		3.5632
v -0.138 		25.6 		3.4998
v -0.156 		0.649 		-4.861
v -7.715 		11.851 		-3.739
v -7.849 		11.915 		-3.708
v -0.196 		0.797 		-4.725
v -7.966 		12.028 		-3.637
v -7.4 		11.884 		-3.676
v 17.882 		40.95 		13.866
v 17.707 		40.611 		14.21
v 17.672 		40.281 		13.952
v -0.138 		25.5547 		3.4567
v -0.138 		25.5441 		3.4455
v -0.138 		25.4861 		3.384
v -0.138 		25.4033 		3.2949
v -0.138 		25.354 		3.2314
v -0.138 		25.2991 		3.1612
v -0.138 		25.298 		3.1591
v -0.138 		25.271 		3.1089
v -0.138 		25.2511 		3.072
v 17.795 		40.305 		13.444
v -0.138 		25.7244 		3.0585
v -0.138 		25.7253 		3.0589
v 17.838 		40.617 		13.644
v 16.249 		8.07 		2.909
v -0.138 		25.6529 		3.0313
v -0.138 		25.6 		3.011
v -0.138 		25.243 		3.0569
v -0.138 		25.2429 		3.0567
v -0.138 		25.2392 		3.0185
v -0.138 		25.2353 		2.984
v -0.138 		25.2357 		2.9836
v 17.643 		39.99 		13.717
v -0.138 		25.2596 		2.9631
v -0.138 		25.2792 		2.9463
v -0.138 		25.3361 		2.9456
v -0.138 		25.376 		2.9454
v -0.138 		25.4678 		2.9683
v -0.138 		25.5259 		2.9827
v -0.138 		25.5274 		2.9832
v 16.223 		7.723 		2.665
v 34.643 		26.138 		14.079
v 34.765 		26.404 		14.303
v -0.138 		29.5148 		6.416
v 16.201 		7.388 		2.437
v 16.365 		6.207 		2.103
v 34.509 		25.904 		13.876
v 34.366 		25.706 		13.698
v 16.184 		7.069 		2.228
v -8.194 		12.627 		-3.213
v -8.224 		12.903 		-3.009
v -8.228 		13.21 		-2.778
v -8.204 		13.546 		-2.522
v 12.183 		36.85 		10.901
v 73.662 		17.217 		0
v 70.598 		17.217 		0
v 70.598 		38.92 		0
v 73.662 		38.92 		0
v 67.245 		26.19 		0
v 67.302 		24.979 		0
v 67.25 		23.758 		0
v 67.092 		22.627 		0
v 66.828 		21.587 		0
v 66.467 		20.633 		0
v 66.014 		19.784 		0
v 65.944 		30.121 		0
v 66.411 		29.287 		0
v 66.786 		28.355 		0
v 67.073 		27.317 		0
v 59.545 		32.921 		0
v 60.561 		32.981 		0
v 61.498 		32.92 		0
v 63.268 		29.045 		0
v 62.589 		29.746 		0
v 61.676 		30.169 		0
v 62.392 		32.739 		0
v 63.241 		32.436 		0
v 64.031 		32.026 		0
v 64.749 		31.499 		0
v 65.388 		30.857 		0
v 60.5 		30.314 		0
v 59.318 		30.169 		0
v 58.413 		29.747 		0
v 57.753 		29.047 		0
v 57.722 		32.437 		0
v 58.598 		32.739 		0
v 64.138 		24.978 		0
v 64.038 		26.67 		0
v 63.744 		28.028 		0
v 12.144 		36.634 		10.706
v 33.179 		26.336 		13.908
v 54.555 		29.283 		0
v 55.007 		30.118 		0
v 55.55 		30.855 		0
v 56.185 		31.499 		0
v 56.911 		32.028 		0
v 49.348 		30.857 		0
v 49.904 		30.121 		0
v 50.371 		29.287 		0
v 56.982 		26.67 		0
v 56.882 		24.978 		0
v 12.108 		36.461 		10.539
v 57.277 		28.028 		0
v 53.738 		24.978 		0
v 53.788 		26.187 		0
v 53.939 		27.31 		0
v 54.192 		28.349 		0
v 50.746 		28.355 		0
v 51.033 		27.317 		0
v 51.205 		26.19 		0
v 51.262 		24.979 		0
v 57.753 		20.87 		0
v 63.266 		20.868 		0
v 11.955 		36.508 		10.267
v 11.948 		36.7 		10.36
v -7.178 		27.251 		6.416
v -7.178 		27.251 		0
v -7.322 		29.017 		0
v -7.322 		29.017 		6.416
v -7.764 		30.472 		0
v -7.764 		30.472 		6.416
v -8.519 		31.59 		0
v -8.519 		31.59 		6.416
v -9.573 		32.37 		0
v -9.573 		32.37 		6.416
v -10.56 		28.936 		0
v -10.56 		28.936 		6.416
v -10.916 		29.544 		0
v -10.916 		29.544 		6.416
v -11.397 		29.966 		6.416
v -11.397 		29.966 		0
v -12.051 		30.225 		6.416
v -12.051 		30.225 		0
v -14.256 		32.718 		0
v -14.256 		32.718 		6.416
v -14.673 		32.57 		0
v -14.673 		32.57 		6.416
v -15.079 		32.387 		0
v -15.079 		32.387 		6.416
v -15.466 		32.159 		0
v -15.466 		32.159 		6.416
v -15.826 		31.904 		0
v -15.826 		31.904 		6.416
v -16.163 		31.622 		0
v -16.163 		31.622 		6.416
v -12.907 		30.316 		6.416
v -12.907 		30.316 		0
v 63.743 		21.91 		0
v 64.038 		23.281 		0
v 61.701 		19.729 		0
v 62.605 		20.157 		0
v 65.469 		19.04 		0
v 64.825 		18.405 		0
v 64.102 		17.879 		0
v 63.298 		17.46 		0
v 62.42 		17.168 		0
v 61.474 		16.994 		0
v 58.433 		20.158 		0
v 59.345 		19.729 		0
v 60.52 		19.582 		0
v 60.459 		16.936 		0
v 59.524 		16.994 		0
v 58.631 		17.168 		0
v 57.78 		17.461 		0
v 56.982 		23.281 		0
v 57.277 		21.91 		0
v 54.609 		20.63 		0
v 54.233 		21.584 		0
v 53.957 		22.624 		0
v 53.793 		23.756 		0
v 51.21 		23.758 		0
v 51.052 		22.627 		0
v 50.788 		21.587 		0
v 50.427 		20.633 		0
v 56.988 		17.88 		0
v 56.273 		18.406 		0
v 55.632 		19.039 		0
v 55.075 		19.781 		0
v 49.974 		19.784 		0
v 49.429 		19.04 		0
v 43.505 		32.921 		0
v 44.521 		32.981 		0
v 45.458 		32.92 		0
v 47.228 		29.045 		0
v 46.549 		29.746 		0
v 45.636 		30.169 		0
v 44.46 		30.314 		0
v 43.278 		30.169 		0
v 47.991 		32.026 		0
v 48.709 		31.499 		0
v 42.373 		29.747 		0
v 46.352 		32.739 		0
v 47.201 		32.436 		0
v 41.713 		29.047 		0
v 41.682 		32.437 		0
v 42.558 		32.739 		0
v 48.098 		24.978 		0
v 47.998 		26.67 		0
v 47.704 		28.028 		0
v 41.237 		28.028 		0
v 38.515 		29.283 		0
v 38.967 		30.118 		0
v 39.51 		30.855 		0
v 40.145 		31.499 		0
v 40.871 		32.028 		0
v 33.044 		31.534 		0
v 33.601 		30.902 		0
v 34.079 		30.173 		0
v 34.476 		29.338 		0
v 40.942 		26.67 		0
v 40.842 		24.978 		0
v 37.698 		24.978 		0
v 37.748 		26.187 		0
v 37.899 		27.31 		0
v 38.152 		28.349 		0
v 34.791 		28.4 		0
v 35.031 		27.36 		0
v 35.174 		26.218 		0
v 35.222 		24.978 		0
v 41.237 		21.91 		0
v 33.227 		26.076 		13.725
v 41.713 		20.87 		0
v 47.226 		20.868 		0
v 47.703 		21.91 		0
v 47.998 		23.281 		0
v -2.669 		4.034 		-4.194
v 42.393 		20.158 		0
v 43.305 		19.729 		0
v 44.48 		19.582 		0
v 45.661 		19.729 		0
v 46.565 		20.157 		0
v 43.484 		16.994 		0
v 42.591 		17.168 		0
v 41.74 		17.461 		0
v 48.785 		18.405 		0
v 48.062 		17.879 		0
v 47.258 		17.46 		0
v 46.38 		17.168 		0
v 45.434 		16.994 		0
v 44.419 		16.936 		0
v 40.942 		23.281 		0
v 38.569 		20.63 		0
v 38.193 		21.584 		0
v 37.917 		22.624 		0
v 37.753 		23.756 		0
v 33.295 		25.851 		13.573
v 35.174 		23.727 		0
v 35.031 		22.579 		0
v 34.791 		21.536 		0
v 34.476 		20.597 		0
v -2.754 		3.675 		-4.459
v 40.948 		17.88 		0
v 40.233 		18.406 		0
v 39.592 		19.039 		0
v 39.035 		19.781 		0
v 34.08 		19.756 		0
v 33.601 		19.016 		0
v 33.045 		18.381 		0
v 27.718 		32.769 		0
v 28.19 		32.886 		0
v 28.707 		32.957 		0
v 29.264 		32.98 		0
v 30.129 		32.922 		0
v 18.122 		38.92 		0
v 29.817 		30.171 		0
v 28.768 		30.315 		0
v -2.853 		3.322 		-4.717
v 31.243 		29.054 		0
v 30.627 		29.754 		0
v 30.947 		32.746 		0
v 31.71 		32.452 		0
v 32.412 		32.052 		0
v 24.793 		32.72 		0
v 25.0946 		31.0276 		0
v 24.98 		30.883 		0
v 25.221 		31.187 		0
v 25.482 		31.487 		0
v 25.783 		31.774 		0
v 26.112 		32.031 		0
v 26.469 		32.26 		0
v 26.856 		32.459 		0
v 27.273 		32.629 		0
v 24.847 		30.7 		0
v 28.169 		30.283 		0
v 27.631 		30.183 		0
v 27.161 		30.021 		0
v 26.758 		29.808 		0
v 26.417 		29.531 		0
v 26.128 		29.185 		0
v 25.885 		28.765 		0
v 33.384 		25.664 		13.453
v 25.153 		30.7 		0
v 25.687 		28.275 		0
v -2.965 		2.983 		-4.961
v 25.535 		27.712 		0
v 25.414 		27.059 		0
v 25.337 		26.333 		0
v 25.302 		25.532 		0
v 25.302 		24.982 		0
v 32.058 		24.998 		0
v 31.965 		26.682 		0
v 31.689 		28.036 		0
v 22.238 		32.72 		0
v 25.322 		24.108 		0
v 25.38 		23.312 		0
v 25.477 		22.591 		0
v 25.62 		21.952 		0
v 25.814 		21.395 		0
v 26.058 		20.916 		0
v 26.354 		20.508 		0
v 31.24 		20.917 		0
v 31.688 		21.977 		0
v 31.965 		23.339 		0
v 28.787 		19.581 		0
v 29.82 		19.733 		0
v 30.622 		20.173 		0
v 32.414 		17.857 		0
v 31.71 		17.445 		0
v 30.944 		17.161 		0
v 30.127 		16.992 		0
v 29.264 		16.936 		0
v 28.718 		16.957 		0
v -3.087 		2.664 		-5.189
v 34.06 		25.438 		13.432
v 34.215 		25.549 		13.549
v -13.558 		30.278 		6.416
v -13.558 		30.278 		0
v -3.217 		2.37 		-5.394
v -14.134 		30.167 		6.416
v -14.134 		30.167 		0
v -14.632 		29.984 		6.416
v -14.632 		29.984 		0
v -15.046 		29.745 		6.416
v -15.046 		29.745 		0
v -15.403 		29.435 		6.416
v -15.403 		29.435 		0
v -15.707 		29.051 		6.416
v -15.707 		29.051 		0
v -10.262 		27.087 		0
v -10.262 		27.087 		6.416
v -10.339 		28.122 		0
v -10.339 		28.122 		6.416
v -3.353 		2.108 		-5.573
v -15.952 		28.603 		6.416
v -15.952 		28.603 		0
v -16.152 		28.078 		6.416
v -16.152 		28.078 		0
v -16.304 		27.478 		6.416
v -16.304 		27.478 		0
v 33.902 		25.377 		13.353
v -3.202 		24.5608 		3.4389
v -3.202 		24.5588 		3.438
v -3.202 		24.2678 		3.3108
v -3.202 		24.3778 		3.3589
v -3.202 		24.2667 		3.3103
v -3.202 		24.0823 		3.22
v -3.202 		23.9511 		3.1557
v -3.202 		23.7948 		3.072
v -3.202 		24.5463 		2.5865
v -3.202 		24.5123 		2.56
v -3.202 		24.5537 		2.5925
v -3.493 		1.885 		-5.721
v -3.202 		23.7668 		3.057
v -3.769 		1.581 		-5.904
v -3.202 		23.6183 		2.9776
v -3.202 		23.9165 		2.1097
v -3.202 		23.8291 		2.048
v -3.343 		24.059 		2.245
v -3.202 		24.2372 		2.3461
v -3.202 		23.9272 		2.1176
v -3.202 		24.2392 		2.3477
v -4.093 		1.56 		-5.856
v -3.202 		24.2471 		2.3538
v -3.317 		24.401 		2.504
v -3.634 		1.705 		-5.834
v 12.073 		36.336 		10.402
v 12.041 		36.26 		10.297
v -3.892 		1.517 		-5.93
v -4 		1.511 		-5.913
v 16.173 		6.773 		2.043
v 16.168 		6.506 		1.884
v -3.202 		23.2756 		2.78
v -3.202 		23.439 		2.8742
v -3.202 		23.2748 		2.7795
v -3.202 		22.9288 		2.5673
v -3.202 		23.103 		2.6738
v 16.169 		6.273 		1.757
v -0.138 		17.217 		0
v -3.202 		17.217 		0
v -10.262 		17.217 		0
v 33.49 		25.519 		13.369
v -5.103 		7.817 		-3.042
v -6.013 		8.062 		-2.787
v -5.224 		8.189 		-2.745
v -5.153 		8.026 		-2.876
v -3.202 		22.9084 		2.554
v -3.202 		22.7628 		2.4595
v -3.202 		22.5853 		2.3432
v -3.202 		22.528 		2.3032
v -3.202 		22.2515 		2.1116
v -3.202 		22.4285 		2.234
v -3.202 		22.2319 		2.097
v -3.202 		22.1659 		2.048
v -3.202 		23.5912 		1.8802
v -3.202 		23.552 		1.8538
v -3.202 		23.6011 		1.8871
v -3.348 		23.732 		2.005
v -3.202 		22.7737 		1.3535
v -3.242 		22.896 		1.429
v -3.202 		22.9465 		1.4577
v -3.202 		22.9625 		1.4679
v -3.202 		22.9495 		1.4596
v -3.202 		22.766 		1.3491
v 27.048 		14.902 		7.944
v -3.296 		23.147 		1.594
v -3.202 		23.2658 		1.6614
v -3.202 		23.2729 		1.6662
v 27.146 		15.033 		8.087
v -3.332 		23.427 		1.787
v -3.202 		22.6241 		1.2677
v -3.202 		22.6207 		1.2658
v -3.202 		22.6243 		1.2677
v 26.646 		14.884 		7.731
v -7.178 		17.217 		0
v -16.498 		38.92 		0
v -19.562 		38.92 		0
v -32.308 		37.66 		0
v -24.841 		37.66 		0
v -21.563 		37.621 		0
v -16.498 		32.331 		0
v -16.5606 		31.2151 		0
v -16.781 		30.946 		0
v -16.943 		30.7 		0
v -16.411 		26.791 		0
v 16.293 		5.909 		1.798
v 16.328 		6.035 		1.936
v -16.476 		26.037 		0
v -16.498 		25.214 		0
v -16.59 		30.692 		0
v -16.487 		31.305 		0
v -29.148 		25.816 		0
v -29.015 		25.308 		0
v -28.881 		24.802 		0
v -27.709 		24.995 		0
v -27.615 		25.443 		0
v -16.498 		17.217 		0
v -19.562 		17.217 		0
v -28.617 		23.792 		0
v 26.844 		14.785 		7.759
v 17.621 		39.74 		13.505
v 26.946 		14.818 		7.834
v -28.49 		23.297 		0
v -28.366 		22.808 		0
v -28.138 		22.686 		0
v -28.057 		23.146 		0
v -27.977 		23.605 		0
v -27.897 		24.074 		0
v -27.802 		24.541 		0
v -28.261 		22.335 		0
v -28.2176 		22.1415 		0
v -28.263 		21.817 		0
v -28.319 		21.398 		0
v -28.37 		21.005 		0
v -28.417 		20.63 		0
v 26.742 		14.806 		7.724
v -28.169 		20.665 		0
v -27.92 		20.648 		0
v 17.605 		39.536 		13.321
v -27.987 		21.038 		0
v -28.064 		21.459 		0
v -28.203 		22.246 		0
v -28.161 		21.889 		0
v -28.748 		24.295 		0
v -26.645 		17.217 		0
v -29.671 		17.217 		0
v -33.854 		32.971 		0
v -33.8708 		33.0417 		0
v -33.78 		33.474 		0
v -33.68 		33.955 		0
v -33.88 		34.052 		0
v -35.433 		37.66 		0
v -34.077 		33.944 		0
v -33.97 		33.46 		0
v -33.885 		32.974 		0
v -46.258 		37.619 		0
v -43.004 		37.66 		0
v -33.172 		30.161 		0
v -33.292 		30.633 		0
v -33.412 		31.107 		0
v -33.533 		31.586 		0
v -33.649 		32.071 		0
v -33.756 		32.534 		0
v -34.306 		31.084 		0
v -34.427 		30.583 		0
v -33.981 		32.545 		0
v -34.08 		32.086 		0
v -34.186 		31.592 		0
v -34.547 		30.085 		0
v -39.927 		25.351 		0
v -39.822 		24.929 		0
v -38.785 		24.841 		0
v -38.67 		25.32 		0
v -38.552 		25.775 		0
v -39.535 		23.595 		0
v -39.454 		23.149 		0
v -39.382 		22.708 		0
v -39.721 		24.49 		0
v -39.624 		24.04 		0
v 16.209 		5.844 		1.597
v -39.197 		22.852 		0
v -39.1 		23.35 		0
v -39 		23.846 		0
v -38.895 		24.342 		0
v -39.305 		22.263 		0
v -39.2997 		22.232 		0
v -39.357 		21.899 		0
v -39.438 		21.447 		0
v 16.233 		5.811 		1.626
v -39.501 		21.019 		0
v -39.277 		22.364 		0
v -39.555 		20.629 		0
v 16.261 		5.834 		1.694
v -39.3 		20.665 		0
v -39.045 		20.634 		0
v -39.099 		21.012 		0
v -39.162 		21.406 		0
v -39.231 		21.828 		0
v -37.907 		17.217 		0
v -40.912 		17.217 		0
v 73.662 		38.92 		6.416
v 73.662 		17.217 		6.416
v 32.883 		44.497 		20.513
v 32.843 		44.697 		20.679
v 32.785 		44.849 		20.81
v 16.176 		6.081 		1.664
v 26.379 		15.639 		8.135
v 16.189 		5.935 		1.609
v 26.427 		15.393 		7.984
v -3.202 		21.9335 		1.8759
v -3.202 		22.1035 		2.0017
v -3.202 		21.9242 		1.8684
v -3.202 		21.7937 		1.7647
v -3.202 		21.6368 		1.6394
v -3.202 		21.5179 		1.536
v -3.202 		22.2776 		1.0828
v -3.202 		22.1575 		1.024
v -3.202 		22.2904 		1.0891
v 26.488 		15.182 		7.864
v -3.202 		21.504 		1.5239
v -3.202 		21.5131 		1.5318
v 26.561 		15.01 		7.779
v -3.202 		21.3811 		1.4171
v -3.202 		21.3796 		1.4157
v -3.202 		21.1753 		1.218
v -3.202 		21.2777 		1.3169
v -3.202 		21.1736 		1.2161
v -3.202 		21.0927 		1.1258
v -3.202 		21.0205 		1.0444
v -3.202 		21.0063 		1.024
v -3.202 		21.9739 		0.9341
v -3.202 		21.9517 		0.9245
v -3.202 		21.9753 		0.9348
v -3.202 		21.6815 		0.8059
v -3.202 		21.6507 		0.7946
v -3.202 		21.504 		0.7407
v 33.613 		25.421 		13.322
v 33.751 		25.372 		13.316
v -3.202 		20.992 		1.0034
v -3.202 		21.0361 		0.6285
v -3.202 		21.0078 		0.6331
v -3.202 		21.0375 		0.6287
v -3.202 		20.992 		0.6355
v -3.202 		21.1649 		0.6453
v -3.202 		21.1999 		0.6499
v -3.202 		21.3825 		0.6994
v -3.202 		21.418 		0.7091
v -3.202 		20.9178 		0.8983
v -3.202 		20.9629 		0.9617
v -3.202 		20.9165 		0.8951
v -3.202 		20.8878 		0.8284
v -3.202 		20.8683 		0.7823
v -3.202 		20.8712 		0.6975
v -3.202 		20.8704 		0.7275
v -3.202 		20.8715 		0.6972
v 17.754 		40.018 		13.268
v -3.202 		20.9089 		0.661
v -3.202 		20.9264 		0.6453
v 17.716 		39.765 		13.122
v 17.681 		39.55 		13.009
v 35.458 		42.581 		20.977
v 35.348 		42.645 		21.034
v 35.222 		42.654 		21.05
v 35.08 		42.607 		21.024
v 34.924 		42.501 		20.953
v 35.671 		42.095 		20.585
v 35.621 		42.304 		20.751
v 35.55 		42.467 		20.882
v 12.013 		36.238 		10.229
v 11.988 		36.27 		10.2
v 11.969 		36.361 		10.212
v 34.762 		42.34 		20.84
v 34.602 		42.133 		20.691
v 34.448 		41.888 		20.512
v 17.595 		39.378 		13.167
v 17.593 		39.269 		13.045
v 17.596 		39.213 		12.958
v 17.607 		39.211 		12.908
v 17.625 		39.266 		12.899
v 32.824 		43.279 		19.565
v 32.872 		43.633 		19.834
v 32.898 		43.962 		20.089
v 32.901 		44.251 		20.316
v 35.675 		41.218 		19.907
v 35.699 		41.549 		20.161
v 35.697 		41.842 		20.388
v 17.65 		39.38 		12.933
v -5.077 		7.564 		-3.239
v -5.075 		7.271 		-3.466
v -5.099 		6.94 		-3.72
v -5.149 		6.588 		-3.99
v -6.172 		7.856 		-2.935
v -6.845 		6.353 		-4.051
v -6.735 		6.696 		-3.793
v -6.611 		7.024 		-3.548
v -6.474 		7.33 		-3.321
v -6.326 		7.61 		-3.115
v -5.221 		6.232 		-4.26
v -7.088 		8.018 		-4.742
v 10.991 		7.245 		2.151
v 11.008 		7.3 		2.142
v 11.019 		7.298 		2.093
v 10.966 		7.13 		2.118
v 11.023 		7.241 		2.005
v 6.695 		36.531 		10.276
v 6.761 		36.582 		10.365
v -7.252 		7.796 		-4.916
v 6.827 		36.58 		10.417
v 6.889 		36.52 		10.428
v -7.421 		7.615 		-5.059
v -4.997 		21.09 		1.728
v 6.946 		36.406 		10.397
v 24.6715 		12.6985 		6.416
v 24.6716 		12.6989 		6.416
v 24.6639 		12.663 		6.416
v 24.6531 		12.616 		6.416
v 24.5767 		12.529 		6.416
v 24.6174 		12.5756 		6.416
v 24.576 		12.5285 		6.416
v -4.874 		20.991 		1.681
v -7.759 		7.402 		-5.232
v -7.91 		7.381 		-5.253
v -4.768 		20.847 		1.597
v -8.046 		7.414 		-5.231
v -8.164 		7.499 		-5.17
v 6.994 		36.243 		10.326
v -7.593 		7.481 		-5.167
v 24.6263 		12.7746 		6.416
v 24.576 		12.806 		6.416
v 24.6265 		12.7742 		6.416
v 24.6454 		12.7424 		6.416
v -4.68 		20.66 		1.477
v 34.301 		41.608 		20.306
v -5.444 		21.073 		1.618
v -5.287 		21.133 		1.697
v -5.135 		21.138 		1.734
v 6.628 		36.43 		10.153
v 7.033 		36.038 		10.219
v 6.499 		36.09 		9.817
v 6.562 		36.282 		9.999
v 6.439 		35.858 		9.61
v -5.894 		20.606 		1.174
v 34.163 		41.302 		20.079
v -5.75 		20.804 		1.353
v -5.6 		20.961 		1.502
v 34.039 		40.974 		19.834
v 31.857 		23.615 		13.621
v 31.786 		23.832 		13.756
v 12.354 		40.677 		13.356
v -5.314 		5.88 		-4.526
v 35.625 		40.866 		19.637
v 10.9 		6.746 		1.929
v 10.935 		6.96 		2.042
v 11.02 		7.133 		1.883
v -4.611 		20.434 		1.325
v 36.779 		39.011 		20.22
v 36.661 		39.096 		20.282
v -4.564 		20.175 		1.142
v -5.423 		5.537 		-4.783
v 36.526 		39.13 		20.303
v 36.374 		39.109 		20.283
v -5.548 		5.209 		-5.028
v 31.699 		24.01 		13.857
v 31.597 		24.145 		13.922
v 31.481 		24.233 		13.947
v 31.353 		24.269 		13.931
v 36.208 		39.03 		20.217
v -5.685 		4.902 		-5.256
v 31.219 		24.25 		13.873
v -5.832 		4.623 		-5.462
v -5.987 		4.377 		-5.641
v 35.226 		39.487 		18.599
v 35.351 		39.815 		18.843
v -7.059 		5.292 		-4.856
v -7.009 		5.645 		-4.587
v -6.937 		6 		-4.317
v 31.086 		24.178 		13.776
v 7.062 		35.797 		10.08
v 7.082 		35.524 		9.911
v 6.384 		35.588 		9.382
v -7.084 		4.961 		-5.111
v 35.46 		40.158 		19.101
v 35.553 		40.51 		19.367
v 11.011 		6.975 		1.729
v 10.995 		6.77 		1.545
v 30.956 		24.058 		13.645
v 33.929 		40.631 		19.576
v 10.82 		6.206 		1.607
v 10.861 		6.492 		1.782
v -4.539 		19.885 		0.933
v 7.092 		35.224 		9.717
v -4.538 		19.568 		0.698
v 7.092 		34.905 		9.5
v 10.972 		6.521 		1.334
v 10.943 		6.23 		1.098
v 6.293 		34.949 		8.875
v -7.082 		4.668 		-5.338
v 12.383 		40.7 		13.424
v 12.407 		40.667 		13.454
v 12.426 		40.576 		13.441
v -6.146 		4.17 		-5.79
v -6.028 		20.372 		0.971
v 12.44 		40.43 		13.387
v 30.831 		23.894 		13.483
v 6.335 		35.284 		9.136
v -7.005 		4.207 		-5.7
v -7.055 		4.416 		-5.535
v 31.912 		23.364 		13.456
v -4.209 		3.232 		-4.514
v 23.5985 		12.9698 		6.416
v 23.552 		12.9693 		6.416
v 23.8905 		12.958 		6.416
v 23.757 		12.9632 		6.416
v -4.141 		3.591 		-4.245
v 23.896 		12.9575 		6.416
v 24.0181 		12.9458 		6.416
v 24.1463 		12.9334 		6.416
v 24.2441 		12.9155 		6.416
v 24.3574 		12.8939 		6.416
v 24.5194 		12.8416 		6.416
v 24.4277 		12.8706 		6.416
v 24.5239 		12.8388 		6.416
v 24.5643 		12.8133 		6.416
v 24.5758 		12.5284 		6.416
v 24.5097 		12.4831 		6.416
v 24.4433 		12.4377 		6.416
v 24.2591 		12.3461 		6.416
v 24.3419 		12.3875 		6.416
v 24.2554 		12.3446 		6.416
v 24.1188 		12.2909 		6.416
v 24.1114 		12.288 		6.416
v 7.082 		34.57 		9.265
v 22.5529 		12.9192 		6.416
v 22.528 		12.9163 		6.416
v 22.5538 		12.9193 		6.416
v 22.8231 		12.9421 		6.416
v 22.9237 		12.9506 		6.416
v 23.2732 		12.9662 		6.416
v 33.837 		40.278 		19.31
v 10.734 		5.56 		1.184
v 10.777 		5.893 		1.406
v 33.765 		39.923 		19.04
v 33.715 		39.57 		18.771
v 33.69 		39.239 		18.516
v 35.089 		39.18 		18.371
v 10.69 		5.213 		0.945
v 31.964 		22.778 		13.045
v 31.947 		23.084 		13.263
v 33.692 		38.946 		18.289
v 10.909 		5.9 		0.841
v 10.869 		5.546 		0.574
v 10.828 		5.189 		0.313
v 10.565 		4.146 		0.165
v 10.605 		4.5 		0.432
v 10.646 		4.857 		0.693
v 10.784 		4.833 		0.061
v 23.1543 		12.9608 		6.416
v 23.2771 		12.9662 		6.416
v 23.4678 		12.9684 		6.416
v 22.288 		13.928 		7.75
v 22.24 		14.09 		7.821
v -4.562 		19.229 		0.44
v 22.184 		14.205 		7.852
v 22.121 		14.264 		7.841
v 22.056 		14.267 		7.789
v 21.989 		14.216 		7.7
v -4.612 		18.885 		0.174
v 12.288 		40.476 		13.115
v 12.322 		40.601 		13.252
v 12.447 		40.237 		13.294
v 12.447 		40.004 		13.166
v 30.714 		23.689 		13.295
v 21.923 		14.115 		7.577
v 21.857 		13.967 		7.423
v 7.06 		34.225 		9.014
v 22.357 		13.481 		7.504
v 22.327 		13.723 		7.643
v 7.028 		33.876 		8.751
v -6.348 		19.499 		0.253
v -6.257 		19.814 		0.507
v -6.15 		20.106 		0.747
v 21.793 		13.775 		7.241
v 12.442 		39.737 		13.008
v 30.607 		23.449 		13.084
v 12.431 		39.441 		12.822
v 22.377 		13.208 		7.335
v -4.283 		2.548 		-5.038
v -4.257 		2.878 		-4.784
v 12.415 		39.123 		12.613
v 30.511 		23.177 		12.854
v -4.286 		2.259 		-5.265
v 12.213 		40.087 		12.753
v 12.251 		40.303 		12.947
v -4.169 		1.662 		-5.76
v -4.228 		1.814 		-5.628
v -4.267 		2.014 		-5.463
v 30.429 		22.878 		12.608
v -6.464 		3.903 		-5.974
v -6.606 		3.856 		-6
v -6.308 		4.009 		-5.903
v 6.239 		34.256 		8.362
v 6.261 		34.6 		8.612
v 30.363 		22.556 		12.351
v -6.733 		3.866 		-5.984
v -6.843 		3.929 		-5.927
v 6.986 		33.542 		8.49
v -6.934 		4.044 		-5.831
v 6.937 		33.238 		8.244
v -8.262 		7.634 		-5.071
v -8.34 		7.813 		-4.936
v -8.395 		8.036 		-4.767
v 28.717 		45.957 		20.012
v -3.202 		17.217 		6.416
v 28.836 		45.517 		19.606
v 28.812 		45.714 		19.775
v 28.772 		45.861 		19.911
v 28.843 		45.275 		19.406
v 32.708 		44.951 		20.906
v 10.74 		4.486 		-0.178
v 32.615 		45 		20.963
v 32.507 		44.993 		20.98
v 32.385 		44.929 		20.954
v 10.697 		4.153 		-0.4
v 32.25 		44.805 		20.884
v 12.135 		39.532 		12.293
v 12.174 		39.829 		12.533
v 31.932 		22.109 		12.547
v 31.959 		22.452 		12.806
v 21.734 		13.543 		7.034
v 22.387 		12.589 		6.924
v 22.387 		12.909 		7.141
v 21.678 		13.273 		6.806
v -4.683 		18.553 		-0.088
v 21.629 		12.969 		6.56
v 22.4773 		12.9105 		6.416
v -0.138 		17.217 		6.416
v -7.178 		17.217 		6.416
v 10.502 		3.525 		-0.328
v 10.53 		3.816 		-0.092
v 10.654 		3.84 		-0.601
v 24.0289 		12.2559 		6.416
v 10.479 		3.276 		-0.539
v 10.613 		3.554 		-0.776
v 10.574 		3.3 		-0.923
v 32.108 		44.626 		20.771
v 6.229 		33.921 		8.126
v -6.493 		18.483 		-0.532
v -6.469 		18.823 		-0.275
v -6.419 		19.167 		-0.009
v 6.239 		33.302 		7.715
v 6.229 		33.601 		7.91
v 31.969 		44.402 		20.623
v -10.262 		17.217 		6.416
v -16.498 		38.92 		6.416
v -19.562 		38.92 		6.416
v -21.563 		37.621 		6.416
v -24.841 		37.66 		6.416
v -32.308 		37.66 		6.416
v -16.498 		32.331 		6.416
v -16.487 		31.305 		6.416
v -16.5606 		31.2151 		6.416
v -16.781 		30.946 		6.416
v -16.943 		30.7 		6.416
v -16.411 		26.791 		6.416
v -16.476 		26.037 		6.416
v -16.498 		25.214 		6.416
v -16.59 		30.692 		6.416
v -4.774 		18.238 		-0.342
v -28.881 		24.802 		6.416
v -29.148 		25.816 		6.416
v -29.015 		25.308 		6.416
v -27.615 		25.443 		6.416
v -27.709 		24.995 		6.416
v 10.451 		2.805 		-0.999
v -19.562 		17.217 		6.416
v 10.454 		2.913 		-0.877
v -16.498 		17.217 		6.416
v -28.366 		22.808 		6.416
v -28.49 		23.297 		6.416
v -28.617 		23.792 		6.416
v -27.802 		24.541 		6.416
v -27.897 		24.074 		6.416
v 10.463 		3.071 		-0.723
v -28.138 		22.686 		6.416
v -28.057 		23.146 		6.416
v -27.977 		23.605 		6.416
v -28.261 		22.335 		6.416
v -28.203 		22.246 		6.416
v -28.2176 		22.1415 		6.416
v -28.2176 		22.1415 		4.096
v -28.263 		21.817 		6.416
v -28.319 		21.398 		6.416
v -28.37 		21.005 		6.416
v -28.417 		20.63 		6.416
v -28.169 		20.665 		6.416
v -27.92 		20.648 		6.416
v 12.096 		39.2 		12.034
v -27.987 		21.038 		6.416
v -28.064 		21.459 		6.416
v -28.161 		21.889 		6.416
v 10.483 		2.801 		-1.145
v 10.466 		2.746 		-1.136
v 10.455 		2.748 		-1.086
v -28.2176 		22.1415 		2.048
v 10.539 		3.086 		-1.036
v 10.508 		2.916 		-1.112
v -4.881 		17.945 		-0.582
v -28.748 		24.295 		6.416
v -29.671 		17.217 		6.416
v -26.645 		17.217 		6.416
v -33.854 		32.971 		6.416
v -33.885 		32.974 		6.416
v -33.8708 		33.0417 		6.416
v 70.598 		38.92 		6.416
v 18.122 		38.92 		6.416
v -33.78 		33.474 		6.416
v -33.68 		33.955 		6.416
v -35.433 		37.66 		6.416
v -5.003 		17.68 		-0.806
v -33.88 		34.052 		6.416
v -34.077 		33.944 		6.416
v -33.97 		33.46 		6.416
v -43.004 		37.66 		6.416
v -46.258 		37.619 		6.416
v -33.756 		32.534 		6.416
v 37.04 		38.212 		19.618
v -33.649 		32.071 		6.416
v 37.01 		38.474 		19.818
v -33.533 		31.586 		6.416
v -33.412 		31.107 		6.416
v -33.292 		30.633 		6.416
v -33.172 		30.161 		6.416
v -34.547 		30.085 		6.416
v -34.306 		31.084 		6.416
v -34.427 		30.583 		6.416
v -34.186 		31.592 		6.416
v -33.981 		32.545 		6.416
v -34.08 		32.086 		6.416
v 36.955 		38.697 		19.986
v 36.878 		38.877 		20.121
v -39.822 		24.929 		6.416
v -39.927 		25.351 		6.416
v -38.552 		25.775 		6.416
v -38.67 		25.32 		6.416
v -38.785 		24.841 		6.416
v -39.454 		23.149 		6.416
v -39.382 		22.708 		6.416
v -39.535 		23.595 		6.416
v -39.624 		24.04 		6.416
v -39.721 		24.49 		6.416
v -38.895 		24.342 		6.416
v -39 		23.846 		6.416
v -39.1 		23.35 		6.416
v -39.197 		22.852 		6.416
v -39.305 		22.263 		6.416
v -39.2997 		22.232 		6.416
v -39.2997 		22.232 		4.096
v 23.7554 		12.1683 		6.416
v 23.8441 		12.1971 		6.416
v -39.357 		21.899 		6.416
v -39.438 		21.447 		6.416
v 23.7443 		12.1653 		6.416
v -39.277 		22.364 		6.416
v -39.501 		21.019 		6.416
v 23.5197 		12.1052 		6.416
v 23.4415 		12.0843 		6.416
v 23.1512 		12.0186 		6.416
v -39.555 		20.629 		6.416
v -39.3 		20.665 		6.416
v -39.045 		20.634 		6.416
v 23.0928 		12.0055 		6.416
v 6.882 		32.968 		8.016
v 22.7127 		11.9352 		6.416
v 22.7434 		11.9409 		6.416
v 22.7126 		11.9352 		6.416
v -5.137 		17.445 		-1.009
v -39.099 		21.012 		6.416
v -39.162 		21.406 		6.416
v -39.231 		21.828 		6.416
v 22.528 		11.9073 		6.416
v 22.3523 		11.8808 		6.416
v 22.355 		11.91 		6.438
v 22.3146 		11.8804 		6.416
v 22.3112 		11.8804 		6.416
v 22.2899 		11.8808 		6.416
v 22.3564 		11.8814 		6.416
v 22.376 		12.255 		6.689
v -39.2997 		22.232 		2.048
v 6.288 		32.787 		7.407
v 6.259 		33.029 		7.547
v -40.912 		17.217 		6.416
v -37.907 		17.217 		6.416
v 31.833 		44.14 		20.444
v 6.822 		32.735 		7.81
v 31.885 		21.768 		12.282
v 6.759 		32.544 		7.628
v 6.693 		32.395 		7.474
v 31.703 		43.847 		20.239
v 31.58 		43.527 		20.012
v 36.896 		36.88 		18.598
v 36.971 		37.229 		18.866
v 6.375 		32.42 		7.23
v 6.327 		32.583 		7.301
v 31.469 		43.188 		19.767
v 6.626 		32.294 		7.35
v 37.021 		37.579 		19.135
v 37.045 		37.913 		19.39
v 6.432 		32.306 		7.199
v 6.56 		32.244 		7.261
v 6.494 		32.246 		7.21
v -5.281 		17.247 		-1.187
v -5.431 		17.09 		-1.337
v -5.587 		16.979 		-1.453
v -5.744 		16.919 		-1.532
v 28.759 		44.304 		18.654
v 28.805 		44.659 		18.923
v 28.833 		44.988 		19.178
v -5.896 		16.913 		-1.569
v -6.034 		16.962 		-1.563
v 31.819 		21.446 		12.025
v 31.369 		42.836 		19.51
v 32.573 		42.208 		18.772
v 32.672 		42.56 		19.029
v 32.757 		42.919 		19.295
v 31.737 		21.147 		11.779
v 31.285 		42.477 		19.244
v 31.218 		42.117 		18.974
v 31.534 		20.635 		11.338
v 31.641 		20.875 		11.549
v 5.653 		5.55 		-0.066
v 5.702 		5.561 		-0.1
v 5.74 		5.515 		-0.173
v 5.767 		5.417 		-0.282
v 5.784 		5.267 		-0.426
v 5.455 		5.17 		-0.218
v 5.528 		5.354 		-0.124
v 32.461 		41.869 		18.527
v 5.595 		5.482 		-0.073
v 31.169 		41.763 		18.705
v 31.143 		41.434 		18.45
v 28.699 		43.943 		18.386
v 32.073 		40.994 		17.916
v 32.209 		41.256 		18.095
v 32.339 		41.549 		18.3
v -6.467 		17.877 		-0.977
v -6.492 		18.167 		-0.767
v 31.14 		41.145 		18.223
v 36.036 		38.895 		20.11
v 30.316 		22.214 		12.086
v 35.867 		38.714 		19.967
v 30.289 		21.872 		11.827
v 30.284 		21.546 		11.588
v 35.704 		38.492 		19.792
v -6.42 		17.617 		-1.16
v 35.549 		38.235 		19.591
v 5.228 		4.379 		-0.699
v 36.695 		32.276 		17.039
v 5.304 		4.677 		-0.509
v 36.769 		32.617 		17.305
v 5.38 		4.942 		-0.347
v 5.1711 		30.9068 		6.416
v 5.1932 		30.9317 		6.416
v 5.1932 		30.9318 		6.416
v 5.789 		5.07 		-0.601
v 5.12 		30.8489 		6.416
v 5.2053 		30.9914 		6.416
v 5.2101 		31.0135 		6.416
v 5.2099 		31.0139 		6.416
v 5.1772 		31.0709 		6.416
v 5.1659 		31.0904 		6.416
v 5.12 		31.1186 		6.416
v -6.157 		17.06 		-1.516
v -6.263 		17.205 		-1.432
v -6.351 		17.392 		-1.312
v 36.599 		31.946 		16.779
v 4.7496 		31.2361 		6.416
v 4.6852 		31.2483 		6.416
v 4.6838 		31.2484 		6.416
v 4.7715 		31.232 		6.416
v 4.5171 		31.2645 		6.416
v 4.4299 		31.2729 		6.416
v 4.4293 		31.273 		6.416
v 4.251 		31.2804 		6.416
v 4.138 		31.2848 		6.416
v 5.783 		4.826 		-0.806
v 4.096 		31.2844 		6.416
v 5.0587 		31.1563 		6.416
v 5.0586 		31.1563 		6.416
v 4.941 		31.1945 		6.416
v 4.8959 		31.2087 		6.416
v 34.879 		32.763 		17.185
v 4.917 		30.72 		6.416
v 4.9821 		30.7525 		6.416
v 5.0725 		30.8145 		6.416
v 5.1155 		30.8439 		6.416
v 5.1157 		30.8441 		6.416
v 5.0866 		31.1391 		6.416
v 4.096 		30.4299 		6.416
v 4.1107 		30.4339 		6.416
v 4.2942 		30.4837 		6.416
v 4.4295 		30.5267 		6.416
v 4.5676 		30.5703 		6.416
v 4.5705 		30.5715 		6.416
v 4.6987 		30.6223 		6.416
v 4.7986 		30.6617 		6.416
v 4.8003 		30.6625 		6.416
v 4.9135 		30.7183 		6.416
v 36.485 		31.634 		16.53
v 35.404 		37.948 		19.368
v -6.119 		15.08 		-1.114
v 30.301 		21.24 		11.37
v 2.054 		31.5 		7.272
v 28.649 		46 		20.075
v 28.567 		45.987 		20.097
v 28.473 		45.916 		20.078
v 2.127 		31.329 		7.186
v 28.369 		45.784 		20.014
v 28.258 		45.597 		19.909
v 28.147 		45.366 		19.767
v 2.189 		31.117 		7.066
v 2.237 		30.871 		6.915
v 28.037 		45.098 		19.594
v 30.336 		20.96 		11.177
v 1.669 		31.693 		7.216
v 1.772 		31.726 		7.291
v 1.873 		31.704 		7.326
v 1.969 		31.627 		7.319
v 35.274 		37.637 		19.126
v 35.159 		37.307 		18.872
v 5.764 		4.538 		-1.037
v 5.732 		4.209 		-1.294
v 35.063 		36.965 		18.608
v 34.805 		32.421 		16.919
v 30.391 		20.709 		11.012
v 30.462 		20.492 		10.877
v 34.754 		32.074 		16.651
v 5.155 		4.056 		-0.912
v 5.02 		3.36 		-1.393
v 5.085 		3.715 		-1.145
v 31.292 		20.266 		10.988
v 31.417 		20.43 		11.149
v 5.69 		3.854 		-1.561
v 34.942 		38.901 		18.165
v 5.638 		3.493 		-1.827
v 34.731 		31.738 		16.395
v 34.878 		29.305 		16.482
v 34.788 		38.655 		17.986
v 4.909 		2.639 		-1.917
v 4.961 		3 		-1.651
v 34.628 		38.448 		17.837
v 34.31 		38.181 		17.653
v 1.568 		31.609 		7.106
v 31.029 		20.074 		10.76
v 31.162 		20.146 		10.857
v 27.932 		44.798 		19.394
v 1.376 		31.302 		6.792
v 1.47 		31.478 		6.963
v 27.831 		44.473 		19.172
v 27.738 		44.129 		18.931
v 27.654 		43.773 		18.677
v 30.767 		20.091 		10.686
v 30.895 		20.055 		10.702
v 5.579 		3.133 		-2.085
v 28.541 		43.225 		17.868
v 4.866 		2.285 		-2.184
v 28.625 		43.581 		18.122
v 27.581 		43.411 		18.414
v 5.514 		2.778 		-2.333
v 34.772 		29.45 		16.567
v 34.649 		29.549 		16.613
v 34.511 		29.597 		16.619
v 1.288 		31.087 		6.595
v 34.36 		29.592 		16.582
v 30.549 		20.314 		10.776
v 34.202 		29.531 		16.503
v 34.047 		29.42 		16.387
v 2.271 		30.595 		6.736
v 2.29 		30.294 		6.531
v 27.521 		43.05 		18.146
v 30.651 		20.179 		10.711
v 3.9807 		30.399 		6.416
v 36.058 		30.852 		15.889
v 36.212 		31.082 		16.081
v 34.466 		38.287 		17.724
v 36.356 		31.344 		16.296
v 5.444 		2.437 		-2.566
v 33.84 		38.322 		17.795
v 5.371 		2.114 		-2.779
v 34.819 		30.915 		15.786
v 33.931 		38.207 		17.7
v 34.041 		38.143 		17.643
v 5.295 		1.817 		-2.969
v 34.168 		38.134 		17.627
v 4.816 		1.668 		-2.672
v 70.598 		17.217 		6.416
v 28.448 		42.881 		17.628
v 66.014 		19.784 		6.416
v 66.467 		20.633 		6.416
v 66.828 		21.587 		6.416
v 67.092 		22.627 		6.416
v 67.25 		23.758 		6.416
v 67.302 		24.979 		6.416
v 67.245 		26.19 		6.416
v 67.073 		27.317 		6.416
v 66.786 		28.355 		6.416
v 66.411 		29.287 		6.416
v 65.944 		30.121 		6.416
v 61.498 		32.92 		6.416
v 60.561 		32.981 		6.416
v 59.545 		32.921 		6.416
v 63.268 		29.045 		6.416
v 62.589 		29.746 		6.416
v 61.676 		30.169 		6.416
v 65.388 		30.857 		6.416
v 64.749 		31.499 		6.416
v 64.031 		32.026 		6.416
v 63.241 		32.436 		6.416
v 62.392 		32.739 		6.416
v 60.5 		30.314 		6.416
v 59.318 		30.169 		6.416
v 58.413 		29.747 		6.416
v 57.753 		29.047 		6.416
v 33.719 		38.694 		18.092
v 58.598 		32.739 		6.416
v 57.722 		32.437 		6.416
v 64.138 		24.978 		6.416
v 64.038 		26.67 		6.416
v 63.744 		28.028 		6.416
v 56.911 		32.028 		6.416
v 56.185 		31.499 		6.416
v 55.55 		30.855 		6.416
v 55.007 		30.118 		6.416
v 54.555 		29.283 		6.416
v 50.371 		29.287 		6.416
v 49.904 		30.121 		6.416
v 49.348 		30.857 		6.416
v 56.882 		24.978 		6.416
v 56.982 		26.67 		6.416
v 57.277 		28.028 		6.416
v 27.475 		42.695 		17.877
v 54.192 		28.349 		6.416
v 53.939 		27.31 		6.416
v 53.788 		26.187 		6.416
v 53.738 		24.978 		6.416
v 51.262 		24.979 		6.416
v 51.205 		26.19 		6.416
v 51.033 		27.317 		6.416
v 50.746 		28.355 		6.416
v 57.753 		20.87 		6.416
v 63.266 		20.868 		6.416
v 63.743 		21.91 		6.416
v 64.038 		23.281 		6.416
v 27.446 		42.366 		17.622
v 61.701 		19.729 		6.416
v 62.605 		20.157 		6.416
v 61.474 		16.994 		6.416
v 62.42 		17.168 		6.416
v 63.298 		17.46 		6.416
v 64.102 		17.879 		6.416
v 64.825 		18.405 		6.416
v 65.469 		19.04 		6.416
v 58.433 		20.158 		6.416
v 59.345 		19.729 		6.416
v 60.52 		19.582 		6.416
v 58.631 		17.168 		6.416
v 59.524 		16.994 		6.416
v 60.459 		16.936 		6.416
v 57.78 		17.461 		6.416
v 56.982 		23.281 		6.416
v 57.277 		21.91 		6.416
v 53.793 		23.756 		6.416
v 53.957 		22.624 		6.416
v 54.233 		21.584 		6.416
v 54.609 		20.63 		6.416
v 50.427 		20.633 		6.416
v 50.788 		21.587 		6.416
v 51.052 		22.627 		6.416
v 51.21 		23.758 		6.416
v 55.075 		19.781 		6.416
v 55.632 		19.039 		6.416
v 56.273 		18.406 		6.416
v 56.988 		17.88 		6.416
v 49.429 		19.04 		6.416
v 49.974 		19.784 		6.416
v 45.458 		32.92 		6.416
v 44.521 		32.981 		6.416
v 43.505 		32.921 		6.416
v 47.228 		29.045 		6.416
v 46.549 		29.746 		6.416
v 45.636 		30.169 		6.416
v 44.46 		30.314 		6.416
v 48.709 		31.499 		6.416
v 47.991 		32.026 		6.416
v 43.278 		30.169 		6.416
v 42.373 		29.747 		6.416
v 47.201 		32.436 		6.416
v 46.352 		32.739 		6.416
v 41.713 		29.047 		6.416
v 28.133 		41.987 		17.033
v 42.558 		32.739 		6.416
v 41.682 		32.437 		6.416
v 48.098 		24.978 		6.416
v 28.242 		42.256 		17.206
v 47.998 		26.67 		6.416
v 47.704 		28.028 		6.416
v 41.237 		28.028 		6.416
v 40.145 		31.499 		6.416
v 39.51 		30.855 		6.416
v 38.967 		30.118 		6.416
v 38.515 		29.283 		6.416
v 40.871 		32.028 		6.416
v 34.476 		29.338 		6.416
v 34.079 		30.173 		6.416
v 33.601 		30.902 		6.416
v 33.044 		31.534 		6.416
v 40.842 		24.978 		6.416
v 40.942 		26.67 		6.416
v 28.348 		42.556 		17.406
v 38.152 		28.349 		6.416
v 37.899 		27.31 		6.416
v 37.748 		26.187 		6.416
v 37.698 		24.978 		6.416
v 35.222 		24.978 		6.416
v 35.174 		26.218 		6.416
v 35.031 		27.36 		6.416
v 34.791 		28.4 		6.416
v 41.237 		21.91 		6.416
v 41.713 		20.87 		6.416
v 47.226 		20.868 		6.416
v 47.703 		21.91 		6.416
v 47.998 		23.281 		6.416
v 42.393 		20.158 		6.416
v 27.436 		42.079 		17.393
v 43.305 		19.729 		6.416
v 44.48 		19.582 		6.416
v 45.661 		19.729 		6.416
v 46.565 		20.157 		6.416
v 41.74 		17.461 		6.416
v 42.591 		17.168 		6.416
v 43.484 		16.994 		6.416
v 44.419 		16.936 		6.416
v 45.434 		16.994 		6.416
v 46.38 		17.168 		6.416
v 47.258 		17.46 		6.416
v 48.062 		17.879 		6.416
v 48.785 		18.405 		6.416
v 40.942 		23.281 		6.416
v 37.753 		23.756 		6.416
v 37.917 		22.624 		6.416
v 38.193 		21.584 		6.416
v 38.569 		20.63 		6.416
v 34.476 		20.597 		6.416
v 34.791 		21.536 		6.416
v 35.031 		22.579 		6.416
v 35.174 		23.727 		6.416
v 39.035 		19.781 		6.416
v 39.592 		19.039 		6.416
v 40.233 		18.406 		6.416
v 40.948 		17.88 		6.416
v 33.045 		18.381 		6.416
v 33.601 		19.016 		6.416
v 34.08 		19.756 		6.416
v 30.129 		32.922 		6.416
v 29.264 		32.98 		6.416
v 28.707 		32.957 		6.416
v 28.19 		32.886 		6.416
v 27.718 		32.769 		6.416
v 28.768 		30.315 		6.416
v 29.817 		30.171 		6.416
v 31.243 		29.054 		6.416
v 30.627 		29.754 		6.416
v 32.412 		32.052 		6.416
v 31.71 		32.452 		6.416
v 30.947 		32.746 		6.416
v 24.793 		32.72 		6.416
v 24.98 		30.883 		6.416
v 25.0946 		31.0276 		6.416
v 25.783 		31.774 		6.416
v 25.482 		31.487 		6.416
v 25.221 		31.187 		6.416
v 27.273 		32.629 		6.416
v 26.856 		32.459 		6.416
v 26.469 		32.26 		6.416
v 26.112 		32.031 		6.416
v 24.847 		30.7 		6.416
v 28.169 		30.283 		6.416
v 27.631 		30.183 		6.416
v 27.161 		30.021 		6.416
v 26.758 		29.808 		6.416
v 26.417 		29.531 		6.416
v 26.128 		29.185 		6.416
v 25.885 		28.765 		6.416
v 25.153 		30.7 		6.416
v 25.687 		28.275 		6.416
v 25.535 		27.712 		6.416
v 25.414 		27.059 		6.416
v 25.337 		26.333 		6.416
v 33.769 		38.485 		17.927
v 25.302 		25.532 		6.416
v 25.302 		24.982 		6.416
v 32.058 		24.998 		6.416
v 31.965 		26.682 		6.416
v 31.689 		28.036 		6.416
v 22.238 		32.72 		6.416
v 25.322 		24.108 		6.416
v 25.38 		23.312 		6.416
v 25.477 		22.591 		6.416
v 25.62 		21.952 		6.416
v 25.814 		21.395 		6.416
v 26.058 		20.916 		6.416
v 26.354 		20.508 		6.416
v 31.24 		20.917 		6.416
v 31.688 		21.977 		6.416
v 31.965 		23.339 		6.416
v 28.787 		19.581 		6.416
v 29.82 		19.733 		6.416
v 30.622 		20.173 		6.416
v 28.718 		16.957 		6.416
v 29.264 		16.936 		6.416
v 30.127 		16.992 		6.416
v 30.944 		17.161 		6.416
v 31.71 		17.445 		6.416
v 32.414 		17.857 		6.416
v 26.704 		20.182 		6.416
v 27.116 		19.929 		6.416
v 27.598 		19.737 		6.416
v 28.158 		19.62 		6.416
v 25.24 		18.623 		6.416
v 25.167 		19.103 		6.416
v 25.194 		18.81 		6.416
v 25.2081 		18.6594 		6.416
v 24.855 		19.077 		6.416
v 25.155 		19.09 		6.416
v 25.221 		18.522 		6.416
v 24.991 		18.907 		6.416
v 26.494 		17.614 		6.416
v 26.875 		17.419 		6.416
v 27.288 		17.255 		6.416
v 27.725 		17.126 		6.416
v 28.205 		17.021 		6.416
v 25.51 		18.342 		6.416
v 25.809 		18.071 		6.416
v 26.139 		17.827 		6.416
v 25.237 		18.29 		6.416
v 25.256 		18.054 		6.416
v 25.302 		17.2 		6.416
v 25.3 		17.368 		6.416
v 25.293 		17.566 		6.416
v 25.281 		17.8 		6.416
v 22.528 		16.384 		6.416
v 28.022 		41.756 		16.891
v 27.713 		41.367 		16.702
v 27.806 		41.438 		16.722
v 27.911 		41.57 		16.785
v 27.444 		41.836 		17.193
v 27.468 		41.64 		17.024
v 27.508 		41.493 		16.889
v 27.562 		41.396 		16.788
v 34.735 		31.43 		16.164
v 27.631 		41.354 		16.725
v 34.765 		31.155 		15.96
v 36.679 		34.324 		18.579
v 36.582 		34.483 		18.687
v 35.896 		30.66 		15.725
v 36.465 		34.596 		18.758
v 36.331 		34.66 		18.79
v 36.18 		34.671 		18.78
v 36.016 		34.626 		18.726
v 35.845 		34.527 		18.631
v 35.729 		30.512 		15.593
v 35.394 		30.367 		15.444
v 36.756 		34.123 		18.437
v 35.558 		30.412 		15.497
v 34.895 		30.714 		15.644
v 35.678 		34.378 		18.498
v 36.554 		35.897 		17.838
v 36.685 		36.208 		18.079
v 31.933 		40.77 		17.768
v 36.8 		36.538 		18.334
v 31.792 		40.591 		17.655
v 31.159 		40.899 		18.026
v 34.988 		36.616 		18.339
v 31.198 		40.699 		17.86
v 34.937 		36.265 		18.07
v 31.257 		40.547 		17.728
v 34.914 		35.932 		17.815
v 36.255 		35.352 		17.413
v 36.41 		35.61 		17.614
v 31.657 		40.467 		17.584
v 31.333 		40.445 		17.633
v 27.296 		18.944 		10.946
v 27.2 		19.021 		10.953
v 27.098 		19.043 		10.918
v 26.996 		19.01 		10.843
v 25.0946 		31.0276 		4.096
v 25.0946 		31.0276 		2.048
v 27.454 		18.646 		10.813
v 27.381 		18.817 		10.898
v 27.515 		18.434 		10.693
# 2300 vertices

g group_0_2829873

usemtl color_2829873
s 0

f 2231 	27 	12
f 11 	32 	12
f 39 	2244 	2243
f 2244 	39 	2237
f 2250 	44 	47
f 25 	2245 	46
f 26 	20 	11
f 27 	2231 	28
f 26 	11 	25
f 12 	25 	11
f 11 	12 	27
f 11 	27 	26
f 31 	2233 	32
f 2236 	12 	32
f 32 	11 	26
f 33 	2237 	40
f 2219 	2241 	1094
f 2242 	2229 	37
f 2243 	2242 	38
f 38 	2242 	37
f 2243 	38 	39
f 40 	2237 	39
f 42 	2248 	41
f 2248 	42 	43
f 44 	2250 	43
f 2245 	47 	46
f 2205 	1075 	56
f 52 	1075 	54
f 73 	1075 	74
f 54 	1075 	65
f 51 	1075 	52
f 56 	1075 	51
f 65 	1075 	70
f 70 	1075 	72
f 77 	217 	78
f 78 	217 	79
f 79 	217 	80
f 81 	80 	217
f 82 	217 	83
f 83 	217 	77
f 89 	1075 	92
f 86 	1075 	87
f 74 	1075 	86
f 72 	1075 	73
f 87 	1075 	88
f 88 	1075 	89
f 92 	1075 	97
f 97 	1075 	98
f 98 	237 	100
f 102 	237 	103
f 103 	237 	104
f 111 	217 	112
f 112 	217 	113
f 82 	113 	217
f 114 	217 	115
f 115 	217 	116
f 111 	116 	217
f 101 	237 	102
f 104 	237 	118
f 118 	237 	119
f 134 	122 	237
f 119 	237 	120
f 120 	237 	121
f 127 	217 	123
f 123 	217 	114
f 126 	217 	127
f 126 	125 	217
f 55 	217 	125
f 101 	100 	237
f 122 	121 	237
f 69 	139 	237
f 134 	237 	135
f 136 	135 	237
f 137 	136 	237
f 139 	137 	237
f 41 	2247 	239
f 242 	243 	244
f 242 	244 	245
f 564 	241 	240
f 246 	248 	249
f 246 	249 	247
f 248 	250 	251
f 248 	251 	249
f 250 	252 	253
f 250 	253 	251
f 252 	254 	255
f 252 	255 	253
f 254 	256 	257
f 254 	257 	255
f 256 	258 	259
f 256 	259 	257
f 258 	243 	242
f 258 	242 	259
f 260 	262 	263
f 260 	263 	261
f 264 	265 	263
f 264 	263 	262
f 265 	264 	267
f 266 	267 	264
f 268 	246 	269
f 247 	269 	246
f 271 	245 	270
f 244 	270 	245
f 270 	272 	273
f 270 	273 	271
f 272 	274 	275
f 272 	275 	273
f 277 	268 	276
f 269 	276 	268
f 277 	276 	278
f 277 	278 	279
f 279 	278 	280
f 279 	280 	281
f 281 	280 	282
f 281 	282 	283
f 283 	282 	284
f 283 	284 	285
f 285 	284 	286
f 285 	286 	287
f 287 	286 	288
f 287 	288 	289
f 289 	288 	290
f 289 	290 	291
f 291 	290 	292
f 291 	292 	293
f 293 	292 	294
f 293 	294 	295
f 295 	294 	296
f 295 	296 	297
f 240 	565 	564
f 301 	299 	300
f 298 	300 	299
f 302 	304 	300
f 304 	305 	300
f 314 	563 	315
f 317 	563 	316
f 316 	563 	314
f 323 	325 	300
f 325 	303 	300
f 303 	302 	300
f 305 	301 	300
f 326 	328 	300
f 327 	326 	300
f 330 	329 	300
f 328 	330 	300
f 329 	331 	300
f 332 	324 	300
f 331 	332 	300
f 323 	300 	324
f 342 	300 	343
f 327 	300 	342
f 344 	345 	563
f 319 	318 	563
f 319 	563 	317
f 345 	347 	563
f 344 	563 	318
f 346 	348 	563
f 349 	350 	563
f 348 	349 	563
f 350 	352 	563
f 353 	562 	351
f 352 	351 	563
f 354 	562 	355
f 359 	300 	357
f 357 	300 	358
f 360 	300 	359
f 356 	358 	300
f 361 	300 	360
f 362 	300 	361
f 343 	300 	362
f 347 	346 	563
f 355 	562 	353
f 356 	300 	354
f 408 	275 	407
f 274 	407 	275
f 298 	299 	418
f 417 	418 	299
f 300 	562 	354
f 563 	351 	562
f 407 	409 	410
f 407 	410 	408
f 409 	411 	412
f 409 	412 	410
f 411 	413 	414
f 411 	414 	412
f 413 	415 	416
f 413 	416 	414
f 415 	418 	417
f 415 	417 	416
f 417 	419 	420
f 417 	420 	418
f 420 	419 	421
f 420 	421 	422
f 296 	423 	424
f 296 	424 	297
f 425 	422 	421
f 425 	421 	426
f 417 	418 	425
f 417 	425 	426
f 550 	424 	549
f 423 	549 	424
f 550 	549 	551
f 550 	551 	552
f 552 	551 	553
f 552 	553 	554
f 554 	553 	555
f 554 	555 	556
f 556 	555 	557
f 556 	557 	558
f 558 	557 	559
f 558 	559 	560
f 560 	559 	566
f 565 	48 	564
f 49 	564 	48
f 566 	567 	563
f 566 	563 	562
f 559 	567 	566
f 587 	619 	588
f 589 	588 	619
f 623 	592 	591
f 593 	592 	623
f 625 	594 	593
f 596 	594 	625
f 569 	267 	599
f 569 	599 	570
f 600 	570 	599
f 570 	600 	571
f 602 	572 	571
f 573 	572 	603
f 602 	603 	572
f 573 	603 	574
f 604 	574 	603
f 604 	575 	574
f 576 	575 	607
f 577 	576 	608
f 607 	608 	576
f 577 	608 	578
f 609 	578 	608
f 578 	610 	580
f 610 	581 	580
f 583 	581 	612
f 584 	583 	614
f 612 	614 	583
f 614 	585 	584
f 599 	267 	266
f 600 	601 	571
f 601 	602 	571
f 604 	605 	575
f 605 	607 	575
f 609 	610 	578
f 581 	610 	611
f 611 	612 	581
f 614 	615 	585
f 618 	587 	617
f 586 	617 	587
f 618 	619 	587
f 589 	619 	620
f 620 	621 	590
f 620 	590 	589
f 591 	590 	622
f 621 	622 	590
f 622 	623 	591
f 593 	623 	624
f 624 	625 	593
f 596 	625 	626
f 626 	260 	261
f 626 	261 	596
f 585 	615 	597
f 627 	597 	615
f 586 	597 	617
f 627 	617 	597
f 628 	630 	631
f 628 	631 	629
f 630 	632 	633
f 630 	633 	631
f 632 	634 	635
f 632 	635 	633
f 634 	636 	637
f 634 	637 	635
f 638 	639 	640
f 638 	640 	641
f 653 	641 	652
f 640 	648 	641
f 654 	641 	653
f 672 	674 	640
f 646 	640 	644
f 642 	644 	640
f 645 	640 	646
f 647 	649 	640
f 645 	647 	640
f 650 	641 	648
f 652 	641 	650
f 648 	640 	649
f 641 	654 	655
f 657 	656 	641
f 655 	657 	641
f 1614 	641 	656
f 1614 	656 	658
f 658 	659 	1614
f 659 	660 	1614
f 660 	661 	1614
f 661 	662 	1614
f 662 	664 	1614
f 1123 	1614 	663
f 666 	670 	640
f 669 	640 	670
f 673 	672 	640
f 669 	673 	640
f 643 	640 	676
f 674 	676 	640
f 642 	640 	643
f 638 	697 	639
f 639 	684 	683
f 684 	639 	685
f 685 	639 	686
f 686 	639 	687
f 687 	639 	689
f 689 	639 	690
f 690 	639 	691
f 691 	639 	692
f 692 	639 	693
f 693 	639 	694
f 694 	639 	695
f 695 	639 	696
f 702 	701 	816
f 696 	639 	697
f 697 	638 	698
f 698 	638 	699
f 638 	816 	699
f 700 	699 	816
f 701 	700 	816
f 702 	816 	705
f 704 	705 	816
f 704 	816 	706
f 706 	816 	708
f 707 	816 	709
f 710 	816 	712
f 816 	1637 	712
f 713 	712 	1637
f 714 	713 	1637
f 708 	816 	707
f 709 	816 	710
f 716 	718 	1637
f 715 	714 	1637
f 716 	1637 	719
f 719 	1637 	720
f 720 	1637 	721
f 721 	1637 	722
f 722 	1637 	723
f 723 	1637 	724
f 725 	724 	1637
f 726 	639 	728
f 729 	639 	730
f 728 	639 	729
f 730 	639 	731
f 731 	639 	732
f 732 	639 	733
f 733 	639 	734
f 683 	734 	639
f 1637 	735 	725
f 639 	727 	737
f 735 	1637 	739
f 747 	746 	1637
f 739 	1637 	741
f 741 	1637 	740
f 740 	1637 	742
f 742 	1637 	743
f 743 	1637 	744
f 744 	1637 	745
f 718 	715 	1637
f 759 	749 	1637
f 749 	748 	1637
f 747 	1637 	748
f 745 	1637 	746
f 750 	753 	639
f 726 	727 	639
f 751 	750 	639
f 772 	639 	753
f 751 	639 	752
f 752 	639 	754
f 755 	754 	639
f 755 	639 	756
f 756 	639 	757
f 757 	639 	758
f 737 	758 	639
f 760 	1637 	761
f 759 	1637 	760
f 761 	1637 	762
f 762 	1637 	763
f 765 	764 	1637
f 763 	1637 	764
f 795 	639 	766
f 770 	639 	771
f 766 	639 	767
f 767 	639 	768
f 768 	639 	769
f 769 	639 	770
f 771 	639 	772
f 773 	1637 	774
f 784 	774 	1637
f 765 	1637 	773
f 827 	828 	829
f 827 	829 	830
f 837 	920 	836
f 836 	920 	835
f 835 	921 	834
f 834 	921 	833
f 832 	833 	859
f 851 	852 	845
f 860 	861 	840
f 840 	841 	860
f 831 	860 	841
f 844 	853 	843
f 843 	853 	842
f 849 	850 	846
f 850 	851 	846
f 847 	849 	846
f 845 	846 	851
f 849 	847 	848
f 861 	845 	838
f 852 	838 	845
f 838 	839 	861
f 853 	844 	847
f 854 	842 	853
f 855 	857 	854
f 848 	847 	844
f 866 	867 	856
f 857 	855 	868
f 858 	854 	857
f 842 	854 	858
f 859 	860 	831
f 839 	840 	861
f 879 	864 	875
f 868 	855 	867
f 855 	856 	867
f 865 	866 	856
f 871 	971 	870
f 880 	971 	871
f 870 	956 	869
f 962 	957 	961
f 875 	872 	879
f 878 	879 	872
f 856 	875 	865
f 864 	865 	875
f 877 	878 	872
f 872 	873 	877
f 876 	877 	873
f 882 	970 	881
f 883 	969 	882
f 880 	881 	970
f 884 	950 	938
f 787 	786 	1637
f 784 	1637 	785
f 786 	785 	1637
f 787 	1637 	788
f 790 	1637 	791
f 789 	1637 	790
f 791 	1637 	792
f 794 	798 	639
f 795 	794 	639
f 799 	639 	798
f 788 	1637 	789
f 1160 	803 	1637
f 802 	1637 	803
f 792 	1637 	800
f 800 	1637 	801
f 801 	1637 	802
f 803 	1160 	804
f 804 	1160 	806
f 806 	1160 	807
f 810 	809 	639
f 1160 	639 	807
f 808 	807 	639
f 809 	808 	639
f 810 	639 	811
f 811 	639 	812
f 799 	812 	639
f 890 	891 	888
f 890 	888 	889
f 892 	893 	891
f 892 	891 	890
f 893 	892 	895
f 892 	894 	895
f 894 	896 	897
f 894 	897 	895
f 896 	628 	629
f 896 	629 	897
f 900 	898 	899
f 900 	899 	901
f 900 	901 	902
f 900 	902 	903
f 903 	902 	904
f 903 	904 	905
f 907 	637 	906
f 636 	906 	637
f 906 	908 	909
f 906 	909 	907
f 908 	910 	911
f 908 	911 	909
f 910 	912 	913
f 910 	913 	911
f 912 	914 	915
f 912 	915 	913
f 914 	916 	917
f 914 	917 	915
f 919 	905 	918
f 904 	918 	905
f 921 	835 	920
f 885 	920 	837
f 859 	833 	921
f 831 	832 	859
f 923 	927 	922
f 923 	885 	925
f 926 	923 	925
f 927 	923 	926
f 928 	922 	927
f 929 	922 	928
f 924 	925 	885
f 837 	924 	885
f 934 	935 	931
f 931 	936 	930
f 929 	933 	932
f 922 	929 	932
f 931 	932 	934
f 934 	932 	933
f 947 	930 	936
f 935 	936 	931
f 939 	940 	938
f 937 	938 	940
f 940 	941 	937
f 941 	942 	937
f 873 	937 	942
f 873 	942 	876
f 946 	996 	945
f 944 	945 	997
f 949 	884 	948
f 950 	884 	949
f 939 	938 	950
f 884 	930 	948
f 947 	948 	930
f 1007 	995 	952
f 955 	959 	954
f 954 	959 	953
f 957 	962 	956
f 958 	965 	957
f 959 	955 	958
f 960 	953 	959
f 869 	956 	962
f 955 	964 	958
f 965 	958 	964
f 961 	957 	965
f 963 	967 	960
f 975 	976 	966
f 968 	960 	967
f 953 	960 	968
f 970 	882 	969
f 997 	969 	943
f 956 	870 	971
f 970 	971 	880
f 972 	982 	987
f 977 	963 	976
f 963 	966 	976
f 967 	963 	977
f 974 	975 	966
f 980 	1040 	979
f 981 	1074 	980
f 988 	1074 	981
f 1013 	1017 	983
f 973 	974 	972
f 987 	973 	972
f 986 	987 	982
f 966 	972 	974
f 985 	986 	982
f 982 	983 	985
f 984 	985 	983
f 990 	1073 	989
f 997 	945 	996
f 946 	951 	996
f 995 	996 	951
f 883 	943 	969
f 943 	944 	997
f 1000 	1006 	999
f 1002 	1011 	1001
f 1001 	1004 	1000
f 1008 	1009 	1003
f 1004 	1005 	1000
f 1005 	1006 	1000
f 1024 	999 	1006
f 1010 	1002 	1009
f 1002 	1003 	1009
f 1011 	1002 	1010
f 1012 	1001 	1011
f 1004 	1001 	1012
f 1007 	1008 	1003
f 1007 	1003 	995
f 951 	952 	995
f 1017 	1013 	1016
f 984 	983 	1017
f 1015 	1016 	1013
f 1013 	992 	1015
f 1014 	1015 	992
f 994 	1027 	992
f 1021 	1085 	1020
f 1085 	1072 	1019
f 1020 	1085 	1019
f 1027 	994 	1026
f 1025 	1026 	994
f 1014 	992 	1027
f 994 	999 	1025
f 1024 	1025 	999
f 1030 	1083 	1029
f 1028 	1029 	1083
f 1033 	1038 	1032
f 1034 	1038 	1033
f 1051 	1052 	1058
f 1041 	978 	1040
f 1034 	1035 	1037
f 1038 	1034 	1037
f 1035 	1042 	1037
f 1042 	1043 	1037
f 1041 	1037 	1043
f 1043 	1044 	1041
f 978 	1041 	1044
f 979 	1040 	978
f 1050 	1051 	1058
f 1049 	1050 	1058
f 1052 	1053 	1057
f 1053 	1054 	1057
f 1056 	1057 	1054
f 1054 	1031 	1056
f 1031 	1032 	1056
f 1056 	1032 	1038
f 1060 	1064 	1059
f 1061 	1064 	1060
f 1058 	1059 	1064
f 1061 	1062 	1064
f 1068 	1069 	1075
f 1064 	1062 	1055
f 1069 	1070 	1075
f 1071 	1076 	1075
f 1057 	1058 	1052
f 1064 	1046 	1058
f 1046 	1048 	1058
f 1048 	1049 	1058
f 1067 	1055 	1065
f 1065 	1055 	1062
f 1070 	1071 	1075
f 1076 	1077 	1075
f 1073 	990 	1072
f 990 	991 	1072
f 1074 	988 	1073
f 1040 	980 	1074
f 988 	989 	1073
f 1045 	1046 	1075
f 1055 	1075 	1047
f 1046 	1047 	1075
f 1055 	1067 	1075
f 1068 	1075 	1067
f 31 	1075 	1077
f 1080 	31 	1079
f 1081 	31 	1080
f 1082 	28 	1081
f 1085 	1021 	1084
f 991 	1019 	1072
f 1022 	1084 	1021
f 1092 	1093 	1087
f 1030 	1089 	1088
f 1091 	1087 	1090
f 1089 	1090 	1088
f 1092 	1087 	1091
f 1088 	1090 	1087
f 1030 	1088 	1083
f 1022 	1028 	1084
f 1083 	1084 	1028
f 22 	37 	21
f 26 	27 	21
f 36 	35 	24
f 24 	1086 	36
f 1086 	1087 	1093
f 1094 	36 	1086
f 23 	39 	22
f 20 	21 	37
f 26 	21 	20
f 27 	28 	21
f 1082 	21 	28
f 31 	1081 	28
f 28 	30 	31
f 25 	32 	26
f 23 	24 	34
f 33 	23 	34
f 40 	23 	33
f 35 	34 	24
f 1094 	1086 	1093
f 37 	22 	38
f 38 	22 	39
f 39 	23 	40
f 47 	237 	46
f 237 	32 	46
f 44 	237 	47
f 43 	237 	44
f 42 	237 	43
f 41 	237 	42
f 237 	1075 	31
f 1079 	31 	1078
f 31 	32 	237
f 25 	46 	32
f 1078 	31 	1077
f 919 	918 	1098
f 919 	1098 	1099
f 1099 	1098 	1101
f 1099 	1101 	1102
f 1102 	1101 	1103
f 1102 	1103 	1104
f 1104 	1103 	1105
f 1104 	1105 	1106
f 1106 	1105 	1107
f 1106 	1107 	1108
f 1108 	1107 	1109
f 1108 	1109 	1110
f 1113 	1111 	1112
f 1113 	1112 	1114
f 1114 	899 	1113
f 898 	1113 	899
f 1109 	1116 	1117
f 1109 	1117 	1110
f 1117 	1116 	1118
f 1117 	1118 	1119
f 1119 	1118 	1120
f 1119 	1120 	1121
f 41 	239 	237
f 256 	285 	258
f 254 	283 	256
f 252 	281 	254
f 250 	281 	252
f 248 	279 	250
f 258 	287 	243
f 262 	260 	264
f 266 	264 	260
f 48 	240 	1036
f 287 	258 	285
f 291 	272 	289
f 268 	277 	246
f 279 	248 	277
f 281 	250 	279
f 283 	254 	281
f 285 	256 	283
f 289 	243 	287
f 293 	407 	291
f 413 	411 	295
f 246 	277 	248
f 425 	418 	297
f 272 	270 	289
f 270 	244 	289
f 243 	289 	244
f 240 	48 	565
f 298 	418 	300
f 418 	420 	300
f 420 	422 	300
f 424 	425 	297
f 415 	413 	297
f 550 	425 	424
f 425 	550 	422
f 415 	297 	418
f 295 	297 	413
f 293 	295 	411
f 411 	409 	293
f 409 	407 	293
f 274 	291 	407
f 272 	291 	274
f 554 	556 	422
f 300 	422 	556
f 552 	554 	422
f 558 	560 	300
f 550 	552 	422
f 558 	300 	556
f 562 	300 	560
f 562 	560 	566
f 615 	614 	260
f 608 	260 	609
f 607 	260 	608
f 260 	607 	605
f 260 	605 	604
f 260 	604 	603
f 260 	603 	602
f 260 	602 	601
f 260 	601 	600
f 260 	600 	599
f 260 	599 	266
f 612 	260 	614
f 611 	260 	612
f 610 	260 	611
f 609 	260 	610
f 260 	626 	625
f 260 	625 	624
f 260 	624 	623
f 260 	623 	622
f 260 	622 	621
f 260 	621 	620
f 260 	620 	619
f 260 	619 	618
f 627 	260 	617
f 615 	260 	627
f 618 	617 	260
f 903 	905 	628
f 634 	919 	636
f 1160 	640 	639
f 900 	892 	898
f 903 	896 	900
f 890 	898 	892
f 905 	919 	630
f 630 	628 	905
f 903 	628 	896
f 894 	900 	896
f 892 	900 	894
f 1099 	636 	919
f 1102 	908 	1099
f 1104 	912 	1102
f 632 	630 	919
f 1106 	916 	1104
f 632 	919 	634
f 1108 	1211 	1106
f 1110 	1211 	1108
f 914 	1104 	916
f 912 	1104 	914
f 910 	1102 	912
f 908 	1102 	910
f 906 	1099 	908
f 636 	1099 	906
f 898 	890 	1113
f 890 	889 	1113
f 1111 	1113 	889
f 1117 	1205 	1110
f 1119 	1205 	1117
f 1206 	1205 	1121
f 1121 	1205 	1119
f 1160 	1161 	640
f 1111 	1196 	1162
f 1196 	1111 	889
f 1202 	1204 	1198
f 1197 	1202 	1198
f 1202 	1203 	1204
f 1204 	1205 	1198
f 1209 	1219 	1206
f 1203 	1212 	1106
f 1218 	1219 	1210
f 1198 	1205 	1219
f 1210 	1219 	1209
f 1211 	1110 	1205
f 1205 	1206 	1219
f 1203 	1106 	1211
f 916 	1106 	1212
f 1217 	1200 	1201
f 1214 	1259 	1213
f 1215 	1259 	1214
f 1217 	1201 	1216
f 1231 	1247 	1225
f 1224 	1225 	1247
f 1227 	1201 	1226
f 1228 	1201 	1227
f 1228 	1229 	1201
f 1229 	1230 	1201
f 1201 	1230 	1216
f 1232 	1233 	1231
f 1220 	1224 	1247
f 1247 	1231 	1233
f 1233 	1234 	1247
f 1234 	1235 	1247
f 1235 	1236 	1247
f 1246 	1247 	1239
f 1241 	1201 	1239
f 1246 	1239 	1201
f 1241 	1242 	1201
f 1226 	1201 	1243
f 1242 	1244 	1201
f 1232 	1243 	1244
f 1201 	1244 	1243
f 1259 	1245 	1247
f 1220 	1247 	1245
f 1215 	1245 	1259
f 1238 	1239 	1247
f 1236 	1238 	1247
f 1249 	1250 	1248
f 1213 	1261 	1199
f 1250 	1251 	1264
f 1199 	1264 	1251
f 1253 	1199 	1252
f 1251 	1252 	1199
f 1252 	1254 	1253
f 1255 	1267 	1254
f 1256 	1267 	1255
f 1253 	1254 	1267
f 1249 	1256 	1255
f 1261 	1262 	1199
f 1263 	1199 	1262
f 1260 	1261 	1213
f 1264 	1199 	1263
f 1248 	1250 	1264
f 1259 	1260 	1213
f 1275 	1253 	1269
f 1267 	1268 	1253
f 1265 	1275 	1269
f 1266 	1275 	1265
f 1266 	1270 	1275
f 1268 	1269 	1253
f 1272 	1257 	1271
f 1274 	1275 	1270
f 1273 	1274 	1270
f 1283 	1284 	1270
f 1257 	1258 	1271
f 1278 	1288 	1257
f 1277 	1278 	1257
f 1276 	1277 	1257
f 1286 	1288 	1278
f 1280 	1276 	1257
f 1279 	1280 	1257
f 1283 	1270 	1282
f 1285 	1270 	1284
f 1273 	1270 	1285
f 1287 	1288 	1286
f 1289 	1257 	1288
f 1300 	1301 	1296
f 1300 	1296 	1270
f 1270 	1296 	1297
f 1297 	1298 	1270
f 1282 	1270 	1292
f 1298 	1299 	1270
f 1292 	1270 	1287
f 1299 	1287 	1270
f 1301 	1257 	1293
f 1293 	1295 	1301
f 1295 	1296 	1301
f 1272 	1279 	1257
f 1289 	1291 	1257
f 1291 	1293 	1257
f 1302 	1303 	827
f 1302 	827 	830
f 50 	13 	217
f 217 	10 	238
f 6 	238 	3
f 4 	3 	238
f 5 	4 	238
f 7 	238 	8
f 5 	238 	7
f 8 	238 	9
f 9 	238 	10
f 10 	217 	13
f 664 	663 	1614
f 217 	55 	53
f 50 	217 	53
f 1126 	1125 	1614
f 1124 	1126 	1614
f 1125 	1127 	1614
f 1128 	1129 	1614
f 1129 	1130 	1614
f 1135 	1614 	1130
f 640 	1132 	1131
f 1131 	1133 	640
f 640 	1133 	667
f 666 	640 	667
f 1127 	1128 	1614
f 1135 	1137 	1614
f 1139 	1138 	640
f 1138 	1142 	640
f 1141 	640 	1142
f 1141 	1143 	640
f 1143 	1145 	640
f 1145 	1132 	640
f 1137 	1155 	1614
f 1155 	1154 	1614
f 1154 	1156 	1614
f 1158 	1614 	1156
f 1169 	1614 	1168
f 1157 	1168 	1614
f 1169 	1170 	1614
f 1170 	1171 	1614
f 1123 	1124 	1614
f 1614 	1158 	1157
f 1171 	1173 	1614
f 1173 	1172 	1614
f 61 	60 	239
f 60 	71 	239
f 71 	68 	239
f 237 	239 	67
f 63 	62 	239
f 1172 	1174 	1614
f 62 	61 	239
f 1174 	1175 	1614
f 63 	238 	6
f 1176 	1178 	640
f 69 	237 	66
f 68 	67 	239
f 640 	1178 	1139
f 67 	66 	237
f 1184 	1183 	640
f 1183 	1188 	640
f 1182 	1184 	640
f 1189 	640 	1188
f 238 	63 	239
f 1185 	1180 	640
f 1180 	1182 	640
f 1189 	1177 	640
f 1177 	1176 	640
f 1192 	640 	1193
f 1192 	1194 	640
f 1194 	1185 	640
f 1175 	1312 	1614
f 1313 	1314 	1614
f 1311 	1614 	1312
f 1313 	1614 	1311
f 1314 	1315 	1614
f 1316 	1322 	1614
f 1315 	1316 	1614
f 1321 	1614 	1322
f 1193 	640 	1319
f 1319 	640 	1317
f 1321 	1324 	1614
f 1327 	1614 	1325
f 1325 	1614 	1324
f 1326 	1328 	1614
f 1329 	1330 	1614
f 1330 	1331 	1614
f 1331 	1340 	1614
f 1161 	1341 	640
f 640 	1335 	1333
f 640 	1333 	1332
f 1332 	1334 	640
f 1334 	1318 	640
f 1317 	640 	1318
f 1335 	640 	1336
f 1346 	640 	1345
f 1359 	1344 	1161
f 1342 	1161 	1344
f 1341 	1161 	1342
f 1343 	640 	1341
f 1345 	640 	1343
f 1347 	640 	1346
f 1348 	640 	1347
f 1337 	640 	1348
f 1336 	640 	1337
f 1328 	1329 	1614
f 1340 	1350 	1614
f 1350 	1349 	1614
f 1351 	1352 	1614
f 1352 	1353 	1614
f 1161 	1614 	1353
f 1355 	1161 	1353
f 1354 	1161 	1355
f 1354 	1356 	1161
f 1356 	1358 	1161
f 1358 	1359 	1161
f 1327 	1326 	1614
f 1349 	1351 	1614
f 1614 	1161 	1637
f 1160 	1637 	1161
f 1196 	889 	888
f 1638 	1196 	888
f 1654 	1112 	1162
f 1111 	1162 	1112
f 1162 	1196 	1654
f 1638 	1654 	1196
f 1201 	1200 	1658
f 1201 	1658 	1657
f 1199 	1659 	1213
f 1200 	1673 	1658
f 1655 	1660 	1202
f 1655 	1202 	1197
f 1661 	917 	1212
f 916 	1212 	917
f 1660 	1662 	1203
f 1660 	1203 	1202
f 1198 	1676 	1656
f 1212 	1203 	1662
f 1212 	1662 	1661
f 1662 	1663 	1204
f 1662 	1204 	1203
f 1198 	1219 	1676
f 1204 	1663 	1664
f 1204 	1664 	1205
f 1206 	1121 	1665
f 1120 	1665 	1121
f 1206 	1665 	1666
f 1206 	1666 	1209
f 1209 	1666 	1667
f 1209 	1667 	1210
f 1210 	1667 	1218
f 1211 	1205 	1664
f 1211 	1664 	1668
f 1662 	1203 	1211
f 1662 	1211 	1668
f 1259 	1247 	1733
f 1213 	1671 	1672
f 1213 	1672 	1214
f 1214 	1672 	1670
f 1214 	1670 	1215
f 1659 	1671 	1213
f 1200 	1217 	1673
f 1217 	1216 	1674
f 1217 	1674 	1673
f 1218 	1678 	1676
f 1218 	1676 	1219
f 1667 	1678 	1218
f 1229 	1687 	1683
f 1688 	1690 	1691
f 1690 	1689 	1691
f 1690 	1692 	1691
f 1690 	1691 	1701
f 1229 	1683 	1682
f 1227 	1685 	1686
f 1243 	1685 	1226
f 1687 	1227 	1686
f 1689 	1685 	1243
f 1705 	1231 	1691
f 1688 	1691 	1231
f 1689 	1243 	1691
f 1705 	1691 	1243
f 1692 	1233 	1691
f 1705 	1691 	1233
f 1693 	1234 	1692
f 1233 	1692 	1234
f 1234 	1693 	1694
f 1700 	1241 	1699
f 1691 	1705 	1244
f 1691 	1244 	1701
f 1244 	1700 	1701
f 1680 	1679 	1224
f 1225 	1224 	1679
f 1224 	1220 	1681
f 1224 	1681 	1680
f 1220 	1245 	1681
f 1674 	1216 	1682
f 1230 	1682 	1216
f 1230 	1229 	1682
f 1227 	1226 	1685
f 1228 	1227 	1687
f 1229 	1228 	1687
f 1711 	1246 	1657
f 1657 	1246 	1201
f 1231 	1225 	1688
f 1679 	1688 	1225
f 1231 	1705 	1232
f 1232 	1705 	1243
f 1705 	1233 	1232
f 1234 	1694 	1235
f 1695 	1236 	1694
f 1235 	1694 	1236
f 1239 	1238 	1696
f 1239 	1696 	1697
f 1239 	1699 	1241
f 1697 	1699 	1239
f 1695 	1696 	1236
f 1238 	1236 	1696
f 1242 	1241 	1700
f 1705 	1232 	1244
f 1700 	1244 	1242
f 1710 	1733 	1247
f 1709 	1681 	1245
f 1245 	1215 	1709
f 1670 	1709 	1215
f 1246 	1711 	1710
f 1246 	1710 	1247
f 1712 	1714 	1248
f 1249 	1248 	1714
f 830 	829 	1715
f 830 	1715 	1302
f 1199 	1253 	1659
f 1249 	1713 	1256
f 240 	241 	1036
f 1713 	1249 	1714
f 1250 	1249 	1714
f 1250 	1714 	1717
f 1716 	1036 	241
f 1719 	1659 	1253
f 1198 	1656 	1655
f 1198 	1655 	1197
f 1251 	1250 	1717
f 1251 	1717 	1718
f 1251 	1718 	1721
f 1251 	1721 	1252
f 1252 	1721 	1722
f 1252 	1722 	1254
f 1254 	1722 	1723
f 1254 	1723 	1255
f 1255 	1723 	1714
f 1255 	1714 	1249
f 1258 	1257 	1725
f 1258 	1725 	1724
f 1726 	1712 	1264
f 1248 	1264 	1712
f 1264 	1263 	1728
f 1264 	1728 	1726
f 1263 	1262 	1730
f 1263 	1730 	1728
f 1262 	1261 	1731
f 1262 	1731 	1730
f 1261 	1260 	1732
f 1261 	1732 	1731
f 1260 	1259 	1733
f 1260 	1733 	1732
f 1265 	1735 	1736
f 1265 	1736 	1266
f 1737 	1735 	1265
f 1737 	1265 	1269
f 1266 	1736 	1734
f 1266 	1734 	1270
f 1267 	1256 	1738
f 1713 	1738 	1256
f 1267 	1738 	1739
f 1267 	1739 	1268
f 1268 	1739 	1737
f 1268 	1737 	1269
f 1253 	1275 	1719
f 1744 	1719 	1275
f 1724 	1743 	1258
f 1272 	1742 	1279
f 1271 	1743 	1742
f 1271 	1742 	1272
f 1743 	1271 	1258
f 1744 	1275 	1274
f 1744 	1274 	1745
f 1274 	1273 	1746
f 1274 	1746 	1745
f 1301 	1792 	1257
f 1756 	1757 	1758
f 1764 	1758 	1757
f 1757 	1761 	1758
f 1757 	1758 	1780
f 1297 	1296 	1778
f 1277 	1747 	1748
f 1277 	1749 	1747
f 1751 	1750 	1279
f 1742 	1751 	1279
f 1746 	1273 	1752
f 1285 	1284 	1752
f 1292 	1755 	1282
f 1789 	1286 	1758
f 1761 	1762 	1289
f 1762 	1765 	1289
f 1292 	1789 	1758
f 1292 	1758 	1764
f 1761 	1288 	1758
f 1291 	1289 	1765
f 1789 	1299 	1758
f 1764 	1755 	1292
f 1770 	1771 	1295
f 1296 	1295 	1771
f 1793 	1300 	1734
f 1778 	1296 	1771
f 1295 	1769 	1770
f 1779 	1297 	1778
f 1278 	1277 	1748
f 1276 	1749 	1277
f 1748 	1756 	1278
f 1286 	1278 	1756
f 1750 	1749 	1280
f 1276 	1280 	1749
f 1280 	1279 	1750
f 1285 	1752 	1273
f 1753 	1752 	1284
f 1284 	1283 	1754
f 1284 	1754 	1753
f 1755 	1754 	1282
f 1283 	1282 	1754
f 1756 	1758 	1286
f 1286 	1789 	1287
f 1288 	1761 	1289
f 1292 	1287 	1789
f 1789 	1758 	1288
f 1789 	1288 	1287
f 1291 	1765 	1293
f 1287 	1299 	1789
f 1769 	1293 	1765
f 1293 	1769 	1295
f 1300 	1270 	1734
f 1298 	1297 	1779
f 1779 	1780 	1298
f 1299 	1298 	1780
f 1780 	1758 	1299
f 1300 	1793 	1792
f 1300 	1792 	1301
f 1725 	1257 	1792
f 1715 	1996 	1303
f 1715 	1303 	1302
f 2053 	2052 	2000
f 2001 	2053 	2000
f 2002 	2053 	2001
f 2003 	2027 	2002
f 2004 	2027 	2003
f 2005 	2028 	2004
f 2006 	2028 	2005
f 2007 	2029 	2006
f 1999 	2000 	2052
f 2022 	2021 	2026
f 2011 	2020 	2010
f 2009 	2010 	2020
f 2008 	2015 	2012
f 2017 	2018 	2013
f 2014 	2013 	2018
f 2019 	2014 	2018
f 2016 	2017 	2013
f 2009 	2014 	2019
f 2013 	2012 	2016
f 2015 	2016 	2012
f 2009 	2020 	2014
f 2021 	2020 	2011
f 2011 	2025 	2021
f 2025 	2026 	2021
f 2026 	2030 	2022
f 2030 	2031 	2022
f 2027 	2004 	2028
f 2012 	2029 	2008
f 2028 	2006 	2029
f 2008 	2029 	2007
f 2022 	2031 	2023
f 2032 	2023 	2031
f 2033 	2023 	2032
f 2034 	2040 	2033
f 2037 	2089 	2036
f 2023 	2033 	2040
f 2040 	2042 	2039
f 2042 	2040 	2034
f 2043 	2039 	2042
f 2043 	2044 	2039
f 2038 	2039 	2044
f 2038 	2044 	2045
f 2049 	2105 	2048
f 2047 	2048 	2105
f 2036 	2106 	2035
f 2046 	2047 	2103
f 2061 	2062 	2051
f 2053 	2002 	2027
f 1998 	1999 	2052
f 2052 	2051 	1998
f 2051 	2056 	2061
f 2057 	2058 	2055
f 2058 	2059 	2055
f 2055 	2059 	2056
f 2060 	2056 	2059
f 2061 	2056 	2060
f 1998 	2051 	2062
f 2063 	2069 	2064
f 2068 	2057 	2065
f 2055 	2065 	2057
f 2067 	2068 	2065
f 2065 	2064 	2067
f 2066 	2067 	2064
f 2066 	2064 	2069
f 2045 	2072 	2038
f 2075 	2080 	2071
f 2074 	2075 	2071
f 2071 	2070 	2074
f 2050 	2071 	2080
f 2073 	2074 	2070
f 2072 	2073 	2070
f 2070 	2038 	2072
f 2077 	2131 	2076
f 2078 	2132 	2077
f 2105 	2103 	2047
f 2083 	2063 	2082
f 2069 	2063 	2083
f 2063 	2050 	2082
f 2081 	2082 	2050
f 2080 	2081 	2050
f 2095 	2092 	2088
f 2101 	2102 	2095
f 2088 	2101 	2095
f 2037 	2093 	2089
f 2093 	2094 	2090
f 2090 	2089 	2093
f 2097 	2098 	2091
f 2091 	2090 	2097
f 2094 	2097 	2090
f 2098 	2086 	2091
f 2092 	2091 	2086
f 2086 	2087 	2092
f 2087 	2088 	2092
f 2096 	2095 	2102
f 2102 	2112 	2096
f 2112 	2108 	2096
f 2079 	2046 	2103
f 2103 	2132 	2079
f 2106 	2036 	2089
f 2105 	2049 	2106
f 2035 	2106 	2049
f 2107 	2099 	2110
f 2110 	2099 	2109
f 2108 	2109 	2099
f 2099 	2096 	2108
f 2116 	2171 	2115
f 2115 	2171 	2114
f 2120 	2121 	2118
f 2110 	2111 	2107
f 2118 	2107 	2120
f 2120 	2107 	2111
f 2121 	2122 	2118
f 2117 	2118 	2122
f 2117 	2122 	2123
f 2127 	2203 	2126
f 2125 	2126 	2203
f 2113 	2204 	2127
f 2155 	2156 	2215
f 2130 	2085 	2131
f 2078 	2079 	2132
f 2131 	2077 	2132
f 2085 	2076 	2131
f 2133 	2129 	2159
f 2160 	2139 	2133
f 2159 	2160 	2133
f 2140 	2141 	2135
f 2139 	2140 	2135
f 2142 	2143 	2136
f 2136 	2135 	2141
f 2142 	2136 	2141
f 2144 	2145 	2137
f 2137 	2136 	2143
f 2143 	2144 	2137
f 2138 	2137 	2145
f 2145 	2146 	2138
f 2146 	2147 	2138
f 2130 	2138 	2147
f 2147 	2084 	2130
f 2085 	2130 	2084
f 2152 	2128 	2151
f 2128 	2148 	2151
f 2152 	2157 	2128
f 2150 	2151 	2148
f 2149 	2150 	2148
f 2148 	2117 	2149
f 2123 	2149 	2117
f 2202 	2215 	2156
f 2124 	2125 	2202
f 2203 	2202 	2125
f 2159 	2129 	2158
f 2135 	2133 	2139
f 2157 	2158 	2129
f 2129 	2128 	2157
f 2153 	2214 	2163
f 2166 	2169 	2165
f 2170 	2165 	2169
f 2174 	2175 	2170
f 2164 	2170 	2175
f 2165 	2170 	2164
f 2167 	2169 	2166
f 2170 	2172 	2174
f 2173 	2174 	2172
f 2171 	2116 	2172
f 2173 	2172 	2116
f 2176 	2205 	2178
f 2178 	2190 	2181
f 2181 	2190 	2180
f 2180 	2190 	2179
f 2185 	2189 	2184
f 2184 	2188 	2183
f 2183 	2188 	2182
f 2182 	2187 	2168
f 2179 	2189 	2185
f 2169 	2167 	2187
f 2187 	2182 	2188
f 2188 	2184 	2189
f 2178 	2194 	2190
f 2192 	2194 	2193
f 2194 	2186 	2193
f 2192 	2191 	2194
f 2191 	2190 	2194
f 2189 	2179 	2190
f 2168 	2187 	2167
f 2193 	2186 	2195
f 2196 	2195 	2186
f 2186 	2205 	2196
f 2197 	2196 	2205
f 2197 	2205 	2198
f 2200 	2198 	2205
f 2201 	2200 	2205
f 2156 	2124 	2202
f 2204 	2114 	2171
f 2113 	2114 	2204
f 2203 	2127 	2204
f 2177 	2178 	2205
f 2186 	2177 	2205
f 2205 	2251 	2201
f 2206 	2201 	2251
f 2207 	2206 	2251
f 2207 	2251 	2208
f 2210 	2209 	2233
f 2162 	2163 	2213
f 2154 	2155 	2215
f 2215 	2214 	2154
f 2153 	2154 	2214
f 2214 	2213 	2163
f 2217 	2216 	2220
f 2219 	2220 	2216
f 2220 	2221 	2217
f 2218 	2161 	2213
f 2221 	2222 	2217
f 2222 	2223 	2217
f 2218 	2217 	2223
f 2224 	2218 	2223
f 2161 	2218 	2224
f 2162 	2213 	2161
f 2212 	2230 	2225
f 2226 	2225 	2242
f 2242 	2243 	2226
f 2243 	2244 	2226
f 2238 	2239 	2227
f 2229 	2225 	2232
f 2231 	2232 	2225
f 2231 	2225 	2230
f 2229 	2242 	2225
f 2212 	2211 	2230
f 2232 	2251 	2235
f 2233 	2251 	2236
f 2236 	2251 	2232
f 2228 	2227 	2239
f 2240 	2228 	2239
f 2219 	2216 	2241
f 2240 	2241 	2228
f 2228 	2241 	2216
f 2227 	2226 	2244
f 2244 	2237 	2227
f 2237 	2238 	2227
f 2235 	2251 	2245
f 2249 	2250 	2251
f 2248 	2249 	2251
f 2246 	2251 	2250
f 2247 	2248 	2251
f 2245 	2251 	2246
f 2233 	2208 	2251
f 2234 	2230 	2233
f 2211 	2233 	2230
f 2210 	2233 	2211
f 2209 	2208 	2233
f 1414 	238 	1415
f 1416 	238 	1414
f 1416 	1417 	238
f 1418 	238 	1419
f 1419 	238 	1417
f 1418 	1420 	238
f 1420 	1525 	238
f 1560 	1512 	2251
f 1520 	1522 	2247
f 1430 	1429 	2247
f 2247 	1429 	1431
f 1431 	1432 	2247
f 238 	2247 	1415
f 1432 	1415 	2247
f 2205 	56 	2251
f 1536 	1537 	2251
f 1537 	1538 	2251
f 1514 	2247 	1511
f 1513 	2247 	1514
f 1516 	2247 	1513
f 1517 	2247 	1516
f 2251 	1511 	2247
f 1517 	1518 	2247
f 1518 	1519 	2247
f 1519 	1520 	2247
f 1522 	1521 	2247
f 1521 	1523 	2247
f 1523 	1524 	2247
f 1524 	1430 	2247
f 1525 	1526 	238
f 1526 	1527 	238
f 1527 	1529 	238
f 1530 	1531 	238
f 2251 	1534 	1536
f 1558 	1539 	2251
f 1538 	1558 	2251
f 1560 	2251 	1559
f 1539 	1559 	2251
f 1511 	2251 	1512
f 56 	1636 	2251
f 1636 	1535 	2251
f 1534 	2251 	1535
f 1529 	1528 	238
f 1528 	1530 	238
f 1531 	1532 	238
f 1532 	1642 	238
f 1642 	1760 	238
f 1760 	1759 	238
f 1759 	1763 	238
f 1763 	1766 	238
f 1766 	1767 	238
f 1768 	1772 	238
f 217 	238 	1772
f 1772 	1775 	217
f 1774 	217 	1775
f 1767 	1768 	238
f 1784 	217 	1782
f 1774 	1776 	217
f 1784 	1785 	217
f 1785 	1786 	217
f 1782 	217 	1787
f 81 	217 	1786
f 1787 	217 	1781
f 1776 	1781 	217
f 241 	564 	49
f 1716 	241 	49
f 284 	282 	257
f 257 	259 	284
f 286 	284 	259
f 259 	242 	286
f 288 	286 	242
f 273 	275 	290
f 255 	257 	282
f 569 	570 	267
f 282 	280 	255
f 276 	269 	247
f 247 	249 	276
f 278 	276 	249
f 249 	251 	278
f 280 	278 	251
f 251 	253 	280
f 253 	255 	280
f 242 	245 	288
f 245 	271 	288
f 271 	273 	288
f 290 	288 	273
f 275 	408 	290
f 410 	292 	408
f 292 	412 	294
f 1870 	299 	1871
f 1888 	1898 	299
f 299 	1868 	417
f 1863 	417 	1864
f 1862 	421 	1863
f 1866 	421 	1862
f 1864 	417 	1867
f 1867 	417 	1868
f 1870 	1869 	299
f 1868 	299 	1869
f 299 	301 	1880
f 1880 	301 	1877
f 1877 	301 	1878
f 1881 	301 	1882
f 1879 	301 	1881
f 1887 	1885 	301
f 1882 	301 	1883
f 1883 	301 	1884
f 1884 	301 	1885
f 1888 	299 	1889
f 1890 	299 	1891
f 1890 	1889 	299
f 1880 	1891 	299
f 417 	1863 	419
f 553 	421 	1907
f 1894 	421 	1895
f 1895 	421 	1896
f 1897 	421 	1866
f 1896 	421 	1897
f 1871 	299 	1872
f 1872 	299 	1898
f 1901 	1900 	553
f 563 	559 	315
f 557 	555 	315
f 1900 	1899 	555
f 555 	553 	1900
f 1902 	1901 	553
f 1903 	1902 	553
f 1904 	1903 	553
f 1905 	1904 	553
f 1906 	1905 	553
f 1907 	1906 	553
f 1887 	301 	305
f 1878 	301 	1879
f 557 	315 	559
f 1908 	1907 	421
f 1899 	1982 	555
f 1982 	315 	555
f 419 	1863 	421
f 1894 	1893 	421
f 296 	294 	414
f 426 	421 	549
f 423 	296 	426
f 412 	292 	410
f 414 	294 	412
f 416 	417 	296
f 414 	416 	296
f 426 	296 	417
f 292 	290 	408
f 423 	426 	549
f 551 	549 	421
f 553 	551 	421
f 1893 	1908 	421
f 567 	559 	563
f 575 	576 	265
f 576 	577 	265
f 577 	578 	265
f 578 	580 	265
f 574 	575 	265
f 594 	261 	593
f 570 	571 	267
f 571 	572 	267
f 265 	267 	572
f 572 	573 	265
f 573 	574 	265
f 583 	584 	265
f 584 	585 	265
f 581 	583 	265
f 585 	597 	265
f 580 	581 	265
f 263 	265 	597
f 597 	586 	263
f 586 	587 	263
f 587 	588 	263
f 588 	589 	263
f 589 	590 	263
f 590 	591 	263
f 261 	263 	592
f 593 	261 	592
f 596 	261 	594
f 591 	592 	263
f 911 	913 	1101
f 633 	918 	631
f 1637 	816 	1614
f 638 	641 	816
f 641 	1614 	816
f 891 	1114 	888
f 1638 	888 	1112
f 893 	899 	891
f 895 	897 	901
f 899 	893 	901
f 918 	904 	631
f 629 	631 	904
f 897 	629 	902
f 902 	901 	897
f 895 	901 	893
f 904 	902 	629
f 633 	635 	918
f 635 	637 	918
f 1098 	918 	637
f 637 	907 	1098
f 907 	909 	1098
f 1101 	1098 	909
f 909 	911 	1101
f 1103 	1101 	913
f 913 	915 	1103
f 915 	917 	1103
f 1105 	1103 	917
f 917 	1661 	1105
f 1661 	1662 	1105
f 1107 	1105 	1668
f 1114 	891 	899
f 1112 	888 	1114
f 1116 	1109 	1664
f 1118 	1116 	1664
f 1112 	1654 	1638
f 1655 	1656 	1660
f 1656 	1663 	1660
f 1667 	1666 	1676
f 1662 	1660 	1663
f 1663 	1656 	1664
f 1120 	1118 	1664
f 1668 	1664 	1109
f 1664 	1676 	1665
f 1656 	1676 	1664
f 1666 	1665 	1676
f 1668 	1105 	1662
f 1109 	1107 	1668
f 1665 	1120 	1664
f 1659 	1731 	1671
f 1672 	1671 	1733
f 1710 	1709 	1733
f 1672 	1733 	1670
f 1674 	1657 	1673
f 1678 	1667 	1676
f 1680 	1681 	1710
f 1686 	1685 	1657
f 1687 	1657 	1683
f 1682 	1683 	1657
f 1686 	1657 	1687
f 1674 	1682 	1657
f 1658 	1673 	1657
f 1710 	1693 	1679
f 1690 	1688 	1692
f 1694 	1693 	1710
f 1688 	1679 	1692
f 1694 	1710 	1695
f 1693 	1692 	1679
f 1695 	1711 	1696
f 1711 	1657 	1697
f 1699 	1697 	1657
f 1689 	1657 	1685
f 1699 	1657 	1700
f 1690 	1701 	1689
f 1657 	1689 	1701
f 1700 	1657 	1701
f 1679 	1680 	1710
f 1710 	1681 	1709
f 1670 	1733 	1709
f 1697 	1696 	1711
f 1710 	1711 	1695
f 1712 	1726 	1717
f 1719 	1721 	1659
f 1714 	1712 	1717
f 1717 	1726 	1718
f 1718 	1659 	1721
f 1721 	1719 	1722
f 1719 	1738 	1722
f 1714 	1723 	1713
f 1723 	1722 	1738
f 1659 	1718 	1726
f 1659 	1726 	1728
f 1659 	1728 	1730
f 1659 	1730 	1731
f 1732 	1671 	1731
f 1733 	1671 	1732
f 1739 	1719 	1737
f 1713 	1723 	1738
f 1736 	1735 	1744
f 1719 	1744 	1737
f 1735 	1737 	1744
f 1738 	1719 	1739
f 1734 	1736 	1744
f 1745 	1734 	1744
f 1724 	1725 	1743
f 1746 	1734 	1745
f 1750 	1751 	1792
f 1749 	1750 	1792
f 1792 	1762 	1748
f 1748 	1747 	1792
f 1751 	1742 	1792
f 1743 	1792 	1742
f 1747 	1749 	1792
f 1755 	1734 	1754
f 1753 	1754 	1734
f 1753 	1734 	1752
f 1752 	1734 	1746
f 1757 	1756 	1761
f 1761 	1748 	1762
f 1756 	1748 	1761
f 1762 	1792 	1765
f 1780 	1734 	1757
f 1765 	1792 	1769
f 1769 	1793 	1770
f 1771 	1770 	1793
f 1771 	1734 	1778
f 1755 	1764 	1734
f 1757 	1734 	1764
f 1778 	1734 	1779
f 1779 	1734 	1780
f 1734 	1771 	1793
f 1793 	1769 	1792
f 1743 	1725 	1792
f 829 	828 	1996
f 829 	1996 	1715
f 828 	827 	1303
f 828 	1303 	1996
f 2004 	831 	841
f 2004 	841 	2005
f 840 	2006 	2005
f 840 	2005 	841
f 839 	2007 	2006
f 839 	2006 	840
f 838 	2008 	2007
f 838 	2007 	839
f 836 	1999 	1998
f 836 	1998 	837
f 835 	2000 	1999
f 835 	1999 	836
f 834 	2001 	2000
f 834 	2000 	835
f 833 	2002 	2001
f 833 	2001 	834
f 832 	2003 	2002
f 832 	2002 	833
f 2004 	2003 	832
f 2004 	832 	831
f 844 	843 	2010
f 844 	2010 	2009
f 843 	842 	2011
f 843 	2011 	2010
f 842 	2025 	2011
f 852 	2015 	2008
f 852 	2008 	838
f 851 	2016 	2015
f 851 	2015 	852
f 851 	850 	2017
f 851 	2017 	2016
f 850 	849 	2018
f 850 	2018 	2017
f 849 	848 	2019
f 849 	2019 	2018
f 848 	844 	2009
f 848 	2009 	2019
f 846 	845 	2012
f 846 	2012 	2013
f 846 	2013 	2014
f 846 	2014 	847
f 842 	858 	2025
f 858 	857 	2026
f 858 	2026 	2025
f 2030 	2026 	857
f 2014 	2020 	853
f 2014 	853 	847
f 853 	2020 	2021
f 853 	2021 	854
f 854 	2021 	2022
f 854 	2022 	855
f 855 	2022 	2023
f 855 	2023 	856
f 856 	2023 	875
f 859 	2053 	2027
f 860 	859 	2027
f 860 	2027 	2028
f 861 	860 	2028
f 861 	2028 	2029
f 2029 	2012 	861
f 845 	861 	2012
f 2023 	2040 	875
f 857 	868 	2030
f 868 	867 	2031
f 868 	2031 	2030
f 867 	866 	2032
f 867 	2032 	2031
f 866 	865 	2033
f 866 	2033 	2032
f 865 	864 	2034
f 865 	2034 	2033
f 880 	871 	2035
f 870 	2036 	2035
f 870 	2035 	871
f 869 	2037 	2036
f 869 	2036 	870
f 2093 	2037 	869
f 2042 	2034 	879
f 864 	879 	2034
f 879 	878 	2043
f 879 	2043 	2042
f 878 	877 	2044
f 878 	2044 	2043
f 877 	876 	2045
f 877 	2045 	2044
f 2039 	2038 	873
f 2039 	873 	872
f 873 	2038 	937
f 875 	2040 	2039
f 875 	2039 	872
f 881 	2048 	2047
f 881 	2047 	882
f 880 	2049 	2048
f 880 	2048 	881
f 2035 	2049 	880
f 2047 	2046 	883
f 2047 	883 	882
f 2071 	2050 	884
f 884 	2050 	930
f 885 	2056 	2051
f 920 	885 	2051
f 920 	2051 	2052
f 921 	920 	2052
f 921 	2052 	2053
f 859 	921 	2053
f 928 	2058 	2057
f 928 	2057 	929
f 927 	2059 	2058
f 927 	2058 	928
f 926 	2060 	2059
f 926 	2059 	927
f 925 	2061 	2060
f 925 	2060 	926
f 924 	2062 	2061
f 924 	2061 	925
f 1998 	2062 	924
f 1998 	924 	837
f 922 	2065 	2055
f 923 	922 	2055
f 923 	2055 	2056
f 885 	923 	2056
f 936 	2069 	947
f 935 	2066 	2069
f 935 	2069 	936
f 934 	2067 	2066
f 934 	2066 	935
f 933 	2068 	2067
f 933 	2067 	934
f 2057 	2068 	933
f 2057 	933 	929
f 2050 	2063 	930
f 931 	930 	2063
f 931 	2063 	2064
f 932 	931 	2064
f 932 	2064 	2065
f 922 	932 	2065
f 2072 	2045 	942
f 876 	942 	2045
f 942 	941 	2073
f 942 	2073 	2072
f 941 	940 	2074
f 941 	2074 	2073
f 940 	939 	2075
f 940 	2075 	2074
f 939 	2080 	2075
f 2038 	2070 	937
f 937 	2070 	2071
f 937 	2071 	938
f 938 	2071 	884
f 946 	2076 	2085
f 945 	2077 	2076
f 945 	2076 	946
f 944 	2078 	2077
f 944 	2077 	945
f 943 	2079 	2078
f 943 	2078 	944
f 2046 	2079 	943
f 2046 	943 	883
f 939 	950 	2080
f 950 	949 	2081
f 950 	2081 	2080
f 948 	2082 	2081
f 948 	2081 	949
f 947 	2083 	2082
f 947 	2082 	948
f 2069 	2083 	947
f 952 	2084 	1007
f 951 	2085 	2084
f 951 	2084 	952
f 2085 	951 	946
f 955 	2086 	2098
f 955 	954 	2087
f 955 	2087 	2086
f 954 	953 	2088
f 954 	2088 	2087
f 962 	2093 	869
f 962 	961 	2094
f 962 	2094 	2093
f 965 	2097 	961
f 2094 	961 	2097
f 965 	964 	2098
f 965 	2098 	2097
f 964 	955 	2098
f 2101 	2088 	968
f 953 	968 	2088
f 968 	967 	2102
f 968 	2102 	2101
f 957 	956 	2089
f 957 	2089 	2090
f 957 	2090 	2091
f 957 	2091 	958
f 958 	2091 	2092
f 958 	2092 	959
f 959 	2092 	2095
f 959 	2095 	960
f 960 	2095 	2096
f 960 	2096 	963
f 963 	2096 	2099
f 963 	2099 	966
f 970 	969 	2103
f 970 	2103 	2105
f 971 	970 	2105
f 971 	2105 	2106
f 2106 	2089 	971
f 956 	971 	2089
f 2099 	2107 	972
f 2099 	972 	966
f 2112 	2102 	977
f 967 	977 	2102
f 977 	976 	2108
f 977 	2108 	2112
f 976 	975 	2109
f 976 	2109 	2108
f 975 	974 	2110
f 975 	2110 	2109
f 974 	973 	2111
f 974 	2111 	2110
f 981 	2113 	988
f 980 	2114 	2113
f 980 	2113 	981
f 979 	2115 	2114
f 979 	2114 	980
f 978 	2116 	2115
f 978 	2115 	979
f 978 	2173 	2116
f 2120 	2111 	987
f 973 	987 	2111
f 987 	986 	2121
f 987 	2121 	2120
f 986 	985 	2122
f 986 	2122 	2121
f 985 	984 	2123
f 985 	2123 	2122
f 2118 	2117 	983
f 2118 	983 	982
f 983 	2117 	1013
f 2107 	2118 	982
f 2107 	982 	972
f 990 	2125 	2124
f 990 	2124 	991
f 989 	2126 	2125
f 989 	2125 	990
f 988 	2127 	2126
f 988 	2126 	989
f 2113 	2127 	988
f 2128 	992 	1013
f 992 	2128 	2129
f 992 	2129 	994
f 994 	2129 	999
f 995 	2138 	2130
f 996 	995 	2130
f 996 	2130 	2131
f 997 	996 	2131
f 997 	2131 	2132
f 2132 	2103 	997
f 969 	997 	2103
f 1024 	1006 	2139
f 1005 	2140 	2139
f 1005 	2139 	1006
f 1004 	2141 	2140
f 1004 	2140 	1005
f 1004 	2142 	2141
f 1012 	2142 	1004
f 1011 	2143 	2142
f 1011 	2142 	1012
f 1010 	2144 	2143
f 1010 	2143 	1011
f 1009 	2145 	2144
f 1009 	2144 	1010
f 1008 	2146 	2145
f 1008 	2145 	1009
f 1007 	2147 	2146
f 1007 	2146 	1008
f 2084 	2147 	1007
f 2129 	2133 	999
f 1000 	999 	2133
f 1000 	2133 	2135
f 1001 	1000 	2135
f 1001 	2135 	2136
f 1002 	1001 	2136
f 1002 	2136 	2137
f 1003 	1002 	2137
f 1003 	2137 	2138
f 995 	1003 	2138
f 2149 	2123 	1017
f 984 	1017 	2123
f 1017 	1016 	2150
f 1017 	2150 	2149
f 1016 	1015 	2151
f 1016 	2151 	2150
f 1015 	1014 	2152
f 1015 	2152 	2151
f 1014 	2157 	2152
f 2117 	2148 	1013
f 1013 	2148 	2128
f 1021 	2154 	2153
f 1021 	2153 	1022
f 1020 	2155 	2154
f 1020 	2154 	1021
f 1019 	2156 	2155
f 1019 	2155 	1020
f 2124 	2156 	1019
f 2124 	1019 	991
f 1014 	1027 	2157
f 1027 	1026 	2158
f 1027 	2158 	2157
f 1025 	2159 	2158
f 1025 	2158 	1026
f 1024 	2160 	2159
f 1024 	2159 	1025
f 2139 	2160 	1024
f 1029 	2162 	2161
f 1029 	2161 	1030
f 1028 	2163 	2162
f 1028 	2162 	1029
f 2153 	2163 	1028
f 2153 	1028 	1022
f 1035 	1034 	2165
f 1035 	2165 	2164
f 1034 	1033 	2166
f 1034 	2166 	2165
f 1033 	1032 	2167
f 1033 	2167 	2166
f 1032 	1031 	2168
f 1032 	2168 	2167
f 49 	1036 	1716
f 978 	1044 	2173
f 1044 	1043 	2174
f 1044 	2174 	2173
f 1043 	1042 	2175
f 1043 	2175 	2174
f 1042 	1035 	2164
f 1042 	2164 	2175
f 2170 	2169 	1038
f 2170 	1038 	1037
f 1041 	1040 	2171
f 1041 	2171 	2172
f 1041 	2172 	2170
f 1041 	2170 	1037
f 2168 	1031 	2182
f 2180 	1049 	2181
f 2178 	2181 	2296
f 1048 	2296 	2181
f 2178 	2177 	2296
f 1047 	2177 	2186
f 1056 	2169 	2187
f 1056 	2187 	2188
f 2178 	2296 	2194
f 2182 	1031 	1054
f 1045 	2176 	2296
f 2183 	2182 	1053
f 1054 	1053 	2182
f 2184 	2183 	1052
f 1053 	1052 	2183
f 2184 	1052 	2185
f 1051 	2185 	1052
f 1051 	2179 	2185
f 2179 	1049 	2180
f 2296 	2297 	1045
f 1048 	2181 	1049
f 1048 	2297 	2296
f 2177 	1047 	2296
f 1046 	1064 	2297
f 2296 	2297 	1064
f 2186 	1055 	1047
f 2189 	1058 	2188
f 1058 	2189 	2190
f 2178 	2296 	2176
f 2179 	1051 	1050
f 1050 	1049 	2179
f 1046 	1045 	2297
f 1048 	1046 	2297
f 2297 	2296 	1047
f 2297 	1047 	1046
f 1038 	2169 	1056
f 1057 	1056 	2188
f 1058 	1057 	2188
f 1058 	2190 	1059
f 2191 	1060 	2190
f 1059 	2190 	1060
f 2192 	1061 	2191
f 1060 	2191 	1061
f 2192 	2193 	1061
f 1061 	2193 	1062
f 1055 	2186 	2194
f 1055 	2194 	1064
f 2194 	2296 	1064
f 2195 	1065 	1062
f 2193 	2195 	1062
f 1065 	2195 	2196
f 1065 	2196 	1067
f 1067 	2196 	2197
f 1067 	2197 	1068
f 1068 	2197 	2198
f 1068 	2198 	1069
f 1069 	2198 	2200
f 1069 	2200 	1070
f 1070 	2200 	2201
f 1070 	2201 	1071
f 1071 	2201 	1076
f 1073 	1072 	2202
f 1073 	2202 	2203
f 1074 	1073 	2203
f 1074 	2203 	2204
f 2204 	2171 	1074
f 1040 	1074 	2171
f 2205 	2176 	1075
f 1075 	2176 	1045
f 237 	98 	1075
f 1036 	49 	48
f 2201 	2206 	1076
f 1076 	2206 	2207
f 1076 	2207 	1077
f 1077 	2207 	2208
f 1077 	2208 	1078
f 1078 	2208 	2209
f 1078 	2209 	1079
f 1079 	2209 	2210
f 1079 	2210 	1080
f 1080 	2210 	2211
f 1080 	2211 	1081
f 1081 	2211 	2212
f 1081 	2212 	1082
f 21 	1082 	2212
f 1083 	1088 	2213
f 1084 	1083 	2213
f 1084 	2213 	2214
f 1085 	1084 	2214
f 1085 	2214 	2215
f 2215 	2202 	1085
f 1072 	1085 	2202
f 1091 	2222 	2221
f 1091 	2221 	1092
f 1090 	2223 	2222
f 1090 	2222 	1091
f 1089 	2224 	2223
f 1089 	2223 	1090
f 2161 	2224 	1089
f 2161 	1089 	1030
f 1093 	2220 	2219
f 1093 	2219 	1094
f 2221 	2220 	1093
f 2221 	1093 	1092
f 1086 	24 	2216
f 1087 	1086 	2216
f 1087 	2216 	2217
f 1088 	1087 	2217
f 1088 	2217 	2218
f 1088 	2218 	2213
f 20 	37 	2229
f 21 	2212 	2225
f 2226 	22 	2225
f 21 	2225 	22
f 2226 	2227 	22
f 23 	22 	2227
f 2228 	24 	2227
f 23 	2227 	24
f 2228 	2216 	24
f 25 	2235 	2245
f 12 	2229 	2232
f 28 	2231 	2230
f 30 	28 	2234
f 2230 	2234 	28
f 12 	2235 	25
f 12 	2232 	2235
f 2231 	12 	2232
f 2233 	31 	2234
f 30 	2234 	31
f 2236 	32 	2233
f 2236 	2232 	12
f 33 	2238 	2237
f 2238 	33 	2239
f 34 	2239 	33
f 35 	2240 	2239
f 35 	2239 	34
f 2240 	35 	2241
f 36 	2241 	35
f 36 	1094 	2241
f 238 	239 	2247
f 2248 	2247 	41
f 43 	2249 	2248
f 2250 	2249 	43
f 2245 	2246 	47
f 47 	2246 	2250
f 11 	20 	12
f 2229 	12 	20
# 2332 faces

g group_0_14789940

usemtl color_14789940
s 0

f 3 	4 	99
f 3 	99 	6
f 50 	1 	13
f 50 	53 	1
f 65 	93 	54
f 53 	55 	1
f 85 	56 	51
f 63 	6 	99
f 9 	84 	8
f 1 	84 	13
f 52 	54 	93
f 72 	93 	70
f 96 	72 	73
f 73 	74 	96
f 134 	135 	76
f 66 	108 	69
f 136 	106 	76
f 80 	81 	432
f 78 	431 	77
f 65 	70 	93
f 51 	93 	85
f 9 	10 	84
f 96 	74 	86
f 92 	105 	89
f 10 	13 	84
f 51 	52 	93
f 71 	60 	94
f 94 	68 	71
f 89 	105 	88
f 7 	8 	90
f 8 	84 	90
f 96 	93 	72
f 97 	105 	92
f 94 	60 	95
f 86 	105 	96
f 62 	63 	95
f 63 	99 	95
f 141 	100 	101
f 101 	102 	141
f 102 	103 	141
f 7 	90 	5
f 87 	105 	86
f 87 	88 	105
f 99 	4 	90
f 97 	117 	105
f 66 	67 	108
f 106 	69 	108
f 68 	94 	67
f 60 	61 	95
f 62 	95 	61
f 5 	90 	4
f 114 	115 	110
f 115 	116 	110
f 116 	111 	110
f 67 	94 	108
f 109 	1991 	320
f 97 	98 	117
f 98 	100 	117
f 118 	141 	104
f 103 	104 	141
f 75 	118 	119
f 119 	120 	75
f 110 	124 	114
f 123 	114 	124
f 112 	488 	111
f 1992 	232 	320
f 125 	126 	124
f 126 	127 	124
f 55 	125 	124
f 55 	124 	1
f 127 	123 	124
f 120 	121 	75
f 106 	136 	137
f 137 	139 	106
f 136 	76 	135
f 139 	69 	106
f 117 	100 	141
f 121 	76 	75
f 134 	76 	122
f 121 	122 	76
f 141 	118 	75
f 2295 	1567 	1566
f 147 	151 	479
f 148 	481 	163
f 174 	175 	498
f 175 	499 	498
f 175 	149 	499
f 174 	172 	1836
f 1886 	1931 	204
f 482 	164 	163
f 83 	431 	82
f 83 	77 	431
f 454 	192 	191
f 189 	457 	146
f 179 	1402 	178
f 1835 	200 	158
f 202 	204 	546
f 797 	537 	85
f 93 	797 	85
f 93 	813 	797
f 105 	817 	96
f 445 	176 	173
f 216 	215 	190
f 481 	148 	480
f 480 	148 	147
f 198 	512 	513
f 199 	198 	513
f 168 	510 	156
f 185 	490 	512
f 152 	157 	496
f 185 	512 	198
f 490 	185 	184
f 531 	167 	219
f 227 	199 	527
f 475 	302 	303
f 475 	471 	302
f 443 	146 	457
f 173 	146 	443
f 173 	443 	445
f 446 	177 	176
f 315 	375 	314
f 107 	2275 	91
f 303 	325 	475
f 471 	305 	304
f 311 	333 	486
f 1575 	160 	162
f 151 	153 	478
f 196 	1454 	194
f 164 	482 	489
f 164 	489 	184
f 342 	523 	327
f 518 	353 	351
f 518 	355 	353
f 354 	519 	356
f 167 	531 	532
f 475 	325 	323
f 355 	518 	354
f 524 	359 	357
f 358 	356 	519
f 359 	524 	360
f 474 	475 	332
f 225 	1796 	224
f 319 	430 	318
f 431 	78 	432
f 79 	80 	432
f 352 	472 	351
f 368 	397 	1632
f 93 	96 	813
f 316 	428 	317
f 1940 	210 	209
f 314 	375 	428
f 428 	316 	314
f 346 	470 	348
f 344 	468 	345
f 525 	523 	362
f 362 	361 	525
f 518 	351 	472
f 376 	1633 	341
f 381 	1039 	379
f 132 	133 	393
f 140 	45 	775
f 130 	132 	392
f 393 	133 	679
f 133 	138 	679
f 113 	476 	112
f 684 	685 	383
f 391 	18 	394
f 16 	671 	678
f 384 	383 	685
f 400 	732 	382
f 18 	19 	394
f 395 	394 	19
f 19 	130 	395
f 690 	691 	312
f 130 	392 	395
f 132 	393 	392
f 775 	45 	778
f 59 	85 	537
f 313 	744 	370
f 745 	370 	744
f 748 	749 	374
f 374 	759 	375
f 759 	760 	375
f 690 	312 	689
f 691 	692 	312
f 312 	384 	689
f 700 	701 	1953
f 708 	1927 	706
f 1630 	339 	341
f 329 	474 	331
f 726 	728 	404
f 728 	729 	404
f 726 	404 	403
f 400 	404 	729
f 382 	732 	733
f 733 	734 	382
f 328 	473 	330
f 428 	430 	317
f 344 	318 	430
f 430 	319 	317
f 470 	346 	468
f 349 	348 	470
f 1921 	720 	721
f 485 	486 	333
f 741 	1979 	739
f 521 	201 	206
f 762 	375 	761
f 375 	762 	428
f 329 	330 	474
f 473 	474 	330
f 79 	432 	78
f 324 	332 	475
f 332 	331 	474
f 76 	106 	1307
f 1290 	94 	95
f 176 	445 	446
f 169 	1505 	161
f 450 	177 	446
f 450 	180 	177
f 1774 	452 	308
f 450 	453 	180
f 439 	445 	443
f 453 	454 	191
f 438 	1361 	371
f 453 	191 	180
f 469 	192 	454
f 469 	205 	192
f 456 	321 	455
f 595 	229 	228
f 595 	598 	229
f 1165 	443 	457
f 441 	446 	445
f 613 	366 	335
f 461 	1451 	463
f 1394 	1395 	402
f 459 	1394 	402
f 463 	1451 	1460
f 1460 	464 	463
f 152 	496 	477
f 477 	153 	152
f 370 	747 	374
f 1167 	493 	469
f 437 	454 	453
f 430 	468 	344
f 347 	468 	346
f 493 	205 	469
f 347 	345 	468
f 470 	350 	349
f 343 	523 	342
f 455 	307 	401
f 455 	321 	307
f 461 	427 	322
f 434 	429 	464
f 1548 	1629 	214
f 328 	326 	473
f 213 	311 	487
f 472 	350 	470
f 147 	479 	480
f 472 	352 	350
f 524 	525 	360
f 145 	1449 	1448
f 76 	1307 	1159
f 323 	324 	475
f 769 	770 	474
f 1063 	2275 	129
f 304 	302 	471
f 113 	82 	476
f 488 	112 	476
f 82 	431 	476
f 1097 	1096 	2271
f 779 	777 	1425
f 1294 	1290 	95
f 153 	477 	478
f 99 	90 	1207
f 151 	478 	479
f 1207 	1294 	99
f 482 	163 	481
f 213 	487 	459
f 84 	1 	818
f 486 	1476 	487
f 124 	110 	515
f 515 	516 	124
f 184 	489 	490
f 110 	111 	488
f 496 	157 	491
f 492 	203 	522
f 201 	522 	203
f 189 	492 	457
f 189 	203 	492
f 457 	1393 	1165
f 1393 	457 	492
f 150 	154 	501
f 469 	454 	1166
f 1911 	493 	494
f 156 	510 	491
f 157 	156 	491
f 149 	150 	500
f 171 	172 	508
f 478 	477 	1569
f 150 	501 	500
f 499 	149 	500
f 500 	436 	499
f 501 	154 	502
f 1570 	1450 	479
f 502 	154 	155
f 503 	155 	158
f 480 	479 	1450
f 482 	1500 	1501
f 504 	158 	200
f 168 	167 	532
f 200 	202 	540
f 168 	532 	510
f 502 	155 	503
f 158 	504 	503
f 504 	200 	540
f 598 	335 	229
f 507 	181 	171
f 451 	1767 	460
f 507 	171 	508
f 172 	174 	509
f 508 	172 	509
f 509 	174 	498
f 781 	220 	365
f 568 	222 	221
f 507 	506 	181
f 510 	1627 	491
f 95 	99 	1294
f 757 	403 	511
f 731 	732 	400
f 818 	1208 	84
f 199 	513 	527
f 108 	1309 	106
f 445 	439 	441
f 441 	433 	446
f 110 	488 	515
f 446 	433 	450
f 433 	436 	450
f 437 	453 	436
f 453 	450 	436
f 75 	76 	1159
f 454 	437 	1166
f 494 	1389 	517
f 468 	787 	470
f 1208 	90 	84
f 519 	354 	518
f 1 	516 	818
f 1 	124 	516
f 459 	402 	207
f 524 	357 	519
f 358 	519 	357
f 208 	402 	520
f 520 	206 	208
f 520 	521 	206
f 361 	360 	525
f 402 	1395 	520
f 402 	208 	207
f 428 	762 	763
f 522 	201 	521
f 492 	522 	1398
f 1397 	522 	521
f 326 	327 	523
f 326 	523 	473
f 519 	807 	524
f 464 	466 	434
f 434 	466 	435
f 343 	362 	523
f 794 	795 	523
f 473 	523 	766
f 430 	784 	468
f 468 	786 	787
f 472 	800 	518
f 470 	789 	472
f 1405 	182 	306
f 812 	799 	525
f 534 	227 	527
f 471 	475 	750
f 1499 	481 	480
f 755 	756 	511
f 1500 	482 	481
f 306 	334 	1455
f 740 	742 	313
f 313 	743 	744
f 759 	374 	749
f 535 	1496 	389
f 428 	763 	764
f 428 	764 	430
f 227 	534 	228
f 790 	472 	789
f 518 	803 	519
f 528 	219 	222
f 531 	219 	528
f 808 	809 	524
f 525 	811 	812
f 809 	810 	524
f 475 	474 	770
f 756 	757 	511
f 59 	537 	536
f 473 	766 	767
f 767 	768 	473
f 752 	754 	471
f 764 	765 	430
f 789 	470 	788
f 538 	1537 	406
f 470 	787 	788
f 1539 	1558 	539
f 519 	806 	807
f 524 	807 	808
f 534 	527 	1586
f 523 	798 	794
f 766 	523 	795
f 202 	546 	540
f 474 	473 	768
f 474 	768 	769
f 547 	204 	212
f 547 	212 	548
f 546 	204 	547
f 791 	792 	472
f 802 	518 	801
f 800 	801 	518
f 810 	811 	525
f 525 	524 	810
f 523 	525 	798
f 209 	543 	561
f 209 	210 	544
f 544 	543 	209
f 545 	544 	210
f 210 	211 	545
f 211 	181 	506
f 211 	506 	545
f 595 	228 	534
f 377 	548 	212
f 377 	998 	548
f 579 	1949 	582
f 335 	598 	613
f 561 	543 	616
f 582 	1515 	579
f 528 	222 	568
f 582 	616 	1515
f 582 	561 	616
f 377 	378 	998
f 1582 	645 	646
f 1582 	647 	645
f 1510 	1589 	606
f 657 	1446 	656
f 1446 	658 	656
f 387 	388 	1095
f 1446 	659 	658
f 1436 	663 	664
f 666 	667 	665
f 669 	670 	668
f 665 	668 	670
f 668 	672 	673
f 668 	673 	669
f 668 	1580 	672
f 665 	670 	666
f 2 	606 	675
f 606 	1589 	675
f 674 	672 	1580
f 394 	1134 	391
f 1503 	650 	648
f 649 	647 	1582
f 220 	781 	677
f 677 	221 	220
f 677 	568 	221
f 138 	140 	680
f 140 	775 	680
f 383 	683 	684
f 384 	685 	686
f 686 	687 	384
f 384 	687 	689
f 1925 	1953 	701
f 710 	1928 	709
f 716 	719 	1921
f 720 	1921 	719
f 369 	783 	373
f 725 	1978 	724
f 400 	729 	730
f 730 	731 	400
f 383 	382 	734
f 734 	683 	383
f 1978 	725 	735
f 403 	757 	758
f 727 	403 	737
f 727 	726 	403
f 758 	737 	403
f 739 	1978 	735
f 743 	313 	742
f 1360 	372 	371
f 745 	746 	370
f 746 	747 	370
f 363 	793 	364
f 761 	375 	760
f 748 	374 	747
f 471 	750 	751
f 751 	752 	471
f 475 	753 	750
f 755 	511 	754
f 511 	471 	754
f 1651 	711 	703
f 449 	448 	1379
f 773 	430 	765
f 771 	475 	770
f 753 	475 	772
f 771 	772 	475
f 773 	774 	430
f 776 	777 	1873
f 1596 	775 	778
f 680 	679 	138
f 371 	1361 	1360
f 1422 	776 	688
f 1423 	777 	776
f 440 	541 	1610
f 321 	456 	322
f 456 	461 	322
f 427 	461 	463
f 429 	427 	463
f 463 	464 	429
f 782 	369 	366
f 435 	466 	1400
f 435 	1400 	526
f 782 	366 	613
f 1425 	1426 	779
f 385 	373 	805
f 805 	1222 	385
f 1610 	1611 	440
f 782 	783 	369
f 459 	207 	213
f 1426 	541 	779
f 397 	1541 	396
f 373 	783 	805
f 774 	784 	430
f 786 	468 	785
f 785 	468 	784
f 791 	472 	790
f 800 	472 	792
f 806 	519 	804
f 518 	802 	803
f 804 	519 	803
f 386 	385 	1222
f 798 	525 	799
f 817 	813 	96
f 821 	817 	105
f 817 	1620 	813
f 1338 	128 	131
f 105 	117 	821
f 141 	1152 	117
f 117 	1152 	821
f 1846 	440 	822
f 1163 	128 	1338
f 823 	483 	824
f 1612 	823 	822
f 483 	823 	1612
f 484 	825 	824
f 485 	333 	825
f 1611 	822 	440
f 824 	483 	484
f 825 	484 	485
f 486 	487 	311
f 196 	197 	1404
f 196 	1404 	1454
f 336 	340 	1486
f 536 	1551 	535
f 535 	1551 	1496
f 197 	1401 	1404
f 778 	678 	1597
f 1597 	1596 	778
f 1163 	129 	128
f 1100 	388 	390
f 340 	389 	1495
f 379 	1039 	1023
f 378 	379 	1023
f 378 	1023 	998
f 1990 	1018 	993
f 1066 	1039 	381
f 381 	387 	1066
f 387 	1095 	1066
f 1510 	606 	579
f 814 	1829 	819
f 1095 	388 	1100
f 650 	1503 	652
f 2272 	1122 	1339
f 2274 	1096 	1122
f 1437 	1123 	1436
f 1436 	664 	662
f 131 	1339 	1338
f 2274 	2271 	1096
f 1588 	675 	1589
f 1133 	1146 	667
f 214 	215 	1548
f 679 	680 	1144
f 676 	674 	1580
f 680 	775 	1595
f 775 	1596 	1595
f 993 	1018 	1935
f 675 	1588 	671
f 1063 	129 	1163
f 1100 	390 	1115
f 390 	391 	1115
f 1134 	1115 	391
f 452 	1772 	451
f 646 	1581 	1582
f 392 	1136 	395
f 310 	188 	1631
f 394 	1147 	1134
f 395 	1147 	394
f 663 	1436 	1123
f 1123 	1437 	1124
f 1124 	1437 	1126
f 678 	1592 	1597
f 678 	671 	1592
f 1141 	1142 	1140
f 1143 	1141 	1140
f 1140 	1145 	1143
f 1131 	1132 	1146
f 1140 	1146 	1145
f 1132 	1145 	1146
f 1146 	1133 	1131
f 665 	667 	1146
f 395 	1136 	1147
f 392 	1150 	1136
f 1790 	738 	736
f 392 	393 	1150
f 393 	679 	1151
f 1151 	1150 	393
f 1152 	141 	1153
f 141 	75 	1153
f 75 	1159 	1153
f 661 	660 	1435
f 679 	1144 	1151
f 1595 	1144 	680
f 796 	364 	793
f 500 	437 	436
f 796 	365 	364
f 796 	781 	365
f 437 	500 	501
f 501 	502 	1166
f 1167 	1166 	502
f 1309 	1307 	106
f 1165 	439 	443
f 499 	433 	498
f 433 	499 	436
f 813 	1620 	1557
f 501 	1166 	437
f 469 	1166 	1167
f 1164 	493 	1167
f 1164 	494 	493
f 431 	432 	1556
f 507 	1165 	1393
f 508 	439 	1165
f 782 	514 	783
f 1169 	1456 	1170
f 1459 	1171 	1170
f 1171 	1459 	1173
f 1138 	1139 	1179
f 1178 	1179 	1139
f 1179 	1140 	1142
f 1179 	1142 	1138
f 1180 	1181 	1182
f 1183 	1184 	1181
f 1181 	1184 	1182
f 1185 	1874 	1180
f 1188 	1183 	1187
f 1181 	1187 	1183
f 1187 	1189 	1188
f 1527 	1186 	1190
f 1176 	1177 	1191
f 1177 	1189 	1191
f 1187 	1191 	1189
f 1191 	1178 	1176
f 1191 	1179 	1178
f 797 	813 	1557
f 386 	1222 	1240
f 444 	386 	1240
f 1376 	1377 	447
f 447 	444 	1376
f 90 	1208 	1207
f 1511 	1512 	1308
f 1309 	108 	1281
f 1312 	1491 	1311
f 1493 	1313 	1311
f 1174 	1491 	1175
f 1312 	1175 	1491
f 1316 	1315 	1563
f 1281 	94 	1290
f 1194 	1874 	1185
f 1281 	108 	94
f 1563 	1321 	1322
f 1563 	1322 	1316
f 1493 	1311 	1491
f 1519 	1320 	1520
f 1323 	1195 	1521
f 1321 	1563 	1324
f 505 	1528 	1190
f 1190 	1529 	1527
f 1334 	1820 	1318
f 1820 	1873 	1317
f 1223 	1417 	1221
f 1186 	1418 	1223
f 1223 	1419 	1417
f 1529 	1190 	1528
f 1334 	1332 	1820
f 1308 	1514 	1511
f 1122 	1963 	1339
f 1520 	1323 	1522
f 1634 	1328 	1326
f 1329 	1634 	1330
f 1708 	1351 	1349
f 1629 	1628 	218
f 1331 	1669 	1340
f 1350 	1340 	1669
f 1669 	1331 	1330
f 1351 	1708 	1352
f 1358 	1356 	1777
f 1777 	1359 	1358
f 1345 	1343 	1813
f 1813 	1346 	1345
f 372 	1360 	1357
f 1357 	363 	372
f 1317 	1318 	1820
f 793 	363 	1357
f 1356 	1354 	1777
f 1240 	1376 	444
f 1343 	1341 	1813
f 223 	1821 	1826
f 448 	681 	1378
f 1379 	448 	1378
f 218 	214 	1629
f 441 	498 	433
f 1393 	506 	507
f 507 	508 	1165
f 439 	508 	509
f 441 	439 	509
f 441 	509 	498
f 503 	1167 	502
f 1164 	1167 	503
f 503 	504 	1164
f 1579 	682 	514
f 1364 	1363 	1621
f 1494 	495 	398
f 1579 	514 	1576
f 218 	1628 	225
f 1628 	1796 	225
f 1305 	1306 	1369
f 1368 	1305 	1369
f 1306 	1362 	1369
f 1362 	1457 	1369
f 1804 	736 	887
f 1366 	1625 	1373
f 1373 	1374 	1851
f 738 	1791 	703
f 1368 	1367 	1304
f 1304 	1305 	1368
f 1388 	438 	442
f 447 	1377 	681
f 1207 	1675 	1294
f 862 	826 	1773
f 1370 	1810 	1371
f 1377 	1378 	681
f 1809 	886 	1372
f 1380 	442 	449
f 533 	1603 	1698
f 1547 	432 	396
f 529 	1652 	1647
f 1647 	530 	529
f 1603 	533 	1602
f 449 	1379 	1380
f 310 	1631 	1788
f 538 	1538 	1537
f 738 	1790 	1791
f 1308 	1310 	1514
f 1652 	529 	711
f 1416 	1414 	1221
f 1416 	1221 	1417
f 1607 	1609 	717
f 1607 	717 	682
f 1620 	817 	1624
f 821 	1624 	817
f 1380 	1388 	442
f 1361 	438 	1388
f 1553 	797 	1557
f 1357 	736 	793
f 717 	1222 	805
f 826 	1240 	1222
f 826 	862 	1240
f 862 	874 	1376
f 1376 	1240 	862
f 1377 	1148 	1378
f 516 	515 	1639
f 1370 	1380 	1379
f 1361 	1388 	1372
f 1380 	1371 	1388
f 1361 	886 	1360
f 793 	738 	796
f 1377 	1376 	874
f 1148 	1377 	874
f 1378 	1148 	1149
f 1378 	1149 	1379
f 1379 	1149 	1370
f 1380 	1370 	1371
f 1388 	1371 	1372
f 1125 	1412 	1127
f 1372 	886 	1361
f 1129 	1421 	1130
f 1954 	1122 	1096
f 1122 	1954 	1963
f 1149 	1148 	1798
f 1798 	1806 	1149
f 489 	482 	1501
f 1505 	1487 	161
f 513 	512 	1572
f 1570 	479 	478
f 1386 	1383 	1387
f 1307 	1706 	1159
f 1729 	1387 	1367
f 504 	540 	1389
f 1164 	504 	1389
f 1389 	540 	1390
f 540 	546 	1390
f 547 	1391 	546
f 1164 	1389 	494
f 546 	1391 	1390
f 517 	1389 	1390
f 401 	517 	1390
f 1644 	1152 	1153
f 1391 	401 	1390
f 1392 	455 	1391
f 1392 	456 	455
f 1391 	455 	401
f 1399 	456 	1392
f 1399 	461 	456
f 492 	1398 	1393
f 144 	145 	1448
f 506 	1393 	1398
f 1394 	616 	1395
f 520 	1395 	1396
f 1396 	521 	520
f 1396 	1397 	521
f 1397 	1398 	522
f 194 	1453 	338
f 544 	1397 	1396
f 197 	178 	1401
f 1395 	616 	543
f 543 	1396 	1395
f 543 	544 	1396
f 545 	1397 	544
f 545 	1398 	1397
f 1398 	545 	506
f 1391 	547 	1392
f 548 	1392 	547
f 1495 	1486 	340
f 548 	998 	1399
f 998 	1451 	1399
f 1399 	1451 	461
f 1460 	1463 	464
f 1320 	1518 	1310
f 1323 	1521 	1522
f 1401 	178 	1402
f 1500 	481 	1499
f 1432 	1237 	1415
f 1581 	646 	644
f 1402 	179 	1403
f 179 	182 	1403
f 458 	1642 	505
f 1402 	1403 	1832
f 1768 	451 	1772
f 661 	1435 	662
f 309 	1788 	1783
f 510 	1626 	1627
f 337 	1489 	368
f 1310 	1513 	1514
f 194 	1454 	1453
f 1519 	1518 	1320
f 1323 	1520 	1320
f 182 	1405 	1403
f 1405 	306 	1455
f 1419 	1223 	1418
f 1128 	1127 	1412
f 334 	1485 	1455
f 490 	1504 	1571
f 336 	1485 	334
f 1571 	512 	490
f 1154 	1433 	1156
f 460 	1759 	458
f 458 	1760 	1642
f 665 	1146 	1649
f 485 	1475 	486
f 486 	1475 	1476
f 643 	676 	1580
f 1542 	1541 	397
f 1408 	526 	1400
f 1408 	542 	526
f 688 	780 	1428
f 1408 	1411 	542
f 1411 	1428 	780
f 1411 	780 	542
f 1237 	1429 	1195
f 1126 	1437 	1125
f 1521 	1195 	1523
f 1221 	1415 	1237
f 1421 	1129 	1412
f 1415 	1221 	1414
f 1427 	1571 	1413
f 1418 	1186 	1420
f 1525 	1420 	1186
f 1422 	1423 	776
f 1128 	1412 	1129
f 1135 	1130 	1421
f 777 	1423 	1425
f 1424 	1137 	1421
f 1135 	1421 	1137
f 1610 	541 	1426
f 1433 	1154 	1424
f 1424 	1155 	1137
f 1430 	1195 	1429
f 1157 	1456 	1168
f 1237 	1431 	1429
f 688 	1428 	1422
f 1237 	1432 	1431
f 399 	59 	380
f 1155 	1424 	1154
f 466 	464 	1463
f 1158 	1433 	1157
f 1456 	1157 	1433
f 1158 	1156 	1433
f 1459 	1170 	1456
f 1503 	1443 	652
f 653 	1443 	654
f 1635 	380 	59
f 1445 	657 	655
f 1435 	660 	659
f 662 	1435 	1436
f 487 	1476 	1477
f 1477 	459 	487
f 1412 	1125 	1437
f 1477 	1394 	459
f 1443 	1445 	654
f 657 	1445 	1446
f 480 	1450 	1499
f 1407 	1406 	1953
f 1435 	659 	1446
f 2299 	1562 	1561
f 1925 	1926 	1409
f 1409 	1926 	1410
f 568 	530 	528
f 531 	1698 	532
f 1360 	886 	887
f 1357 	1360 	887
f 1357 	887 	736
f 738 	793 	736
f 682 	783 	514
f 805 	783 	682
f 653 	652 	1443
f 717 	805 	682
f 1222 	717 	826
f 655 	654 	1445
f 1382 	1385 	1381
f 495 	613 	598
f 1382 	1386 	1385
f 613 	495 	497
f 497 	514 	782
f 1386 	1382 	1383
f 1384 	1387 	1383
f 782 	613 	497
f 1384 	1304 	1367
f 1384 	1367 	1387
f 1504 	490 	489
f 534 	1586 	1590
f 534 	1590 	595
f 1192 	1874 	1194
f 1650 	668 	665
f 1580 	1581 	642
f 1399 	1392 	548
f 1365 	1366 	1468
f 397 	368 	1542
f 1328 	1634 	1329
f 1849 	1468 	1366
f 1350 	1669 	1349
f 1373 	1849 	1366
f 1496 	1495 	389
f 1825 	1381 	1452
f 537 	1552 	536
f 1381 	1385 	1452
f 1367 	1740 	1729
f 1362 	1458 	1457
f 1363 	1364 	1461
f 1461 	1458 	1363
f 1169 	1168 	1456
f 1173 	1459 	1172
f 1451 	1023 	1460
f 1741 	1368 	1369
f 1362 	1363 	1458
f 1451 	998 	1023
f 1460 	1023 	1039
f 1463 	1460 	1039
f 1775 	1772 	452
f 1783 	1781 	308
f 309 	1783 	308
f 1602 	533 	530
f 309 	310 	1788
f 1497 	1698 	1603
f 165 	1632 	188
f 1469 	1463 	1066
f 1462 	1461 	1364
f 1365 	1462 	1364
f 466 	1463 	1469
f 1365 	1468 	1462
f 1467 	1466 	1972
f 1469 	1471 	1400
f 1469 	1400 	466
f 1411 	1472 	1502
f 1971 	1466 	1465
f 1576 	514 	497
f 1408 	1400 	1471
f 1471 	1472 	1408
f 170 	1573 	169
f 485 	484 	1482
f 1601 	1599 	1422
f 1601 	1422 	1428
f 1482 	1475 	485
f 336 	1486 	1485
f 2293 	1466 	1467
f 1483 	1824 	1484
f 1484 	1824 	1825
f 1825 	1452 	1484
f 1314 	1313 	1493
f 1314 	1493 	1315
f 1589 	1476 	1475
f 1422 	1599 	1423
f 1425 	1600 	1605
f 1600 	1425 	1423
f 1489 	1542 	368
f 337 	338 	1490
f 1489 	337 	1490
f 338 	1453 	1490
f 1491 	1172 	1459
f 1485 	1486 	1865
f 1492 	1494 	398
f 1631 	188 	1632
f 1491 	1174 	1172
f 1324 	1568 	1325
f 538 	539 	1558
f 1327 	1568 	1326
f 1411 	1408 	1472
f 1502 	1428 	1411
f 1503 	648 	649
f 1601 	1428 	1502
f 1585 	170 	234
f 1425 	1605 	1426
f 1605 	1606 	1426
f 1310 	1518 	1517
f 1509 	144 	1448
f 1498 	1482 	484
f 1766 	460 	1767
f 452 	1774 	1775
f 539 	1559 	1539
f 1921 	1480 	1479
f 539 	1308 	1560
f 1512 	1560 	1308
f 1515 	1477 	1510
f 1517 	1516 	1310
f 1515 	616 	1394
f 1513 	1310 	1516
f 1515 	1394 	1477
f 1463 	1039 	1066
f 1066 	1095 	1469
f 1095 	1471 	1469
f 1095 	1100 	1471
f 1195 	1430 	1524
f 1524 	1523 	1195
f 1100 	1472 	1471
f 1186 	1526 	1525
f 1527 	1526 	1186
f 505 	1531 	1530
f 1530 	1528 	505
f 1531 	505 	1532
f 1642 	1532 	505
f 1766 	1763 	460
f 579 	1515 	1510
f 1475 	1482 	1588
f 1588 	1589 	1475
f 1846 	1179 	1191
f 1476 	1589 	1510
f 1510 	1477 	1476
f 1648 	1649 	1146
f 1140 	1648 	1146
f 495 	1494 	1533
f 1774 	308 	1776
f 1533 	1576 	497
f 495 	1533 	497
f 1534 	1535 	406
f 405 	406 	1636
f 1535 	1636 	406
f 406 	1536 	1534
f 1536 	406 	1537
f 1509 	1549 	216
f 216 	144 	1509
f 1886 	1865 	1486
f 1540 	1827 	1543
f 1063 	1163 	1975
f 396 	1541 	1547
f 462 	465 	1850
f 537 	797 	1553
f 1474 	1473 	1838
f 1823 	1474 	1838
f 234 	236 	1591
f 1824 	1483 	1823
f 1474 	1823 	1483
f 537 	1553 	1552
f 465 	467 	1852
f 467 	1853 	1852
f 1473 	1546 	1845
f 1551 	536 	1552
f 215 	1549 	1548
f 215 	216 	1549
f 432 	1547 	1556
f 515 	488 	1640
f 1640 	1639 	515
f 1554 	1640 	488
f 488 	476 	1554
f 431 	1555 	476
f 1152 	1641 	821
f 489 	1501 	1504
f 538 	1558 	1538
f 539 	1560 	1559
f 476 	1555 	1554
f 1584 	527 	513
f 1555 	431 	1556
f 462 	1850 	1604
f 1852 	1850 	465
f 1541 	1542 	1938
f 1493 	1563 	1315
f 1453 	1861 	1490
f 477 	1594 	1569
f 1567 	159 	1574
f 1324 	1563 	1568
f 1327 	1325 	1568
f 160 	1574 	159
f 1570 	478 	1569
f 1634 	1326 	1568
f 477 	496 	1594
f 1565 	178 	1564
f 1574 	160 	1575
f 1505 	169 	1573
f 1585 	234 	1591
f 1575 	334 	1574
f 162 	1583 	1575
f 162 	339 	1583
f 1454 	1404 	1837
f 1571 	1572 	512
f 513 	1572 	1584
f 1455 	1834 	1405
f 1577 	1587 	166
f 166 	2300 	1577
f 668 	1650 	1580
f 2300 	1578 	1577
f 642 	643 	1580
f 644 	642 	1581
f 1886 	1486 	1495
f 1503 	649 	1582
f 529 	530 	568
f 677 	529 	568
f 1857 	1938 	1542
f 1859 	1489 	1490
f 1861 	1859 	1490
f 1454 	1836 	1453
f 1590 	398 	595
f 1837 	1836 	1454
f 1402 	1831 	1401
f 1402 	1832 	1831
f 1583 	339 	1630
f 1403 	1405 	1833
f 1832 	1403 	1833
f 336 	1575 	1583
f 1281 	1290 	1703
f 170 	1585 	1573
f 1472 	1115 	1502
f 1584 	1586 	527
f 1592 	671 	1588
f 1578 	1561 	194
f 398 	495 	598
f 1605 	1150 	1151
f 398 	598 	595
f 1632 	165 	1587
f 165 	166 	1587
f 1409 	1501 	1500
f 1593 	1594 	496
f 1592 	1588 	1482
f 1593 	496 	491
f 1115 	1472 	1100
f 1502 	1115 	1134
f 1134 	1147 	1601
f 1502 	1134 	1601
f 1570 	1569 	1441
f 1498 	1597 	1592
f 367 	1598 	236
f 1144 	1595 	1608
f 1598 	1591 	236
f 367 	1604 	1598
f 367 	462 	1604
f 1597 	1498 	1508
f 682 	1579 	1607
f 1647 	1602 	530
f 1147 	1599 	1601
f 1599 	1136 	1600
f 1596 	1597 	1508
f 1497 	1603 	400
f 1498 	1592 	1482
f 1147 	1136 	1599
f 1423 	1599 	1600
f 1608 	1507 	1611
f 1596 	1508 	1507
f 1621 	1619 	1613
f 1600 	1136 	1150
f 1150 	1605 	1600
f 1459 	1456 	192
f 1606 	1605 	1151
f 1144 	1606 	1151
f 1144 	1608 	1606
f 1595 	1596 	1507
f 1595 	1507 	1608
f 1616 	1617 	1306
f 1612 	822 	1611
f 1426 	1606 	1610
f 1608 	1610 	1606
f 1608 	1611 	1610
f 1611 	1507 	1612
f 1508 	1612 	1507
f 201 	1446 	1445
f 1498 	483 	1508
f 201 	203 	1446
f 1612 	1508 	483
f 483 	1498 	484
f 173 	1437 	146
f 173 	1412 	1437
f 177 	1424 	1421
f 1309 	1702 	1707
f 1309 	1281 	1702
f 1306 	1619 	1362
f 1619 	1363 	1362
f 1363 	1619 	1621
f 1364 	1621 	1622
f 1622 	1365 	1364
f 1622 	1623 	1365
f 1623 	1366 	1365
f 1305 	1304 	1615
f 1556 	1939 	1950
f 1617 	1613 	1619
f 1622 	1915 	1623
f 1623 	1625 	1366
f 1609 	826 	717
f 874 	1797 	1148
f 1567 	306 	182
f 1626 	510 	532
f 1633 	1630 	341
f 491 	1627 	1593
f 1552 	1943 	1551
f 814 	1830 	1829
f 1821 	223 	224
f 1587 	368 	1632
f 376 	380 	1635
f 1633 	376 	1635
f 1492 	1978 	1494
f 1348 	1815 	1337
f 1669 	1330 	1634
f 1586 	1584 	1479
f 1481 	1627 	1506
f 85 	59 	399
f 405 	85 	399
f 405 	1636 	56
f 405 	56 	85
f 1635 	535 	1633
f 1594 	1440 	1569
f 536 	1635 	59
f 1346 	1813 	1814
f 1814 	1347 	1346
f 197 	1562 	1564
f 197 	1564 	178
f 179 	1565 	1566
f 1567 	182 	1566
f 179 	1566 	182
f 1439 	1479 	1584
f 2298 	1464 	2299
f 1574 	306 	1567
f 1925 	1409 	1407
f 1307 	1309 	1707
f 1707 	1706 	1307
f 1917 	1921 	1479
f 821 	1641 	1624
f 1479 	1439 	1917
f 194 	338 	1578
f 1583 	1630 	340
f 340 	336 	1583
f 1633 	389 	1630
f 1208 	1677 	1207
f 389 	340 	1630
f 1635 	536 	535
f 389 	1633 	535
f 196 	1561 	1562
f 1413 	1927 	1928
f 1464 	2298 	1449
f 1413 	1410 	1927
f 178 	1565 	179
f 306 	1574 	334
f 1575 	336 	334
f 2292 	1465 	1466
f 2292 	1466 	2293
f 1441 	1440 	1973
f 1641 	1152 	1644
f 1645 	1644 	1153
f 1153 	1159 	1645
f 1410 	1926 	1927
f 1645 	1159 	1706
f 1208 	818 	1684
f 1684 	1677 	1208
f 818 	516 	1643
f 1809 	1372 	1811
f 1625 	1918 	1646
f 1373 	1625 	1646
f 1619 	1306 	1617
f 1179 	1847 	1140
f 1795 	874 	862
f 665 	1649 	1650
f 874 	1795 	1797
f 1372 	1371 	1811
f 819 	1942 	820
f 703 	1791 	1651
f 1651 	1652 	711
f 1374 	1373 	1646
f 1586 	1479 	1480
f 1492 	1590 	1480
f 1492 	398 	1590
f 1374 	1646 	1653
f 1586 	1480 	1590
f 1305 	1616 	1306
f 1625 	1623 	1916
f 1916 	1918 	1625
f 1794 	1375 	1653
f 1374 	1653 	1375
f 1410 	1413 	1504
f 1413 	1571 	1504
f 1427 	1439 	1572
f 1572 	1439 	1584
f 1427 	1572 	1571
f 1643 	1684 	818
f 516 	1639 	1643
f 796 	738 	703
f 781 	796 	703
f 703 	711 	781
f 677 	781 	711
f 711 	529 	677
f 533 	528 	530
f 1207 	1677 	1675
f 533 	531 	528
f 1704 	1294 	1675
f 533 	1698 	531
f 1626 	532 	1698
f 1626 	1698 	1497
f 1497 	1506 	1626
f 1627 	1626 	1506
f 1593 	1627 	1481
f 1675 	140 	1704
f 1593 	1481 	1442
f 1594 	1593 	1442
f 1442 	1440 	1594
f 1441 	1438 	1570
f 1708 	1349 	1669
f 1440 	1441 	1569
f 1634 	321 	1669
f 1570 	1438 	1450
f 1406 	1450 	1438
f 1407 	1499 	1406
f 1450 	1406 	1499
f 1500 	1499 	1407
f 1407 	1409 	1500
f 1410 	1501 	1409
f 1504 	1501 	1410
f 1352 	1708 	1353
f 1720 	1353 	1708
f 1777 	1354 	1720
f 1720 	1355 	1353
f 1359 	1812 	1344
f 1332 	1333 	1820
f 1819 	1820 	1333
f 1790 	736 	1804
f 1333 	1335 	1819
f 1760 	458 	1759
f 1759 	460 	1763
f 451 	1768 	1767
f 1609 	1982 	1773
f 1609 	1773 	826
f 1776 	308 	1781
f 1355 	1720 	1354
f 1782 	1783 	1784
f 1783 	1785 	1784
f 1783 	1788 	1785
f 1782 	1787 	1783
f 1359 	1777 	1812
f 432 	81 	1788
f 81 	1786 	1788
f 1786 	1785 	1788
f 1788 	1631 	396
f 396 	1631 	397
f 1788 	396 	432
f 1632 	397 	1631
f 1587 	1577 	337
f 337 	368 	1587
f 1577 	1578 	338
f 1787 	1781 	1783
f 1577 	338 	337
f 886 	1809 	1803
f 1561 	196 	194
f 1740 	1368 	1741
f 1562 	197 	196
f 143 	1563 	1493
f 1830 	814 	815
f 815 	223 	1826
f 1811 	1371 	1810
f 322 	1708 	1669
f 1720 	429 	1777
f 1773 	1901 	1795
f 1795 	862 	1773
f 1384 	1383 	1818
f 1304 	1618 	1615
f 1305 	1615 	1616
f 1702 	1281 	1703
f 1290 	1704 	1703
f 1290 	1294 	1704
f 887 	886 	1803
f 1643 	16 	1684
f 1798 	1148 	1797
f 1375 	1794 	1434
f 1806 	1810 	1370
f 1799 	1434 	1794
f 1370 	1149 	1806
f 1555 	1949 	1554
f 1367 	1368 	1740
f 1959 	1805 	1800
f 1799 	1800 	1444
f 1903 	1904 	1795
f 1906 	1907 	1797
f 1908 	1893 	1798
f 1894 	1806 	1798
f 887 	1803 	1804
f 1816 	1382 	1381
f 1339 	1962 	1338
f 1891 	1880 	1804
f 1871 	1872 	1809
f 1796 	1628 	308
f 1729 	1740 	2273
f 467 	651 	1853
f 1863 	1864 	1810
f 1868 	1869 	1811
f 1798 	1797 	1907
f 1386 	1727 	1808
f 1342 	1812 	1341
f 1813 	1341 	1812
f 1806 	1894 	1895
f 1810 	1862 	1863
f 1383 	1382 	1817
f 1342 	1344 	1812
f 1817 	1818 	1383
f 1888 	1889 	1803
f 1618 	1304 	1384
f 1890 	1891 	1804
f 1646 	1918 	1919
f 1814 	1815 	1347
f 1348 	1347 	1815
f 1653 	1646 	1919
f 1790 	1804 	1877
f 1336 	1337 	1815
f 1369 	1457 	1741
f 1815 	1819 	1336
f 1335 	1336 	1819
f 1919 	1920 	1653
f 1882 	1883 	1791
f 1373 	1851 	1849
f 1873 	1193 	1319
f 1960 	1805 	1959
f 1669 	321 	322
f 1381 	1825 	1842
f 1816 	1381 	1842
f 1817 	1382 	1816
f 1618 	1384 	1818
f 1812 	434 	435
f 1812 	1777 	434
f 1812 	435 	1813
f 1902 	1795 	1901
f 1319 	1317 	1873
f 1801 	1483 	1484
f 1885 	1887 	1651
f 1819 	688 	1820
f 1647 	403 	1602
f 1339 	1963 	1962
f 1799 	1444 	1434
f 1447 	1444 	1800
f 1800 	1805 	1447
f 1706 	19 	1645
f 133 	1702 	1703
f 1822 	1488 	1805
f 1822 	1540 	1488
f 1805 	1488 	1447
f 1942 	819 	1829
f 1579 	1576 	370
f 1805 	1960 	1822
f 224 	1796 	1821
f 1960 	1961 	1822
f 1804 	1803 	1890
f 1796 	452 	1821
f 1878 	1879 	1790
f 1540 	1822 	1827
f 1973 	1440 	312
f 1442 	312 	1440
f 1496 	1931 	1495
f 1547 	1939 	1556
f 1547 	1541 	1940
f 1541 	1938 	1940
f 1940 	1939 	1547
f 1857 	1542 	1489
f 1962 	1981 	1338
f 1544 	2285 	1543
f 1831 	1839 	1401
f 1506 	1497 	382
f 815 	1826 	1830
f 1833 	1405 	1834
f 1941 	1097 	820
f 1438 	1441 	1957
f 1941 	820 	1942
f 1455 	1835 	1834
f 1485 	1835 	1455
f 1163 	1338 	1981
f 1828 	1544 	1543
f 1838 	1997 	1823
f 1473 	1845 	1838
f 1837 	1404 	1839
f 1404 	1401 	1839
f 1544 	1828 	1840
f 1453 	1836 	1861
f 216 	190 	183
f 174 	1836 	1837
f 1841 	1848 	1550
f 2119 	1997 	1838
f 780 	688 	1819
f 1827 	1822 	1961
f 1819 	1815 	780
f 1828 	1968 	1980
f 1980 	1840 	1828
f 1965 	1967 	1824
f 1967 	1825 	1824
f 1825 	1967 	1842
f 213 	1582 	1581
f 1997 	1965 	1823
f 1179 	1846 	1847
f 1847 	1648 	1140
f 1848 	1841 	2054
f 1847 	1846 	822
f 1847 	823 	1648
f 201 	1445 	206
f 203 	189 	1435
f 189 	1436 	1435
f 1435 	1446 	203
f 146 	1436 	189
f 1437 	1436 	146
f 176 	1412 	173
f 176 	177 	1421
f 1421 	1412 	176
f 651 	863 	1912
f 1424 	177 	180
f 651 	1912 	1853
f 180 	1433 	1424
f 824 	1648 	823
f 1797 	1905 	1906
f 1385 	1386 	1808
f 1386 	1387 	1727
f 207 	1503 	1582
f 1727 	1387 	1729
f 311 	213 	1581
f 1864 	1867 	1810
f 1580 	311 	1581
f 1806 	1866 	1810
f 207 	1582 	213
f 1851 	2276 	1849
f 207 	208 	1503
f 1375 	1854 	1374
f 206 	1443 	208
f 1443 	1503 	208
f 1445 	1443 	206
f 1851 	1374 	1854
f 1875 	1855 	1187
f 1910 	1856 	1434
f 1855 	1191 	1187
f 1846 	1191 	1855
f 1434 	1856 	1375
f 175 	174 	1837
f 1839 	175 	1837
f 1831 	149 	1839
f 1878 	1790 	1877
f 175 	1839 	149
f 1831 	1832 	150
f 1879 	1881 	1790
f 1854 	1375 	1856
f 149 	1831 	150
f 150 	1832 	154
f 1833 	154 	1832
f 1834 	155 	1833
f 158 	155 	1834
f 155 	154 	1833
f 1834 	1835 	158
f 1629 	1548 	310
f 1862 	1810 	1866
f 172 	1861 	1836
f 1867 	1868 	1811
f 1869 	1870 	1811
f 1811 	1810 	1867
f 1809 	1811 	1870
f 1870 	1871 	1809
f 1872 	1898 	1809
f 1192 	1193 	1874
f 1873 	1874 	1193
f 1791 	1881 	1882
f 1181 	1180 	1874
f 1791 	1790 	1881
f 1874 	1875 	1181
f 1875 	1187 	1181
f 1647 	1652 	511
f 1820 	688 	776
f 1874 	1873 	777
f 776 	1873 	1820
f 779 	1874 	777
f 1875 	1874 	779
f 779 	541 	1875
f 1875 	541 	1855
f 541 	440 	1855
f 1773 	1900 	1901
f 1855 	440 	1846
f 1847 	822 	823
f 1835 	1485 	1865
f 1905 	1797 	1904
f 1877 	1804 	1880
f 1883 	1884 	1791
f 2280 	1858 	1876
f 1651 	1791 	1884
f 1884 	1885 	1651
f 2104 	2119 	1845
f 1845 	1844 	2104
f 1887 	305 	1651
f 1838 	1845 	2119
f 1931 	1886 	1495
f 1890 	1803 	1889
f 1795 	1902 	1903
f 1797 	1795 	1904
f 1857 	1489 	1859
f 993 	1924 	863
f 1894 	1798 	1893
f 1806 	1895 	1896
f 1866 	1806 	1897
f 1896 	1897 	1806
f 1898 	1888 	1803
f 1859 	1861 	171
f 1803 	1809 	1898
f 1609 	1607 	375
f 1861 	172 	171
f 171 	181 	1859
f 1900 	1773 	1899
f 1908 	1798 	1907
f 367 	236 	231
f 1650 	1649 	825
f 1876 	1858 	224
f 1649 	1648 	824
f 825 	1649 	824
f 1650 	825 	333
f 1965 	1824 	1823
f 1650 	333 	1580
f 1457 	1458 	2266
f 311 	1580 	333
f 384 	1442 	1481
f 2041 	2054 	1841
f 1433 	180 	191
f 1456 	1433 	191
f 1841 	1840 	2041
f 1456 	191 	192
f 1459 	192 	205
f 1491 	1459 	205
f 1911 	1491 	205
f 1913 	1439 	1427
f 1568 	142 	307
f 1444 	1910 	1434
f 142 	1568 	1563
f 1444 	1447 	1929
f 1568 	307 	1634
f 195 	214 	193
f 1444 	1929 	1910
f 142 	1563 	143
f 1634 	307 	321
f 183 	144 	216
f 322 	427 	1708
f 1452 	1802 	1484
f 427 	429 	1720
f 1452 	1385 	1807
f 1720 	1708 	427
f 1777 	429 	434
f 1807 	1802 	1452
f 1807 	1385 	1808
f 2273 	144 	183
f 1813 	435 	526
f 526 	542 	1814
f 542 	1815 	1814
f 1813 	526 	1814
f 542 	780 	1815
f 1844 	2100 	2104
f 1484 	1802 	1801
f 2100 	1844 	1843
f 1427 	1413 	1928
f 205 	493 	1911
f 143 	1911 	494
f 186 	2276 	1851
f 517 	143 	494
f 186 	1851 	1854
f 993 	1935 	1924
f 1912 	863 	1924
f 1621 	1613 	1914
f 1427 	1928 	1913
f 1914 	1622 	1621
f 1915 	1622 	1914
f 1623 	1915 	1916
f 1917 	1439 	1913
f 1913 	714 	1917
f 1794 	1653 	1920
f 1442 	384 	312
f 471 	511 	1652
f 1652 	1651 	305
f 471 	1652 	305
f 403 	1647 	511
f 1602 	403 	404
f 404 	1603 	1602
f 168 	1615 	1618
f 370 	374 	1579
f 380 	1598 	1604
f 1604 	399 	380
f 1850 	399 	1604
f 1852 	1853 	406
f 722 	1922 	721
f 1480 	1921 	1922
f 1480 	1922 	1492
f 1923 	1799 	1794
f 1922 	1978 	1492
f 1494 	1978 	1979
f 1979 	1533 	1494
f 1603 	404 	400
f 1497 	400 	382
f 383 	1506 	382
f 383 	1481 	1506
f 1406 	1958 	1953
f 1918 	1916 	148
f 1925 	1407 	1953
f 1540 	2283 	1933
f 181 	211 	1857
f 1857 	1859 	181
f 200 	1835 	1865
f 1929 	230 	1910
f 1865 	202 	200
f 1886 	202 	1865
f 1911 	1493 	1491
f 202 	1886 	204
f 142 	143 	517
f 1911 	143 	1493
f 1496 	1932 	1931
f 401 	307 	142
f 1551 	1932 	1496
f 1931 	1932 	212
f 401 	142 	517
f 1931 	212 	204
f 367 	231 	1892
f 1930 	1929 	1447
f 1488 	1930 	1447
f 1540 	1933 	1488
f 1933 	1930 	1488
f 2283 	1540 	1543
f 1555 	1556 	1950
f 539 	1912 	1924
f 1936 	1935 	1018
f 1936 	1018 	1063
f 539 	538 	1912
f 157 	1617 	1616
f 1063 	1975 	1936
f 1981 	1975 	1163
f 1641 	1989 	1624
f 2294 	2293 	1467
f 1470 	2294 	1467
f 1949 	1555 	1950
f 14 	45 	1677
f 1684 	14 	1677
f 1546 	1473 	2277
f 1920 	1919 	164
f 1939 	209 	561
f 209 	1939 	1940
f 1940 	1938 	210
f 211 	210 	1938
f 1616 	1615 	156
f 1616 	156 	157
f 1938 	1857 	211
f 1943 	1932 	1551
f 1937 	1946 	467
f 702 	705 	1925
f 1957 	1441 	1973
f 1438 	1957 	1958
f 1438 	1958 	1406
f 1796 	308 	452
f 236 	234 	230
f 231 	236 	230
f 169 	186 	187
f 1552 	1945 	1943
f 1553 	1557 	1964
f 1932 	1943 	377
f 1932 	377 	212
f 1553 	1945 	1552
f 1964 	1945 	1553
f 1473 	1474 	2278
f 1473 	2278 	2277
f 1939 	561 	1950
f 1950 	561 	582
f 2273 	145 	144
f 1948 	1951 	2279
f 157 	152 	1617
f 153 	1613 	152
f 1969 	1557 	1620
f 1617 	152 	1613
f 1914 	1613 	153
f 153 	151 	1914
f 147 	1915 	151
f 1914 	151 	1915
f 1916 	1915 	147
f 1644 	1645 	18
f 147 	148 	1916
f 1918 	148 	163
f 163 	1919 	1918
f 18 	1993 	1644
f 163 	164 	1919
f 1920 	164 	184
f 1702 	133 	132
f 1923 	185 	1956
f 1920 	1923 	1794
f 1923 	1956 	1799
f 2263 	1947 	145
f 1955 	1096 	1097
f 2267 	2268 	1972
f 1097 	1941 	1955
f 699 	700 	1953
f 2268 	1974 	1972
f 1956 	1800 	1799
f 1956 	1959 	1800
f 1954 	1096 	1955
f 697 	698 	1958
f 1926 	1925 	705
f 1953 	698 	699
f 1829 	505 	1942
f 707 	1927 	708
f 1684 	16 	14
f 1707 	1702 	132
f 184 	185 	1923
f 1943 	1945 	378
f 1557 	1969 	1964
f 1920 	184 	1923
f 1945 	379 	378
f 1943 	378 	377
f 198 	199 	1959
f 1960 	227 	1961
f 199 	1960 	1959
f 1945 	1964 	379
f 1964 	1969 	381
f 2 	1966 	606
f 1949 	579 	1966
f 1966 	1554 	1949
f 1966 	579 	606
f 1961 	228 	1968
f 1950 	582 	1949
f 165 	188 	1549
f 1968 	1827 	1961
f 1549 	1509 	165
f 2269 	1976 	1974
f 1989 	1641 	1993
f 1641 	1644 	1993
f 381 	379 	1964
f 170 	169 	187
f 2299 	1464 	1465
f 1926 	704 	1927
f 226 	170 	187
f 1927 	707 	1928
f 170 	226 	234
f 712 	1928 	710
f 226 	230 	234
f 1928 	712 	1913
f 713 	1913 	712
f 1913 	713 	714
f 1947 	1449 	145
f 1970 	1464 	1947
f 1465 	1464 	1970
f 1449 	1947 	1464
f 384 	1481 	383
f 1970 	1971 	1465
f 1466 	1971 	1972
f 1974 	1467 	1972
f 312 	692 	1973
f 692 	693 	1973
f 1976 	1470 	1974
f 693 	694 	1973
f 695 	696 	1957
f 1974 	1470 	1467
f 696 	697 	1958
f 1977 	1478 	1976
f 2276 	161 	1977
f 1953 	1958 	698
f 186 	169 	161
f 1977 	161 	1487
f 1977 	1487 	1478
f 1926 	705 	704
f 1976 	1478 	1470
f 2276 	186 	161
f 1921 	721 	1922
f 723 	1922 	722
f 1922 	723 	1978
f 2267 	1972 	1971
f 740 	1979 	741
f 1968 	1828 	1827
f 1935 	1936 	1310
f 740 	313 	1979
f 313 	1533 	1979
f 313 	370 	1576
f 1975 	1981 	1323
f 1576 	1533 	313
f 374 	375 	1607
f 1320 	1975 	1323
f 1607 	1579 	374
f 315 	1982 	1609
f 375 	315 	1609
f 1899 	1773 	1982
f 707 	709 	1928
f 1917 	718 	716
f 714 	715 	1917
f 716 	1921 	1917
f 724 	1978 	723
f 1978 	739 	1979
f 1957 	1973 	694
f 694 	695 	1957
f 1958 	1957 	696
f 1936 	1975 	1320
f 1925 	701 	702
f 235 	57 	2271
f 704 	706 	1927
f 1983 	2288 	1984
f 1629 	310 	309
f 1624 	1987 	1620
f 1985 	1951 	57
f 1620 	1987 	1969
f 1876 	223 	1909
f 1987 	387 	1969
f 1624 	1989 	1987
f 1876 	224 	223
f 2199 	1988 	107
f 388 	387 	1987
f 57 	58 	2265
f 1969 	387 	381
f 1993 	390 	1989
f 1989 	390 	388
f 64 	91 	1990
f 1640 	1554 	1966
f 1990 	91 	2275
f 2 	1640 	1966
f 1987 	1989 	388
f 1643 	1639 	1995
f 2 	1995 	1639
f 1639 	1640 	2
f 222 	1817 	1816
f 18 	1645 	19
f 219 	1818 	1817
f 1706 	130 	19
f 220 	221 	1842
f 220 	1842 	1967
f 1816 	1842 	221
f 221 	222 	1816
f 1993 	391 	390
f 15 	1952 	1994
f 219 	1817 	222
f 1818 	219 	167
f 1993 	18 	391
f 1618 	1818 	167
f 1704 	138 	1703
f 167 	168 	1618
f 138 	1704 	140
f 1994 	232 	1992
f 168 	156 	1615
f 133 	1703 	138
f 185 	198 	1956
f 1677 	45 	1675
f 1675 	45 	140
f 1959 	1956 	198
f 199 	227 	1960
f 1643 	1995 	16
f 1707 	130 	1706
f 130 	1707 	132
f 45 	14 	778
f 14 	678 	778
f 227 	228 	1961
f 16 	678 	14
f 671 	16 	1995
f 1995 	675 	671
f 228 	229 	1968
f 229 	335 	1980
f 1995 	2 	675
f 1980 	1968 	229
f 718 	1917 	715
f 1840 	1980 	2041
f 366 	2054 	2041
f 1549 	188 	1548
f 1853 	1912 	538
f 2054 	369 	2134
f 1848 	2054 	2134
f 1997 	364 	1965
f 1991 	1988 	2286
f 17 	1994 	1992
f 1843 	2252 	2100
f 1628 	1629 	309
f 308 	1628 	309
f 2275 	1018 	1990
f 2272 	232 	233
f 2271 	57 	2265
f 320 	131 	128
f 1195 	1323 	1981
f 2262 	29 	64
f 1308 	539 	1924
f 367 	1892 	462
f 29 	2262 	2260
f 1935 	1308 	1924
f 1892 	1934 	462
f 1935 	1310 	1308
f 1310 	1936 	1320
f 1934 	1937 	465
f 2287 	29 	2260
f 2260 	1946 	2287
f 1937 	467 	465
f 462 	1934 	465
f 2286 	2291 	1991
f 1991 	2291 	1992
f 1994 	17 	15
f 1952 	15 	2290
f 2199 	107 	91
f 2024 	91 	64
f 451 	1821 	452
f 2024 	2199 	91
f 109 	107 	1988
f 1988 	1991 	109
f 1992 	320 	1991
f 1962 	1963 	1237
f 233 	1994 	1952
f 233 	232 	1994
f 233 	1952 	235
f 235 	1952 	1985
f 1223 	1221 	1954
f 1186 	1955 	1941
f 1801 	1802 	1860
f 193 	1860 	1802
f 1942 	1190 	1941
f 1807 	193 	1802
f 1807 	1808 	195
f 195 	193 	1807
f 190 	195 	1808
f 1727 	190 	1808
f 183 	1727 	1729
f 1727 	183 	190
f 1826 	1821 	451
f 460 	1826 	451
f 1462 	1468 	2269
f 1981 	1962 	1195
f 1221 	1963 	1954
f 1954 	1955 	1223
f 1461 	2267 	1458
f 1941 	1190 	1186
f 1829 	1830 	458
f 1829 	458 	505
f 458 	1830 	460
f 1826 	460 	1830
f 1223 	1955 	1186
f 2257 	386 	2258
f 1942 	505 	1190
f 448 	2253 	681
f 1962 	1237 	1195
f 1929 	1930 	231
f 1963 	1221 	1237
f 231 	230 	1929
f 1740 	1741 	2263
f 1741 	1457 	2264
f 1478 	2295 	1470
f 448 	2254 	2253
f 651 	467 	1946
f 2260 	651 	1946
f 2259 	447 	2261
f 2262 	863 	2260
f 2254 	448 	449
f 2262 	993 	863
f 2262 	64 	1990
f 2262 	1990 	993
f 2260 	863 	651
f 226 	187 	1856
f 1983 	820 	2265
f 1983 	1984 	819
f 814 	819 	1984
f 2255 	449 	442
f 819 	820 	1983
f 2264 	2266 	1970
f 1986 	814 	1984
f 814 	1986 	815
f 1986 	1909 	815
f 815 	1909 	223
f 1741 	2264 	2263
f 2263 	2273 	1740
f 1858 	225 	224
f 1458 	2267 	2266
f 438 	2100 	2252
f 1457 	2266 	2264
f 2266 	2267 	1971
f 2254 	449 	2255
f 58 	1983 	2265
f 1858 	1860 	225
f 442 	2252 	2255
f 2269 	1468 	2270
f 1468 	1849 	2270
f 218 	225 	1860
f 1860 	193 	218
f 218 	193 	214
f 2104 	371 	372
f 363 	2119 	372
f 195 	190 	215
f 215 	214 	195
f 2119 	2104 	372
f 363 	1997 	2119
f 2271 	2265 	1097
f 2265 	820 	1097
f 363 	364 	1997
f 364 	365 	1965
f 1461 	1462 	2268
f 1967 	1965 	365
f 1461 	2268 	2267
f 365 	220 	1967
f 1462 	2269 	2268
f 2272 	233 	2274
f 335 	2041 	1980
f 335 	366 	2041
f 1339 	131 	2272
f 2273 	2263 	145
f 2264 	1947 	2263
f 2054 	366 	369
f 2274 	233 	235
f 2264 	1970 	1947
f 2134 	369 	373
f 2272 	2274 	1122
f 2100 	438 	371
f 371 	2104 	2100
f 2266 	1971 	1970
f 2274 	235 	2271
f 373 	385 	2256
f 2268 	2269 	1974
f 2257 	2256 	385
f 107 	129 	2275
f 2134 	373 	2256
f 1729 	2273 	183
f 385 	386 	2257
f 386 	444 	2258
f 2269 	2270 	1976
f 2259 	2258 	444
f 2259 	444 	447
f 2270 	1977 	1976
f 320 	232 	131
f 2261 	447 	681
f 131 	232 	2272
f 2253 	2261 	681
f 2275 	1063 	1018
f 2270 	1849 	2276
f 438 	2252 	442
f 109 	129 	107
f 1827 	1828 	1543
f 109 	128 	129
f 109 	320 	128
f 1840 	1545 	1544
f 1841 	1545 	1840
f 1854 	1856 	187
f 1977 	2270 	2276
f 1948 	1843 	1944
f 1944 	1843 	1844
f 186 	1854 	187
f 1844 	1845 	1546
f 1546 	1944 	1844
f 1545 	1841 	1550
f 1848 	2024 	1550
f 2279 	1843 	1948
f 2284 	1988 	2199
f 2284 	2286 	1988
f 1474 	1483 	2280
f 1801 	1858 	2280
f 2288 	58 	1948
f 2289 	1546 	2277
f 1985 	1952 	2290
f 2280 	2278 	1474
f 2290 	2281 	1985
f 2281 	1951 	1985
f 2280 	1483 	1801
f 2279 	1951 	2281
f 2282 	2134 	2256
f 1543 	2285 	2283
f 2134 	2282 	1848
f 1848 	2282 	2024
f 2199 	2024 	2282
f 2256 	2257 	2284
f 2283 	1934 	1933
f 2284 	2282 	2256
f 2257 	2258 	2286
f 2284 	2257 	2286
f 2253 	15 	2261
f 2284 	2199 	2282
f 1933 	1934 	1892
f 2283 	2285 	1937
f 1544 	1545 	2287
f 2285 	1544 	2287
f 2285 	2287 	1946
f 2286 	2258 	2291
f 2258 	2259 	2291
f 1985 	57 	235
f 15 	2253 	2290
f 2253 	2254 	2290
f 2281 	2254 	2255
f 57 	1951 	58
f 58 	1951 	1948
f 2288 	1948 	1944
f 1983 	58 	2288
f 1984 	2288 	2289
f 2277 	1986 	2289
f 2289 	1986 	1984
f 2277 	2278 	1909
f 2255 	2279 	2281
f 1909 	1986 	2277
f 2278 	2280 	1876
f 1909 	2278 	1876
f 2290 	2254 	2281
f 2255 	2252 	2279
f 1801 	1860 	1858
f 2288 	1944 	2289
f 1944 	1546 	2289
f 2279 	2252 	1843
f 1856 	1910 	226
f 230 	226 	1910
f 1892 	231 	1930
f 17 	2291 	2259
f 1930 	1933 	1892
f 2283 	1937 	1934
f 1992 	2291 	17
f 2024 	64 	1550
f 2259 	2261 	17
f 29 	2287 	1545
f 17 	2261 	15
f 29 	1545 	1550
f 2285 	1946 	1937
f 1550 	64 	29
f 160 	159 	1487
f 1448 	166 	1509
f 1448 	2300 	166
f 166 	165 	1509
f 188 	310 	1548
f 1850 	1852 	405
f 1852 	406 	405
f 1850 	405 	399
f 538 	406 	1853
f 1470 	2295 	2294
f 2293 	2294 	1565
f 2293 	1565 	1564
f 2295 	1478 	159
f 1487 	1505 	160
f 2295 	159 	1567
f 162 	1505 	1573
f 2293 	1564 	2292
f 2292 	1564 	1562
f 1566 	1565 	2294
f 2294 	2295 	1566
f 1448 	1449 	2300
f 1465 	2292 	2299
f 1487 	159 	1478
f 1505 	162 	160
f 1573 	1585 	339
f 162 	1573 	339
f 1585 	341 	339
f 1585 	1591 	341
f 1591 	1598 	376
f 341 	1591 	376
f 2300 	2298 	1578
f 2298 	1561 	1578
f 2298 	2299 	1561
f 1449 	2298 	2300
f 380 	376 	1598
f 2292 	1562 	2299
# 2296 faces

 #end of obj_0

