# Object Export From Tinkercad Server 2015

mtllib obj.mtl

o obj_0
v 22.117 		10.42 		5.234
v 4.835 		1.955 		-2.44
v 22.5004 		10.537 		5.1269
v 22.5021 		10.537 		5.1333
v 22.5021 		10.537 		5.1334
v 22.4988 		10.537 		5.12
v 22.4676 		10.537 		5.1867
v 35.109 		30.442 		15.466
v 22.4639 		10.537 		5.1922
v 22.3805 		10.537 		5.2472
v 22.3748 		10.537 		5.251
v 22.3745 		10.537 		5.2511
v 4.815 		1.226 		-3.052
v 22.2422 		10.537 		5.3079
v 22.2388 		10.537 		5.3093
v 4.81 		1.424 		-2.877
v 34.993 		30.555 		15.537
v 22.238 		10.537 		5.3096
v 5.219 		1.551 		-3.13
v 25.2081 		18.6594 		2.048
v 25.2081 		18.6594 		4.096
v 5.144 		1.323 		-3.26
v 22.4201 		10.537 		5.0241
v 22.4202 		10.537 		5.0242
v 22.4797 		10.537 		5.0704
v 22.4882 		10.537 		5.0772
v 26.894 		18.926 		10.733
v 22.2759 		10.537 		4.9704
v 22.2957 		10.537 		4.9752
v 22.2959 		10.537 		4.9753
v 22.238 		10.537 		4.9611
v 22.4047 		10.537 		5.0181
v 4.831 		1.076 		-3.196
v 21.583 		10.472 		4.831
v 26.796 		18.794 		10.59
v 21.622 		10.267 		4.724
v 5.071 		1.139 		-3.353
v 5.003 		1.011 		-3.405
v 4.945 		0.943 		-3.412
v 35.244 		30.379 		15.434
v 4.897 		0.933 		-3.378
v 4.859 		0.978 		-3.305
v 22.053 		10.228 		5.052
v 21.988 		10.08 		4.898
v 35.035 		28.893 		16.21
v 34.967 		29.118 		16.362
v 21.789 		9.931 		4.634
v 21.854 		9.928 		4.685
v 21.921 		9.979 		4.774
v 21.67 		10.105 		4.654
v -6.139 		14.437 		-1.601
v -6.115 		14.773 		-1.345
v 21.726 		9.99 		4.623
v 0.903 		5.144 		-1.652
v 0.985 		5.157 		-1.675
v 26.702 		18.619 		10.419
v 1.053 		5.114 		-1.738
v 34.918 		35.633 		17.587
v 1.108 		5.018 		-1.838
v 31.535 		40.403 		17.559
v 31.426 		40.396 		17.576
v 1.148 		4.871 		-1.974
v -6.943 		16.099 		-0.447
v -6.778 		16.143 		-0.393
v -6.628 		16.132 		-0.384
v 0.483 		4.523 		-1.983
v 0.594 		4.754 		-1.841
v -6.494 		16.068 		-0.415
v 0.704 		4.941 		-1.735
v 0.809 		5.073 		-1.671
v -6.377 		15.955 		-0.486
v -7.113 		15.999 		-0.543
v 0.373 		4.255 		-2.155
v -6.28 		15.796 		-0.594
v -6.203 		15.595 		-0.736
v 1.172 		4.674 		-2.143
v 25.24 		18.623 		0
v 26.704 		20.182 		0
v 27.116 		19.929 		0
v 27.598 		19.737 		0
v 28.158 		19.62 		0
v 25.221 		18.522 		0
v 25.2081 		18.6594 		0
v 25.194 		18.81 		0
v 25.167 		19.103 		0
v 25.155 		19.09 		0
v 24.855 		19.077 		0
v 24.991 		18.907 		0
v 26.875 		17.419 		0
v 27.288 		17.255 		0
v 27.725 		17.126 		0
v 28.205 		17.021 		0
v 25.51 		18.342 		0
v 25.809 		18.071 		0
v 26.139 		17.827 		0
v 26.494 		17.614 		0
v 25.302 		17.2 		0
v 25.3 		17.368 		0
v 25.293 		17.566 		0
v 25.281 		17.8 		0
v 25.237 		18.29 		0
v 25.256 		18.054 		0
v 18.122 		17.217 		0
v 18.122 		17.217 		6.416
v 22.238 		12.6645 		6.2562
v 22.238 		12.6169 		6.2213
v 22.238 		12.6164 		6.2209
v 22.238 		12.8829 		6.416
v 21.587 		12.634 		6.299
v 22.238 		12.4634 		6.1129
v 16.627 		10.24 		4.851
v 22.238 		12.4632 		6.1127
v 22.238 		12.3408 		6.0263
v 22.238 		12.2924 		5.9921
v 22.238 		12.288 		5.9891
v 27.597 		17.912 		10.363
v 27.563 		18.188 		10.542
v 1.179 		4.432 		-2.343
v 1.169 		4.144 		-2.572
v -7.443 		15.659 		-0.839
v -7.281 		15.85 		-0.675
v 22.238 		11.519 		6.144
v 22.238 		11.8243 		6.3743
v 22.238 		11.831 		6.3792
v 16.603 		10.273 		4.821
v 23.67 		45.568 		18.462
v 22.238 		11.8429 		6.3878
v 22.238 		11.8816 		6.416
v 35.923 		34.949 		17.096
v 36.092 		35.13 		17.239
v 22.238 		11.4988 		6.1288
v 22.238 		11.5035 		6.1324
v 21.555 		12.285 		6.036
v 22.238 		12.0201 		5.8082
v 22.238 		11.9724 		5.776
v 22.238 		11.9709 		5.7751
v 22.238 		11.7922 		5.6586
v 34.949 		35.37 		17.388
v 22.238 		11.7515 		5.632
v 21.534 		11.941 		5.786
v 21.523 		11.606 		5.55
v 22.238 		11.709 		5.6043
v 22.238 		11.6638 		5.5749
v 22.238 		11.4131 		5.4201
v 22.238 		11.3716 		5.3945
v 22.238 		11.3699 		5.3935
v 22.238 		11.2758 		5.3384
v 22.238 		11.264 		5.3315
v 21.523 		11.286 		5.334
v 22.232 		10.923 		5.668
v 22.238 		10.9601 		5.6981
v 22.238 		11.1945 		5.8906
v 22.238 		11.1968 		5.8924
v -6.149 		15.355 		-0.91
v 22.238 		10.8843 		5.632
v 22.238 		10.9285 		5.6715
v 22.238 		10.9288 		5.6717
v 21.533 		10.987 		5.139
v 22.238 		11.1374 		5.2573
v 22.238 		11.101 		5.236
v 22.238 		10.8956 		5.1249
v 22.238 		10.8892 		5.1215
v 22.238 		10.8864 		5.12
v 16.575 		10.25 		4.753
v 22.238 		10.752 		5.5138
v 22.177 		10.653 		5.44
v 22.238 		10.7095 		5.4757
v 22.238 		10.7116 		5.4777
v 22.238 		10.7119 		5.478
v 22.238 		10.8586 		5.105
v 22.238 		10.752 		5.054
v 22.238 		10.6746 		5.0169
v 22.238 		10.6505 		5.0052
v 22.238 		10.6491 		5.0047
v 21.553 		10.714 		4.971
v 0.074 		3.286 		-2.818
v -7.597 		15.429 		-1.031
v -7.87 		14.876 		-1.48
v -7.74 		15.166 		-1.246
v -7.984 		14.564 		-1.729
v 35.003 		35.148 		17.219
v 16.667 		9.811 		4.69
v 16.66 		10.003 		4.783
v 16.647 		10.149 		4.838
v 23.612 		45.5 		18.455
v 16.543 		10.175 		4.649
v 23.718 		45.578 		18.428
v 23.784 		45.434 		18.246
v 23.757 		45.533 		18.355
v 0.167 		3.63 		-2.578
v 0.268 		3.955 		-2.355
v 1.141 		3.816 		-2.827
v 23.806 		45.087 		17.927
v 23.801 		45.285 		18.102
v -6.19 		14.089 		-1.869
v 23.545 		45.371 		18.404
v -8.079 		14.235 		-1.989
v 23.472 		45.188 		18.31
v 1.095 		3.461 		-3.095
v 23.781 		44.555 		17.491
v 1.034 		3.099 		-3.364
v 23.799 		44.843 		17.722
v 0.961 		2.738 		-3.627
v 0.877 		2.382 		-3.881
v 23.396 		44.96 		18.181
v 23.32 		44.694 		18.019
v 23.245 		44.396 		17.829
v 35.081 		34.968 		17.084
v 35.179 		34.834 		16.985
v 27.617 		17.611 		10.158
v 22.238 		10.537 		6.416
v 36.81 		33.883 		18.263
v 33.896 		29.263 		16.238
v 27.58 		16.609 		9.426
v 27.609 		16.955 		9.687
v 27.621 		17.29 		9.932
v 35.516 		34.186 		18.334
v 35.362 		33.957 		18.143
v 23.172 		44.074 		17.616
v 36.839 		33.608 		18.06
v 22.238 		10.537 		0
v 25.302 		10.537 		6.416
v 25.302 		10.537 		0
v 15.058 		38.92 		0
v 15.058 		38.92 		6.416
v 10.184 		32.949 		6.416
v 10.184 		32.949 		0
v 9.697 		32.855 		0
v 9.697 		32.855 		6.416
v 12.783 		32.792 		0
v 12.783 		32.792 		6.416
v 12.224 		32.875 		0
v 12.224 		32.875 		6.416
v 11.929 		32.91 		0
v 11.929 		32.91 		6.416
v 36.82 		32.965 		17.573
v 11.605 		32.939 		0
v 11.605 		32.939 		6.416
v 11.287 		32.962 		0
v 11.287 		32.962 		6.416
v 36.843 		33.301 		17.829
v 10.985 		32.975 		0
v 10.985 		32.975 		6.416
v 10.693 		32.98 		0
v 10.693 		32.98 		6.416
v 0.03 		35.876 		0
v 0.03 		35.876 		6.416
v 0.082 		36.41 		0
v 0.082 		36.41 		6.416
v 0.07 		36.71 		0
v 0.07 		36.71 		6.416
v 0.032 		36.978 		0
v 0.032 		36.978 		6.416
v 12.353 		29.914 		0
v 12.353 		29.914 		6.416
v 9.244 		32.697 		0
v 9.244 		32.697 		6.416
v 8.828 		32.494 		0
v 8.828 		32.494 		6.416
v 8.444 		32.259 		0
v 8.444 		32.259 		6.416
v 11.798 		30 		6.416
v 11.798 		30 		0
v 11.539 		30.04 		6.416
v 11.539 		30.04 		0
v 11.285 		30.078 		6.416
v 11.285 		30.078 		0
v 11.039 		30.099 		6.416
v 11.039 		30.099 		0
v 10.802 		30.112 		6.416
v 10.802 		30.112 		0
v 10.587 		30.116 		6.416
v 10.587 		30.116 		0
v 10.067 		30.081 		6.416
v 10.067 		30.081 		0
v 9.592 		29.977 		6.416
v 9.592 		29.977 		0
v 9.154 		29.807 		6.416
v 9.154 		29.807 		0
v 8.748 		29.56 		6.416
v 8.748 		29.56 		0
v 8.374 		29.254 		6.416
v 8.374 		29.254 		0
v 6.551 		32.72 		0
v 6.551 		32.72 		6.416
v 3.978 		32.72 		0
v 3.978 		32.72 		6.416
v 3.978 		31.0027 		6.2376
v 3.978 		30.8511 		6.144
v 3.978 		31.1312 		6.3171
v 3.978 		31.283 		6.416
v -6.264 		13.748 		-2.134
v 35.219 		33.694 		17.928
v -6.359 		13.419 		-2.394
v 1.209 		30.836 		6.376
v 2.295 		29.974 		6.305
v -8.154 		13.894 		-2.254
v 23.749 		44.226 		17.235
v 33.753 		29.065 		16.059
v 23.596 		43.15 		16.443
v 23.655 		43.511 		16.702
v 33.619 		28.831 		15.856
v 23.706 		43.871 		16.967
v -6.473 		13.106 		-2.643
v -6.603 		12.816 		-2.877
v 35.109 		28.027 		15.583
v 35.108 		28.344 		15.818
v 35.083 		28.634 		16.028
v -6.746 		12.554 		-3.092
v -6.9 		12.324 		-3.284
v 35.084 		27.688 		15.326
v 3.978 		30.3964 		6.4143
v 3.978 		30.3984 		6.416
v 3.978 		30.3125 		6.3394
v 3.978 		30.1801 		6.2205
v 3.978 		30.1006 		6.144
v 3.978 		30.1099 		6.1529
v -8.14 		12.387 		-3.387
v 0.784 		2.038 		-4.122
v -7.135 		11.695 		-1.938
v 0.684 		1.713 		-4.344
v -6.969 		11.774 		-1.873
v -6.817 		11.796 		-1.852
v 0.578 		1.413 		-4.544
v 35.089 		33.404 		17.693
v -6.682 		11.762 		-1.873
v 34.975 		33.092 		17.444
v -6.564 		11.677 		-1.935
v -6.465 		11.543 		-2.034
v 16.508 		10.049 		4.511
v 35.433 		34.715 		16.902
v 16.471 		9.877 		4.344
v 35.585 		34.736 		16.923
v -7.307 		11.561 		-2.045
v 35.751 		34.815 		16.988
v 16.662 		9.311 		4.404
v 16.668 		9.578 		4.563
v 16.433 		9.66 		4.149
v 35.297 		34.748 		16.924
v 16.651 		9.015 		4.219
v -6.388 		11.363 		-2.169
v 23.102 		43.732 		17.383
v 23.037 		43.378 		17.136
v 22.977 		43.017 		16.877
v 3.978 		30.8391 		6.1366
v 3.978 		30.72 		6.0669
v 3.978 		30.8398 		6.137
v 26.615 		18.404 		10.222
v 26.535 		18.153 		10.003
v 3.978 		30.2298 		5.8011
v 3.978 		30.208 		5.7907
v 3.978 		30.3272 		5.8483
v 3.978 		30.5694 		5.9787
v 3.978 		30.4583 		5.919
v 3.978 		30.5715 		5.98
v 3.978 		30.7185 		6.066
v 3.978 		30.1191 		5.7478
v 3.978 		30.1188 		5.7477
v 3.978 		30.0043 		6.0515
v 3.978 		30.0021 		6.0491
v 3.978 		29.8738 		5.9087
v 3.978 		29.95 		5.992
v 3.978 		29.8726 		5.9071
v 3.978 		29.8368 		5.8598
v 3.978 		29.7886 		5.7951
v 3.978 		29.7518 		5.7126
v 3.978 		29.7721 		5.758
v 3.978 		29.7519 		5.7124
v 26.466 		17.869 		9.766
v 3.978 		29.765 		5.6648
v 3.978 		29.758 		5.6901
v 3.978 		29.7651 		5.6647
v 3.978 		29.8306 		5.654
v 3.978 		29.7966 		5.6598
v 3.978 		29.832 		5.6543
v 3.978 		29.8904 		5.6677
v 3.978 		29.9498 		5.6814
v 3.978 		30.037 		5.7156
v 26.407 		17.556 		9.514
v 22.926 		42.656 		16.612
v 2.282 		29.638 		6.06
v -7.476 		11.38 		-2.188
v 2.253 		29.292 		5.799
v -6.333 		11.14 		-2.337
v -6.303 		10.878 		-2.537
v 23.387 		42.131 		15.749
v 23.461 		42.454 		15.963
v 23.531 		42.796 		16.195
v 22.883 		42.302 		16.344
v -6.299 		10.578 		-2.765
v 0.469 		1.144 		-4.717
v 0.142 		0.595 		-5.028
v 2.208 		28.954 		5.536
v 0.048 		0.524 		-5.047
v 0.358 		0.913 		-4.858
v 0.247 		0.727 		-4.964
v 16.394 		9.402 		3.93
v -7.939 		10.614 		-2.787
v -7.795 		10.901 		-2.564
v -7.639 		11.158 		-2.363
v 34.873 		26.697 		14.544
v 34.963 		27.012 		14.797
v 35.034 		27.344 		15.059
v -7.062 		12.132 		-3.448
v -8.064 		12.186 		-3.529
v -7.23 		11.984 		-3.58
v 1.036 		29.902 		5.625
v 1.081 		30.24 		5.888
v -7.565 		11.839 		-3.73
v 1.139 		30.552 		6.139
v -7.715 		11.851 		-3.739
v -7.849 		11.915 		-3.708
v -7.966 		12.028 		-3.637
v -7.4 		11.884 		-3.676
v -6.322 		10.245 		-3.02
v 16.613 		8.361 		3.782
v -8.07 		10.302 		-3.029
v 16.635 		8.696 		4.01
v -8.194 		12.627 		-3.213
v -8.224 		12.903 		-3.009
v -8.228 		13.21 		-2.778
v 33.497 		28.565 		15.633
v 16.555 		7.662 		3.281
v 16.586 		8.014 		3.538
v 33.389 		28.272 		15.392
v 26.362 		17.219 		9.251
v 12.393 		38.787 		12.385
v -8.204 		13.546 		-2.522
v 22.852 		41.973 		16.088
v 23.236 		41.568 		15.398
v 23.312 		41.834 		15.56
v 73.662 		17.217 		0
v 70.598 		17.217 		0
v 70.598 		38.92 		0
v 73.662 		38.92 		0
v 22.833 		41.685 		15.856
v 67.245 		26.19 		0
v 67.302 		24.979 		0
v 67.25 		23.758 		0
v 67.092 		22.627 		0
v 66.828 		21.587 		0
v 66.467 		20.633 		0
v 66.014 		19.784 		0
v 65.944 		30.121 		0
v 66.411 		29.287 		0
v 66.786 		28.355 		0
v 67.073 		27.317 		0
v 59.545 		32.921 		0
v 60.561 		32.981 		0
v 61.498 		32.92 		0
v 63.268 		29.045 		0
v 62.589 		29.746 		0
v 61.676 		30.169 		0
v 62.392 		32.739 		0
v 63.241 		32.436 		0
v 64.031 		32.026 		0
v 64.749 		31.499 		0
v 65.388 		30.857 		0
v 60.5 		30.314 		0
v 59.318 		30.169 		0
v 58.413 		29.747 		0
v 57.753 		29.047 		0
v 57.722 		32.437 		0
v 58.598 		32.739 		0
v 64.138 		24.978 		0
v 64.038 		26.67 		0
v 63.744 		28.028 		0
v 54.555 		29.283 		0
v 55.007 		30.118 		0
v 55.55 		30.855 		0
v 56.185 		31.499 		0
v 56.911 		32.028 		0
v 49.348 		30.857 		0
v 49.904 		30.121 		0
v 50.371 		29.287 		0
v 56.982 		26.67 		0
v 22.826 		41.441 		15.652
v 22.831 		41.243 		15.476
v 23.161 		41.34 		15.268
v 1.007 		29.556 		5.364
v 33.299 		27.958 		15.139
v -5.552 		8.377 		-2.576
v -5.426 		8.367 		-2.593
v 0.999 		28.899 		4.892
v 0.994 		29.22 		5.119
v -5.316 		8.304 		-2.65
v -5.851 		8.224 		-2.674
v -5.695 		8.33 		-2.603
v 16.519 		7.311 		3.017
v 23.087 		41.157 		15.175
v 56.882 		24.978 		0
v 57.277 		28.028 		0
v 53.738 		24.978 		0
v 53.788 		26.187 		0
v 53.939 		27.31 		0
v 54.192 		28.349 		0
v 50.746 		28.355 		0
v 51.033 		27.317 		0
v 51.205 		26.19 		0
v 51.262 		24.979 		0
v 57.753 		20.87 		0
v 63.266 		20.868 		0
v 63.743 		21.91 		0
v 64.038 		23.281 		0
v 61.701 		19.729 		0
v 62.605 		20.157 		0
v 65.469 		19.04 		0
v 22.848 		41.094 		15.333
v 64.825 		18.405 		0
v 64.102 		17.879 		0
v 63.298 		17.46 		0
v 62.42 		17.168 		0
v 61.474 		16.994 		0
v 58.433 		20.158 		0
v 59.345 		19.729 		0
v 60.52 		19.582 		0
v 60.459 		16.936 		0
v 59.524 		16.994 		0
v 58.631 		17.168 		0
v 57.78 		17.461 		0
v 56.982 		23.281 		0
v 57.277 		21.91 		0
v 54.609 		20.63 		0
v 54.233 		21.584 		0
v 53.957 		22.624 		0
v 53.793 		23.756 		0
v 51.21 		23.758 		0
v 51.052 		22.627 		0
v 50.788 		21.587 		0
v 50.427 		20.633 		0
v 26.333 		16.873 		8.991
v 56.988 		17.88 		0
v 56.273 		18.406 		0
v 55.632 		19.039 		0
v 55.075 		19.781 		0
v 49.974 		19.784 		0
v 49.429 		19.04 		0
v 43.505 		32.921 		0
v 44.521 		32.981 		0
v 45.458 		32.92 		0
v 22.876 		40.995 		15.223
v 47.228 		29.045 		0
v 46.549 		29.746 		0
v 45.636 		30.169 		0
v 26.321 		16.537 		8.746
v 22.962 		40.96 		15.116
v 8.085 		31.989 		0
v 8.085 		31.989 		6.416
v 23.02 		41.028 		15.124
v 7.754 		31.677 		0
v 7.754 		31.677 		6.416
v 7.446 		31.341 		0
v 7.446 		31.341 		6.416
v 7.157 		30.977 		0
v 7.157 		30.977 		6.416
v 6.9 		30.601 		0
v 6.9 		30.601 		6.416
v 6.8 		30.4455 		6.416
v 6.8 		30.4455 		0
v 6.655 		30.22 		6.416
v 6.655 		30.22 		0
v 6.51 		29.98 		6.416
v 6.51 		29.98 		0
v 8.037 		28.89 		6.416
v 8.037 		28.89 		0
v 6.851 		29.98 		0
v 6.851 		29.98 		6.416
v 2.15 		28.641 		5.284
v 2.08 		28.358 		5.047
v 44.46 		30.314 		0
v 43.278 		30.169 		0
v 47.991 		32.026 		0
v 48.709 		31.499 		0
v 42.373 		29.747 		0
v 46.352 		32.739 		0
v 47.201 		32.436 		0
v 41.713 		29.047 		0
v 41.682 		32.437 		0
v 42.558 		32.739 		0
v 48.098 		24.978 		0
v 47.998 		26.67 		0
v 47.704 		28.028 		0
v 41.237 		28.028 		0
v 38.515 		29.283 		0
v 38.967 		30.118 		0
v 39.51 		30.855 		0
v 40.145 		31.499 		0
v 40.871 		32.028 		0
v 33.044 		31.534 		0
v 33.601 		30.902 		0
v 34.079 		30.173 		0
v 34.476 		29.338 		0
v 40.942 		26.67 		0
v 40.842 		24.978 		0
v 37.698 		24.978 		0
v 37.748 		26.187 		0
v 37.899 		27.31 		0
v 38.152 		28.349 		0
v 34.791 		28.4 		0
v 35.031 		27.36 		0
v 35.174 		26.218 		0
v 35.222 		24.978 		0
v 41.237 		21.91 		0
v 41.713 		20.87 		0
v 47.226 		20.868 		0
v 47.703 		21.91 		0
v 47.998 		23.281 		0
v 42.393 		20.158 		0
v 43.305 		19.729 		0
v 44.48 		19.582 		0
v 45.661 		19.729 		0
v 46.565 		20.157 		0
v 43.484 		16.994 		0
v 42.591 		17.168 		0
v 41.74 		17.461 		0
v 48.785 		18.405 		0
v 48.062 		17.879 		0
v 47.258 		17.46 		0
v 46.38 		17.168 		0
v 45.434 		16.994 		0
v 44.419 		16.936 		0
v 40.942 		23.281 		0
v 38.569 		20.63 		0
v 38.193 		21.584 		0
v 37.917 		22.624 		0
v 37.753 		23.756 		0
v 35.174 		23.727 		0
v 35.031 		22.579 		0
v 34.791 		21.536 		0
v 34.476 		20.597 		0
v 40.948 		17.88 		0
v 40.233 		18.406 		0
v 39.592 		19.039 		0
v 39.035 		19.781 		0
v 34.08 		19.756 		0
v 33.601 		19.016 		0
v 33.045 		18.381 		0
v 27.718 		32.769 		0
v 28.19 		32.886 		0
v 28.707 		32.957 		0
v 29.264 		32.98 		0
v 30.129 		32.922 		0
v 18.122 		38.92 		0
v 29.817 		30.171 		0
v 28.768 		30.315 		0
v 31.243 		29.054 		0
v 30.627 		29.754 		0
v 30.947 		32.746 		0
v 31.71 		32.452 		0
v 32.412 		32.052 		0
v 24.793 		32.72 		0
v 25.0946 		31.0276 		0
v 24.98 		30.883 		0
v 25.221 		31.187 		0
v 25.482 		31.487 		0
v 25.783 		31.774 		0
v 26.112 		32.031 		0
v 26.469 		32.26 		0
v 26.856 		32.459 		0
v 27.273 		32.629 		0
v 24.847 		30.7 		0
v 28.169 		30.283 		0
v 27.631 		30.183 		0
v 27.161 		30.021 		0
v 26.758 		29.808 		0
v 26.417 		29.531 		0
v 26.128 		29.185 		0
v 25.885 		28.765 		0
v 25.153 		30.7 		0
v 27.476 		15.958 		8.911
v 25.687 		28.275 		0
v 27.535 		16.271 		9.163
v 25.535 		27.712 		0
v 25.414 		27.059 		0
v 25.337 		26.333 		0
v 25.302 		25.532 		0
v 25.302 		24.982 		0
v 16.481 		6.978 		2.758
v 32.058 		24.998 		0
v 31.965 		26.682 		0
v 31.689 		28.036 		0
v 22.238 		32.72 		0
v 25.322 		24.108 		0
v 25.38 		23.312 		0
v 25.477 		22.591 		0
v 25.62 		21.952 		0
v 25.814 		21.395 		0
v 26.058 		20.916 		0
v 26.354 		20.508 		0
v 31.24 		20.917 		0
v 31.688 		21.977 		0
v 31.965 		23.339 		0
v 28.787 		19.581 		0
v 29.82 		19.733 		0
v 30.622 		20.173 		0
v 32.414 		17.857 		0
v 31.71 		17.445 		0
v 30.944 		17.161 		0
v 30.127 		16.992 		0
v 29.264 		16.936 		0
v 28.718 		16.957 		0
v 27.327 		15.423 		8.455
v 27.407 		15.674 		8.674
v 7.752 		28.469 		0
v 7.508 		27.989 		0
v 7.309 		27.449 		0
v 7.161 		26.858 		0
v 7.072 		26.222 		0
v 7.042 		25.532 		0
v 15.058 		17.217 		0
v 7.042 		17.217 		0
v 3.978 		17.217 		0
v -1.668 		38.281 		0
v -1.429 		38.267 		0
v -1.206 		38.228 		0
v -0.999 		38.163 		0
v -0.798 		38.082 		0
v -0.602 		37.963 		0
v -0.431 		37.816 		0
v -0.278 		37.653 		0
v -0.146 		37.454 		0
v -0.036 		37.224 		0
v -3.35 		36.98 		0
v -3.18 		37.456 		0
v -2.89 		37.819 		0
v -2.533 		38.078 		0
v -2.119 		38.232 		0
v -0.139 		35.408 		0
v -0.43 		35.037 		0
v -0.798 		34.778 		0
v -1.21 		34.625 		0
v -1.659 		34.575 		0
v -2.115 		34.622 		0
v -2.527 		34.767 		0
v -2.889 		35.016 		0
v -3.181 		35.391 		0
v -3.35 		35.866 		0
v -3.403 		36.418 		0
v -13.827 		32.833 		0
v -13.386 		32.915 		0
v -12.937 		32.964 		0
v -12.471 		32.981 		0
v -10.897 		32.831 		0
v -3.202 		32.72 		0
v -0.138 		32.72 		0
v -7.764 		30.472 		0
v -7.322 		29.017 		0
v -7.178 		27.251 		0
v -10.56 		28.936 		0
v -10.916 		29.544 		0
v -11.397 		29.966 		0
v -12.051 		30.225 		0
v -9.573 		32.37 		0
v -8.519 		31.59 		0
v -12.907 		30.316 		0
v -13.558 		30.278 		0
v -14.134 		30.167 		0
v 27.24 		15.208 		8.259
v -14.632 		29.984 		0
v -15.046 		29.745 		0
v -15.403 		29.435 		0
v -15.707 		29.051 		0
v 12.366 		38.44 		12.141
v 12.335 		38.089 		11.885
v -6.373 		9.895 		-3.289
v 12.299 		37.737 		11.62
v -6.447 		9.546 		-3.557
v 2.001 		28.106 		4.829
v 1.913 		27.891 		4.632
v -8.184 		9.973 		-3.283
v 1.052 		28.322 		4.508
v 1.819 		27.716 		4.46
v 26.325 		16.216 		8.519
v 26.345 		15.915 		8.315
v 1.235 		27.693 		4.152
v 1.161 		27.865 		4.237
v 1.1 		28.076 		4.357
v 1.018 		28.598 		4.688
v 16.442 		6.682 		2.517
v -6.543 		9.203 		-3.821
v 16.403 		6.424 		2.298
v -6.658 		8.874 		-4.076
v 1.721 		27.585 		4.317
v 1.62 		27.501 		4.207
v 1.32 		27.567 		4.104
v 1.517 		27.468 		4.132
v 1.416 		27.49 		4.097
v -6.789 		8.563 		-4.317
v -6.933 		8.276 		-4.541
v -16.163 		31.622 		0
v -15.826 		31.904 		0
v -15.466 		32.159 		0
v -15.079 		32.387 		0
v -14.673 		32.57 		0
v -14.256 		32.718 		0
v -10.262 		27.087 		0
v -10.339 		28.122 		0
v -15.952 		28.603 		0
v -16.152 		28.078 		0
v -16.304 		27.478 		0
v -0.138 		17.217 		0
v -3.202 		17.217 		0
v -10.262 		17.217 		0
v 16.355 		9.106 		3.69
v 16.316 		8.773 		3.43
v 16.281 		8.422 		3.166
v 33.228 		27.626 		14.877
v 18.162 		43.597 		15.928
v 18.165 		43.706 		16.05
v 18.161 		43.762 		16.137
v 18.15 		43.764 		16.186
v 18.132 		43.709 		16.196
v -7.178 		17.217 		0
v -16.498 		38.92 		0
v -19.562 		38.92 		0
v -32.308 		37.66 		0
v 18.107 		43.595 		16.162
v -24.841 		37.66 		0
v -21.563 		37.621 		0
v -16.498 		32.331 		0
v -16.5606 		31.2151 		0
v -16.781 		30.946 		0
v -16.943 		30.7 		0
v -16.411 		26.791 		0
v -16.476 		26.037 		0
v -16.498 		25.214 		0
v -16.59 		30.692 		0
v -16.487 		31.305 		0
v -29.148 		25.816 		0
v -29.015 		25.308 		0
v -28.881 		24.802 		0
v -27.709 		24.995 		0
v -27.615 		25.443 		0
v -16.498 		17.217 		0
v -19.562 		17.217 		0
v -28.617 		23.792 		0
v -28.49 		23.297 		0
v -28.366 		22.808 		0
v -28.138 		22.686 		0
v -28.057 		23.146 		0
v -27.977 		23.605 		0
v -27.897 		24.074 		0
v -27.802 		24.541 		0
v -28.261 		22.335 		0
v -28.2176 		22.1415 		0
v -28.263 		21.817 		0
v -28.319 		21.398 		0
v -28.37 		21.005 		0
v -28.417 		20.63 		0
v -28.169 		20.665 		0
v -27.92 		20.648 		0
v -27.987 		21.038 		0
v -28.064 		21.459 		0
v -28.203 		22.246 		0
v -28.161 		21.889 		0
v -28.748 		24.295 		0
v -26.645 		17.217 		0
v -29.671 		17.217 		0
v 33.178 		27.281 		14.61
v 33.153 		26.942 		14.353
v -8.425 		8.299 		-4.568
v -8.429 		8.598 		-4.34
v -8.406 		8.931 		-4.085
v -8.355 		9.281 		-3.816
v -8.28 		9.631 		-3.547
v 12.002 		38.15 		11.269
v 12.029 		38.497 		11.513
v 12.06 		38.849 		11.769
v 18.076 		43.425 		16.086
v 18.041 		43.21 		15.973
v 18.136 		43.235 		15.589
v 18.152 		43.439 		15.773
v -3.041 		6.044 		-2.534
v -2.919 		6.108 		-2.508
v -33.854 		32.971 		0
v -33.8708 		33.0417 		0
v -33.78 		33.474 		0
v -33.68 		33.955 		0
v -33.88 		34.052 		0
v -2.811 		6.114 		-2.525
v -35.433 		37.66 		0
v 33.154 		26.626 		14.118
v -34.077 		33.944 		0
v -33.97 		33.46 		0
v -33.885 		32.974 		0
v -46.258 		37.619 		0
v -43.004 		37.66 		0
v -33.172 		30.161 		0
v -33.292 		30.633 		0
v -33.412 		31.107 		0
v -33.533 		31.586 		0
v -33.649 		32.071 		0
v -33.756 		32.534 		0
v -34.306 		31.084 		0
v -34.427 		30.583 		0
v -33.981 		32.545 		0
v -34.08 		32.086 		0
v -34.186 		31.592 		0
v -34.547 		30.085 		0
v -39.927 		25.351 		0
v -39.822 		24.929 		0
v -38.785 		24.841 		0
v -38.67 		25.32 		0
v -38.552 		25.775 		0
v -39.535 		23.595 		0
v -39.454 		23.149 		0
v -39.382 		22.708 		0
v -39.721 		24.49 		0
v -39.624 		24.04 		0
v -39.197 		22.852 		0
v -39.1 		23.35 		0
v -39 		23.846 		0
v -38.895 		24.342 		0
v -39.305 		22.263 		0
v -39.2997 		22.232 		0
v -39.357 		21.899 		0
v -39.438 		21.447 		0
v -39.501 		21.019 		0
v 34.643 		26.138 		14.079
v -39.277 		22.364 		0
v -39.555 		20.629 		0
v 34.765 		26.404 		14.303
v -39.3 		20.665 		0
v -39.045 		20.634 		0
v -39.099 		21.012 		0
v -39.162 		21.406 		0
v -39.231 		21.828 		0
v -37.907 		17.217 		0
v -40.912 		17.217 		0
v -2.718 		6.065 		-2.583
v 73.662 		38.92 		6.416
v 73.662 		17.217 		6.416
v 32.883 		44.497 		20.513
v 32.843 		44.697 		20.679
v 32.785 		44.849 		20.81
v -2.641 		5.964 		-2.678
v 27.048 		14.902 		7.944
v 27.146 		15.033 		8.087
v 35.458 		42.581 		20.977
v 35.348 		42.645 		21.034
v 35.222 		42.654 		21.05
v 26.646 		14.884 		7.731
v 35.08 		42.607 		21.024
v 34.924 		42.501 		20.953
v 26.844 		14.785 		7.759
v 26.946 		14.818 		7.834
v 35.671 		42.095 		20.585
v 35.621 		42.304 		20.751
v 35.55 		42.467 		20.882
v 26.742 		14.806 		7.724
v 16.249 		8.07 		2.909
v 16.223 		7.723 		2.665
v 16.201 		7.388 		2.437
v 26.379 		15.639 		8.135
v 34.762 		42.34 		20.84
v 26.427 		15.393 		7.984
v 34.602 		42.133 		20.691
v 34.448 		41.888 		20.512
v 16.365 		6.207 		2.103
v 32.824 		43.279 		19.565
v 32.872 		43.633 		19.834
v 32.898 		43.962 		20.089
v 32.901 		44.251 		20.316
v 26.488 		15.182 		7.864
v -2.583 		5.811 		-2.81
v -2.544 		5.611 		-2.975
v -3.593 		5.255 		-3.044
v -3.457 		5.517 		-2.865
v -3.318 		5.741 		-2.717
v 12.261 		37.405 		11.361
v -3.177 		5.92 		-2.604
v 11.964 		37.496 		10.831
v 11.981 		37.814 		11.04
v 12.222 		37.108 		11.12
v -2.525 		5.366 		-3.173
v -3.958 		4.303 		-3.721
v -3.846 		4.642 		-3.477
v -3.724 		4.961 		-3.249
v 11.948 		36.933 		10.488
v 11.953 		37.2 		10.646
v -2.528 		5.077 		-3.4
v -2.554 		4.747 		-3.654
v 34.509 		25.904 		13.876
v -2.602 		4.393 		-3.924
v 16.184 		7.069 		2.228
v -0.01 		2.93 		-3.072
v 34.366 		25.706 		13.698
v 26.561 		15.01 		7.779
v -0.143 		2.207 		-3.604
v -0.083 		2.568 		-3.335
v -0.189 		1.852 		-3.872
v 7.752 		28.469 		6.416
v 7.508 		27.989 		6.416
v 7.309 		27.449 		6.416
v 18.114 		42.985 		15.378
v 7.161 		26.858 		6.416
v 7.072 		26.222 		6.416
v 7.042 		25.532 		6.416
v -4.057 		3.951 		-3.979
v 3.978 		17.217 		6.416
v 15.058 		17.217 		6.416
v 7.042 		17.217 		6.416
v -0.036 		37.224 		6.416
v -0.146 		37.454 		6.416
v -0.278 		37.653 		6.416
v -0.431 		37.816 		6.416
v -0.602 		37.963 		6.416
v -0.798 		38.082 		6.416
v -0.999 		38.163 		6.416
v -1.206 		38.228 		6.416
v -1.429 		38.267 		6.416
v -1.668 		38.281 		6.416
v -2.119 		38.232 		6.416
v -2.533 		38.078 		6.416
v -2.89 		37.819 		6.416
v -3.18 		37.456 		6.416
v -3.35 		36.98 		6.416
v -3.35 		35.866 		6.416
v -3.181 		35.391 		6.416
v -2.889 		35.016 		6.416
v -2.527 		34.767 		6.416
v -2.115 		34.622 		6.416
v -1.659 		34.575 		6.416
v -1.21 		34.625 		6.416
v -0.798 		34.778 		6.416
v -0.43 		35.037 		6.416
v -0.139 		35.408 		6.416
v -3.403 		36.418 		6.416
v -0.228 		1.236 		-4.356
v -0.218 		1.523 		-4.127
v 33.179 		26.336 		13.908
v -0.22 		0.993 		-4.556
v -0.033 		0.511 		-5.024
v -0.102 		0.553 		-4.961
v -0.156 		0.649 		-4.861
v 33.227 		26.076 		13.725
v -0.196 		0.797 		-4.725
v 33.295 		25.851 		13.573
v 33.384 		25.664 		13.453
v 34.06 		25.438 		13.432
v 34.215 		25.549 		13.549
v -2.669 		4.034 		-4.194
v 16.173 		6.773 		2.043
v 33.902 		25.377 		13.353
v 16.168 		6.506 		1.884
v 16.169 		6.273 		1.757
v -10.897 		32.831 		6.416
v -12.471 		32.981 		6.416
v -12.937 		32.964 		6.416
v -13.386 		32.915 		6.416
v -13.827 		32.833 		6.416
v -0.138 		32.72 		6.416
v -3.202 		32.72 		6.416
v -3.202 		25.2186 		3.1962
v -3.202 		25.1072 		3.072
v -3.202 		25.2224 		3.2005
v -3.202 		25.3245 		3.3468
v -3.202 		25.3189 		3.3389
v -3.202 		25.3245 		3.347
v -3.202 		25.3734 		3.4626
v -3.202 		25.369 		3.4524
v -3.202 		25.3734 		3.4628
v -3.202 		25.3707 		3.5369
v -3.202 		25.3703 		3.5475
v -3.202 		25.3247 		3.5907
v -3.202 		25.3154 		3.5992
v -3.202 		25.2056 		3.6157
v -3.202 		25.2278 		3.6122
v 33.49 		25.519 		13.369
v -3.202 		25.2051 		3.6156
v -3.202 		25.0826 		3.6004
v -3.202 		25.042 		3.5951
v -3.202 		24.8874 		3.5532
v -3.202 		24.8239 		3.5358
v 33.613 		25.421 		13.322
v -3.202 		24.576 		3.4445
v -3.202 		24.6492 		3.4714
v -3.269 		24.742 		2.769
v -3.202 		24.8267 		2.817
v -3.202 		24.576 		2.6108
v -3.203 		25.065 		3.026
v -3.202 		25.0663 		3.0267
v -3.202 		24.8303 		2.8202
v -3.202 		25.0687 		3.029
v -3.202 		25.0663 		3.0268
v -3.202 		25.0688 		3.0291
v 33.751 		25.372 		13.316
v -3.202 		25.0701 		3.0306
v -0.138 		28.672 		4.9915
v -0.138 		28.6993 		5.014
v -0.138 		28.8688 		5.1627
v -0.138 		28.9383 		5.2235
v -0.138 		28.9402 		5.2253
v -0.138 		29.0741 		5.3532
v -0.138 		29.1341 		5.4103
v -0.138 		29.1366 		5.4129
v -0.138 		29.2364 		5.5202
v -0.138 		29.2852 		5.5726
v -0.138 		29.3533 		5.6605
v -0.138 		29.3889 		5.7064
v -0.138 		29.4251 		5.772
v -0.138 		29.4457 		5.8102
v -0.138 		29.45 		5.8545
v -0.138 		29.4533 		5.8827
v -0.138 		29.4528 		5.883
v -0.138 		29.4278 		5.9046
v -0.138 		29.4094 		5.9203
v -0.138 		29.3127 		5.9217
v -0.138 		29.3552 		5.921
v -0.138 		29.3118 		5.9215
v -0.138 		29.1628 		5.8845
v -0.138 		29.2333 		5.9018
v -0.138 		29.1609 		5.8837
v -0.138 		29.0628 		5.8462
v 24.6715 		12.6985 		6.416
v 24.6716 		12.6989 		6.416
v 24.6639 		12.663 		6.416
v 24.6531 		12.616 		6.416
v 24.5767 		12.529 		6.416
v 24.6174 		12.5756 		6.416
v 24.576 		12.5285 		6.416
v 16.293 		5.909 		1.798
v 16.328 		6.035 		1.936
v 24.6263 		12.7746 		6.416
v 24.576 		12.806 		6.416
v 24.6265 		12.7742 		6.416
v 24.6454 		12.7424 		6.416
v 16.209 		5.844 		1.597
v 18.003 		42.957 		15.827
v 16.233 		5.811 		1.626
v 16.261 		5.834 		1.694
v 35.675 		41.218 		19.907
v 17.962 		42.67 		15.651
v 35.699 		41.549 		20.161
v 35.697 		41.842 		20.388
v 16.176 		6.081 		1.664
v 17.919 		42.358 		15.45
v 16.189 		5.935 		1.609
v 34.301 		41.608 		20.306
v 18.011 		42.011 		14.619
v 18.05 		42.364 		14.885
v 18.085 		42.694 		15.142
v 34.163 		41.302 		20.079
v -0.138 		28.9647 		5.8087
v -0.138 		28.8525 		5.757
v 34.039 		40.974 		19.834
v -0.138 		28.7303 		5.7001
v -0.138 		28.672 		5.6695
v -0.138 		28.4661 		5.5618
v -0.138 		28.6102 		5.637
v -0.138 		28.4515 		5.5536
v -0.138 		28.3396 		5.4902
v 17.875 		42.025 		15.228
v -0.138 		28.1764 		5.3976
v -0.138 		28.0481 		5.32
v -0.138 		27.8697 		5.2119
v -0.138 		27.7406 		5.1296
v -0.138 		27.7256 		5.12
v -0.138 		27.7041 		4.2471
v -0.138 		27.648 		4.2076
v -0.138 		27.7892 		4.3072
v -0.138 		28.0248 		4.4809
v -0.138 		28.1091 		4.543
v -0.138 		28.1096 		4.5435
v -0.138 		28.3355 		4.7188
v -0.138 		28.4184 		4.7833
v -0.138 		28.6216 		4.9501
v -0.138 		27.648 		5.0703
v -0.138 		27.4896 		4.096
v -0.138 		27.5512 		5.0083
v -2.754 		3.675 		-4.459
v -0.138 		27.2253 		4.7902
v -0.138 		27.4229 		4.922
v -0.138 		27.1896 		4.7651
v -0.138 		27.0984 		4.7009
v -2.853 		3.322 		-4.717
v -0.138 		26.8996 		4.5607
v -0.138 		26.7758 		4.4693
v -0.138 		26.624 		4.3571
v -0.138 		26.58 		4.3245
v -0.138 		26.459 		4.2306
v -0.138 		26.2853 		4.096
v -0.138 		26.7319 		3.6026
v -0.138 		26.8183 		3.6547
v -0.138 		26.8225 		3.6574
v -0.138 		26.624 		3.5374
v -0.138 		27.0507 		3.8036
v -0.138 		27.1373 		3.8589
v -0.138 		27.1451 		3.8641
v -0.138 		27.3763 		4.0189
v -0.138 		27.4625 		4.0769
v -0.138 		26.2701 		4.0842
v -0.138 		26.2638 		4.079
v -0.138 		26.1578 		3.992
v -2.965 		2.983 		-4.961
v -0.138 		25.9895 		3.8536
v -0.138 		25.8905 		3.7667
v -0.138 		25.7504 		3.6436
v -0.138 		25.6883 		3.584
v -0.138 		25.8796 		3.131
v -0.138 		25.9579 		3.1675
v -0.138 		26.1401 		3.2623
v -0.138 		26.2232 		3.3056
v -0.138 		26.426 		3.4209
v -0.138 		26.5116 		3.4694
v -0.138 		26.5139 		3.4708
v -0.138 		25.6667 		3.5632
v -0.138 		25.6 		3.4998
v -0.138 		25.5547 		3.4567
v -0.138 		25.5441 		3.4455
v -0.138 		25.4861 		3.384
v -3.087 		2.664 		-5.189
v -0.138 		25.4033 		3.2949
v -0.138 		25.354 		3.2314
v -0.138 		25.2991 		3.1612
v -0.138 		25.298 		3.1591
v -0.138 		25.271 		3.1089
v -0.138 		25.2511 		3.072
v 17.969 		41.653 		14.357
v -0.138 		25.7244 		3.0585
v -0.138 		25.7253 		3.0589
v -3.217 		2.37 		-5.394
v -0.138 		25.6529 		3.0313
v -0.138 		25.6 		3.011
v -0.138 		25.243 		3.0569
v -0.138 		25.2429 		3.0567
v -0.138 		25.2392 		3.0185
v -0.138 		25.2353 		2.984
v -3.353 		2.108 		-5.573
v -0.138 		25.2357 		2.9836
v -0.138 		25.2596 		2.9631
v -0.138 		25.2792 		2.9463
v -0.138 		25.3361 		2.9456
v -0.138 		25.376 		2.9454
v -0.138 		25.4678 		2.9683
v -0.138 		25.5259 		2.9827
v -0.138 		25.5274 		2.9832
v 17.831 		41.677 		14.989
v 17.788 		41.322 		14.737
v 17.746 		40.964 		14.476
v 17.926 		41.298 		14.105
v 12.183 		36.85 		10.901
v 12.144 		36.634 		10.706
v 12.108 		36.461 		10.539
v 11.955 		36.508 		10.267
v 11.948 		36.7 		10.36
v 22.914 		40.95 		15.15
v -3.493 		1.885 		-5.721
v -3.769 		1.581 		-5.904
v -4.093 		1.56 		-5.856
v -3.634 		1.705 		-5.834
v 35.625 		40.866 		19.637
v 36.779 		39.011 		20.22
v 36.661 		39.096 		20.282
v 36.526 		39.13 		20.303
v 36.374 		39.109 		20.283
v -7.178 		27.251 		6.416
v 36.208 		39.03 		20.217
v -7.322 		29.017 		6.416
v -7.764 		30.472 		6.416
v -8.519 		31.59 		6.416
v -9.573 		32.37 		6.416
v -10.56 		28.936 		6.416
v -10.916 		29.544 		6.416
v -11.397 		29.966 		6.416
v -12.051 		30.225 		6.416
v -14.256 		32.718 		6.416
v -14.673 		32.57 		6.416
v -15.079 		32.387 		6.416
v -15.466 		32.159 		6.416
v -15.826 		31.904 		6.416
v -16.163 		31.622 		6.416
v -12.907 		30.316 		6.416
v -13.558 		30.278 		6.416
v -14.134 		30.167 		6.416
v -14.632 		29.984 		6.416
v -15.046 		29.745 		6.416
v -15.403 		29.435 		6.416
v -15.707 		29.051 		6.416
v -10.262 		27.087 		6.416
v -10.339 		28.122 		6.416
v -15.952 		28.603 		6.416
v -16.152 		28.078 		6.416
v -16.304 		27.478 		6.416
v -3.202 		24.5608 		3.4389
v -3.202 		24.5588 		3.438
v -3.202 		24.2678 		3.3108
v -3.202 		24.3778 		3.3589
v 35.226 		39.487 		18.599
v -3.202 		24.2667 		3.3103
v 35.351 		39.815 		18.843
v -3.202 		24.0823 		3.22
v -3.202 		23.9511 		3.1557
v -3.202 		23.7948 		3.072
v -3.202 		24.5463 		2.5865
v -3.202 		24.5123 		2.56
v -3.202 		24.5537 		2.5925
v 35.46 		40.158 		19.101
v 35.553 		40.51 		19.367
v 17.882 		40.95 		13.866
v 17.707 		40.611 		14.21
v 33.929 		40.631 		19.576
v 17.672 		40.281 		13.952
v -3.892 		1.517 		-5.93
v -3.202 		23.7668 		3.057
v -4 		1.511 		-5.913
v -3.202 		23.6183 		2.9776
v -3.202 		23.9165 		2.1097
v -3.202 		23.8291 		2.048
v -3.343 		24.059 		2.245
v -3.202 		24.2372 		2.3461
v -3.202 		23.9272 		2.1176
v -3.202 		24.2392 		2.3477
v -3.202 		24.2471 		2.3538
v -3.317 		24.401 		2.504
v 17.795 		40.305 		13.444
v 17.838 		40.617 		13.644
v 12.073 		36.336 		10.402
v 17.643 		39.99 		13.717
v 12.041 		36.26 		10.297
v -3.202 		23.2756 		2.78
v -3.202 		23.439 		2.8742
v -3.202 		23.2748 		2.7795
v -3.202 		22.9288 		2.5673
v -3.202 		23.103 		2.6738
v -3.202 		22.9084 		2.554
v -3.202 		22.7628 		2.4595
v -3.202 		22.5853 		2.3432
v -3.202 		22.528 		2.3032
v -3.202 		22.2515 		2.1116
v -3.202 		22.4285 		2.234
v -3.202 		22.2319 		2.097
v -3.202 		22.1659 		2.048
v -3.202 		23.5912 		1.8802
v -3.202 		23.552 		1.8538
v -3.202 		23.6011 		1.8871
v -3.348 		23.732 		2.005
v -3.202 		22.7737 		1.3535
v -3.242 		22.896 		1.429
v -3.202 		22.9465 		1.4577
v -3.202 		22.9625 		1.4679
v -3.202 		22.9495 		1.4596
v -3.202 		22.766 		1.3491
v -3.296 		23.147 		1.594
v -3.202 		23.2658 		1.6614
v -3.202 		23.2729 		1.6662
v -3.332 		23.427 		1.787
v -3.202 		22.6241 		1.2677
v -3.202 		22.6207 		1.2658
v -3.202 		22.6243 		1.2677
v 17.621 		39.74 		13.505
v 17.605 		39.536 		13.321
v 12.013 		36.238 		10.229
v -3.202 		21.9335 		1.8759
v -3.202 		22.1035 		2.0017
v -3.202 		21.9242 		1.8684
v -3.202 		21.7937 		1.7647
v -3.202 		21.6368 		1.6394
v -3.202 		21.5179 		1.536
v 17.754 		40.018 		13.268
v -3.202 		22.2776 		1.0828
v -3.202 		22.1575 		1.024
v -3.202 		22.2904 		1.0891
v 11.988 		36.27 		10.2
v 11.969 		36.361 		10.212
v 17.716 		39.765 		13.122
v 17.681 		39.55 		13.009
v -3.202 		21.504 		1.5239
v -3.202 		21.5131 		1.5318
v -3.202 		21.3811 		1.4171
v -3.202 		21.3796 		1.4157
v -3.202 		21.1753 		1.218
v -3.202 		21.2777 		1.3169
v 33.837 		40.278 		19.31
v -3.202 		21.1736 		1.2161
v -3.202 		21.0927 		1.1258
v -3.202 		21.0205 		1.0444
v -3.202 		21.0063 		1.024
v -3.202 		21.9739 		0.9341
v -3.202 		21.9517 		0.9245
v -3.202 		21.9753 		0.9348
v -3.202 		21.6815 		0.8059
v 17.595 		39.378 		13.167
v -3.202 		21.6507 		0.7946
v -3.202 		21.504 		0.7407
v 33.765 		39.923 		19.04
v 23.5985 		12.9698 		6.416
v 23.552 		12.9693 		6.416
v 23.8905 		12.958 		6.416
v 23.757 		12.9632 		6.416
v 23.896 		12.9575 		6.416
v 24.0181 		12.9458 		6.416
v 24.1463 		12.9334 		6.416
v 33.715 		39.57 		18.771
v 24.2441 		12.9155 		6.416
v 24.3574 		12.8939 		6.416
v 24.5194 		12.8416 		6.416
v 24.4277 		12.8706 		6.416
v 24.5239 		12.8388 		6.416
v 24.5643 		12.8133 		6.416
v 24.5758 		12.5284 		6.416
v 24.5097 		12.4831 		6.416
v 24.4433 		12.4377 		6.416
v 24.2591 		12.3461 		6.416
v 24.3419 		12.3875 		6.416
v 24.2554 		12.3446 		6.416
v 10.991 		7.245 		2.151
v -3.202 		20.992 		1.0034
v -3.202 		21.0361 		0.6285
v -3.202 		21.0078 		0.6331
v -3.202 		21.0375 		0.6287
v -3.202 		20.992 		0.6355
v 11.008 		7.3 		2.142
v -3.202 		21.1649 		0.6453
v -3.202 		21.1999 		0.6499
v -3.202 		21.3825 		0.6994
v -3.202 		21.418 		0.7091
v 11.019 		7.298 		2.093
v -3.202 		20.9178 		0.8983
v -3.202 		20.9629 		0.9617
v -3.202 		20.9165 		0.8951
v -3.202 		20.8878 		0.8284
v 10.966 		7.13 		2.118
v -3.202 		20.8683 		0.7823
v -3.202 		20.8712 		0.6975
v -3.202 		20.8704 		0.7275
v -3.202 		20.8715 		0.6972
v -3.202 		20.9089 		0.661
v 17.593 		39.269 		13.045
v -3.202 		20.9264 		0.6453
v 17.596 		39.213 		12.958
v 17.607 		39.211 		12.908
v 17.625 		39.266 		12.899
v -5.103 		7.817 		-3.042
v 17.65 		39.38 		12.933
v 24.1188 		12.2909 		6.416
v 24.1114 		12.288 		6.416
v -6.013 		8.062 		-2.787
v -5.224 		8.189 		-2.745
v 22.5529 		12.9192 		6.416
v -5.153 		8.026 		-2.876
v 22.528 		12.9163 		6.416
v 22.5538 		12.9193 		6.416
v -5.077 		7.564 		-3.239
v -5.075 		7.271 		-3.466
v -5.099 		6.94 		-3.72
v -5.149 		6.588 		-3.99
v -6.172 		7.856 		-2.935
v 33.69 		39.239 		18.516
v 22.8231 		12.9421 		6.416
v 22.9237 		12.9506 		6.416
v 23.2732 		12.9662 		6.416
v 23.1543 		12.9608 		6.416
v 23.2771 		12.9662 		6.416
v 23.4678 		12.9684 		6.416
v -6.845 		6.353 		-4.051
v -6.735 		6.696 		-3.793
v -6.611 		7.024 		-3.548
v 35.089 		39.18 		18.371
v 11.023 		7.241 		2.005
v 31.857 		23.615 		13.621
v 31.786 		23.832 		13.756
v 31.699 		24.01 		13.857
v 31.597 		24.145 		13.922
v 31.481 		24.233 		13.947
v 31.353 		24.269 		13.931
v 10.9 		6.746 		1.929
v 10.935 		6.96 		2.042
v 31.219 		24.25 		13.873
v 11.02 		7.133 		1.883
v 22.288 		13.928 		7.75
v 22.24 		14.09 		7.821
v 22.184 		14.205 		7.852
v 22.121 		14.264 		7.841
v 22.056 		14.267 		7.789
v 21.989 		14.216 		7.7
v 11.011 		6.975 		1.729
v 31.086 		24.178 		13.776
v 10.995 		6.77 		1.545
v 21.923 		14.115 		7.577
v 10.82 		6.206 		1.607
v 10.861 		6.492 		1.782
v 21.857 		13.967 		7.423
v 10.972 		6.521 		1.334
v 10.943 		6.23 		1.098
v 30.956 		24.058 		13.645
v 22.357 		13.481 		7.504
v 22.327 		13.723 		7.643
v 30.831 		23.894 		13.483
v 31.912 		23.364 		13.456
v 10.734 		5.56 		1.184
v 10.777 		5.893 		1.406
v 21.793 		13.775 		7.241
v 22.377 		13.208 		7.335
v -6.474 		7.33 		-3.321
v -6.326 		7.61 		-3.115
v -5.221 		6.232 		-4.26
v -7.088 		8.018 		-4.742
v 33.692 		38.946 		18.289
v -7.252 		7.796 		-4.916
v 10.69 		5.213 		0.945
v 10.909 		5.9 		0.841
v 10.869 		5.546 		0.574
v 10.828 		5.189 		0.313
v 28.717 		45.957 		20.012
v 10.565 		4.146 		0.165
v 10.605 		4.5 		0.432
v 28.836 		45.517 		19.606
v 28.812 		45.714 		19.775
v 10.646 		4.857 		0.693
v 28.772 		45.861 		19.911
v 10.784 		4.833 		0.061
v 28.843 		45.275 		19.406
v 32.708 		44.951 		20.906
v 32.615 		45 		20.963
v 32.507 		44.993 		20.98
v 32.385 		44.929 		20.954
v -4.997 		21.09 		1.728
v 32.25 		44.805 		20.884
v 32.108 		44.626 		20.771
v -4.874 		20.991 		1.681
v 31.964 		22.778 		13.045
v 31.947 		23.084 		13.263
v -4.768 		20.847 		1.597
v -7.421 		7.615 		-5.059
v 31.969 		44.402 		20.623
v -4.68 		20.66 		1.477
v -7.759 		7.402 		-5.232
v -7.91 		7.381 		-5.253
v -8.046 		7.414 		-5.231
v -8.164 		7.499 		-5.17
v -7.593 		7.481 		-5.167
v -5.444 		21.073 		1.618
v -5.287 		21.133 		1.697
v -5.135 		21.138 		1.734
v 21.734 		13.543 		7.034
v -5.314 		5.88 		-4.526
v -5.423 		5.537 		-4.783
v -5.548 		5.209 		-5.028
v 12.354 		40.677 		13.356
v 22.387 		12.589 		6.924
v 22.387 		12.909 		7.141
v 21.678 		13.273 		6.806
v 21.629 		12.969 		6.56
v 22.4773 		12.9105 		6.416
v -5.894 		20.606 		1.174
v 30.714 		23.689 		13.295
v -5.75 		20.804 		1.353
v -5.6 		20.961 		1.502
v 10.74 		4.486 		-0.178
v 30.607 		23.449 		13.084
v 10.697 		4.153 		-0.4
v 30.511 		23.177 		12.854
v -5.685 		4.902 		-5.256
v -5.832 		4.623 		-5.462
v -5.987 		4.377 		-5.641
v 12.383 		40.7 		13.424
v 12.407 		40.667 		13.454
v 12.426 		40.576 		13.441
v -7.059 		5.292 		-4.856
v -7.009 		5.645 		-4.587
v -6.937 		6 		-4.317
v 31.833 		44.14 		20.444
v 31.703 		43.847 		20.239
v 30.429 		22.878 		12.608
v 31.58 		43.527 		20.012
v 12.44 		40.43 		13.387
v -7.084 		4.961 		-5.111
v 31.469 		43.188 		19.767
v -7.082 		4.668 		-5.338
v 30.363 		22.556 		12.351
v 31.932 		22.109 		12.547
v 31.959 		22.452 		12.806
v -6.146 		4.17 		-5.79
v 28.759 		44.304 		18.654
v 28.805 		44.659 		18.923
v 28.833 		44.988 		19.178
v -7.005 		4.207 		-5.7
v -7.055 		4.416 		-5.535
v 24.0289 		12.2559 		6.416
v 23.7554 		12.1683 		6.416
v 23.8441 		12.1971 		6.416
v 23.7443 		12.1653 		6.416
v 23.5197 		12.1052 		6.416
v 23.4415 		12.0843 		6.416
v 23.1512 		12.0186 		6.416
v 23.0928 		12.0055 		6.416
v 22.7127 		11.9352 		6.416
v 22.7434 		11.9409 		6.416
v 22.7126 		11.9352 		6.416
v 22.528 		11.9073 		6.416
v 22.3523 		11.8808 		6.416
v 22.355 		11.91 		6.438
v 22.3146 		11.8804 		6.416
v 22.3112 		11.8804 		6.416
v 22.2899 		11.8808 		6.416
v 31.369 		42.836 		19.51
v 32.573 		42.208 		18.772
v 32.672 		42.56 		19.029
v 32.757 		42.919 		19.295
v 12.288 		40.476 		13.115
v 12.322 		40.601 		13.252
v 31.285 		42.477 		19.244
v 6.695 		36.531 		10.276
v 6.761 		36.582 		10.365
v 31.218 		42.117 		18.974
v 6.827 		36.58 		10.417
v 6.889 		36.52 		10.428
v 12.447 		40.237 		13.294
v 32.461 		41.869 		18.527
v 12.447 		40.004 		13.166
v 10.502 		3.525 		-0.328
v 10.53 		3.816 		-0.092
v 6.946 		36.406 		10.397
v 31.169 		41.763 		18.705
v -4.209 		3.232 		-4.514
v 6.994 		36.243 		10.326
v -4.141 		3.591 		-4.245
v 12.442 		39.737 		13.008
v 12.431 		39.441 		12.822
v 12.415 		39.123 		12.613
v 6.628 		36.43 		10.153
v -4.283 		2.548 		-5.038
v -4.257 		2.878 		-4.784
v -4.611 		20.434 		1.325
v -4.564 		20.175 		1.142
v -4.286 		2.259 		-5.265
v 22.3564 		11.8814 		6.416
v 22.376 		12.255 		6.689
v 12.213 		40.087 		12.753
v 12.251 		40.303 		12.947
v -4.169 		1.662 		-5.76
v -4.228 		1.814 		-5.628
v 6.822 		32.735 		7.81
v -4.267 		2.014 		-5.463
v 12.135 		39.532 		12.293
v 12.174 		39.829 		12.533
v 6.759 		32.544 		7.628
v -6.464 		3.903 		-5.974
v -6.606 		3.856 		-6
v 6.693 		32.395 		7.474
v -6.308 		4.009 		-5.903
v -6.733 		3.866 		-5.984
v -6.843 		3.929 		-5.927
v 6.375 		32.42 		7.23
v 6.327 		32.583 		7.301
v -6.934 		4.044 		-5.831
v 6.626 		32.294 		7.35
v -8.262 		7.634 		-5.071
v -8.34 		7.813 		-4.936
v 6.432 		32.306 		7.199
v -8.395 		8.036 		-4.767
v 31.143 		41.434 		18.45
v 6.56 		32.244 		7.261
v 10.654 		3.84 		-0.601
v 6.494 		32.246 		7.21
v 28.699 		43.943 		18.386
v 12.096 		39.2 		12.034
v 32.073 		40.994 		17.916
v 32.209 		41.256 		18.095
v 32.339 		41.549 		18.3
v 31.14 		41.145 		18.223
v 10.479 		3.276 		-0.539
v 10.613 		3.554 		-0.776
v 10.574 		3.3 		-0.923
v 70.598 		38.92 		6.416
v 18.122 		38.92 		6.416
v -19.562 		38.92 		6.416
v -16.498 		38.92 		6.416
v 10.451 		2.805 		-0.999
v 10.454 		2.913 		-0.877
v 37.04 		38.212 		19.618
v 37.01 		38.474 		19.818
v 10.463 		3.071 		-0.723
v 36.955 		38.697 		19.986
v 36.878 		38.877 		20.121
v -4.539 		19.885 		0.933
v -4.538 		19.568 		0.698
v 10.483 		2.801 		-1.145
v 10.466 		2.746 		-1.136
v 36.896 		36.88 		18.598
v 36.971 		37.229 		18.866
v 10.455 		2.748 		-1.086
v 37.021 		37.579 		19.135
v 37.045 		37.913 		19.39
v 10.539 		3.086 		-1.036
v 10.508 		2.916 		-1.112
v 28.649 		46 		20.075
v 28.567 		45.987 		20.097
v 28.473 		45.916 		20.078
v 28.369 		45.784 		20.014
v 28.258 		45.597 		19.909
v 7.033 		36.038 		10.219
v 6.499 		36.09 		9.817
v 6.562 		36.282 		9.999
v 28.147 		45.366 		19.767
v 28.037 		45.098 		19.594
v 6.439 		35.858 		9.61
v 7.062 		35.797 		10.08
v 7.082 		35.524 		9.911
v 6.384 		35.588 		9.382
v 27.932 		44.798 		19.394
v 7.092 		35.224 		9.717
v 7.092 		34.905 		9.5
v 27.831 		44.473 		19.172
v 27.738 		44.129 		18.931
v 6.293 		34.949 		8.875
v 27.654 		43.773 		18.677
v 28.541 		43.225 		17.868
v 28.625 		43.581 		18.122
v 27.581 		43.411 		18.414
v 5.653 		5.55 		-0.066
v 5.702 		5.561 		-0.1
v 5.74 		5.515 		-0.173
v 5.767 		5.417 		-0.282
v 5.784 		5.267 		-0.426
v 5.455 		5.17 		-0.218
v 5.528 		5.354 		-0.124
v 5.595 		5.482 		-0.073
v -6.028 		20.372 		0.971
v 5.228 		4.379 		-0.699
v 5.304 		4.677 		-0.509
v 5.38 		4.942 		-0.347
v 27.521 		43.05 		18.146
v 5.789 		5.07 		-0.601
v 5.783 		4.826 		-0.806
v -4.683 		18.553 		-0.088
v -4.562 		19.229 		0.44
v -4.612 		18.885 		0.174
v 28.448 		42.881 		17.628
v 27.475 		42.695 		17.877
v 27.446 		42.366 		17.622
v 36.036 		38.895 		20.11
v 6.335 		35.284 		9.136
v 28.133 		41.987 		17.033
v 28.242 		42.256 		17.206
v 28.348 		42.556 		17.406
v 27.436 		42.079 		17.393
v 5.764 		4.538 		-1.037
v 5.732 		4.209 		-1.294
v 28.022 		41.756 		16.891
v 7.082 		34.57 		9.265
v 27.713 		41.367 		16.702
v 27.806 		41.438 		16.722
v 27.911 		41.57 		16.785
v 35.867 		38.714 		19.967
v 27.444 		41.836 		17.193
v -6.348 		19.499 		0.253
v -6.257 		19.814 		0.507
v -6.15 		20.106 		0.747
v 31.885 		21.768 		12.282
v 35.704 		38.492 		19.792
v 35.549 		38.235 		19.591
v -6.493 		18.483 		-0.532
v -6.469 		18.823 		-0.275
v -6.419 		19.167 		-0.009
v 31.819 		21.446 		12.025
v 35.404 		37.948 		19.368
v -4.774 		18.238 		-0.342
v 31.737 		21.147 		11.779
v -4.881 		17.945 		-0.582
v -5.003 		17.68 		-0.806
v 7.06 		34.225 		9.014
v 7.028 		33.876 		8.751
v -5.137 		17.445 		-1.009
v 31.534 		20.635 		11.338
v 31.641 		20.875 		11.549
v 6.239 		34.256 		8.362
v 6.261 		34.6 		8.612
v 5.1711 		30.9068 		6.416
v 5.1932 		30.9317 		6.416
v 5.1932 		30.9318 		6.416
v 5.12 		30.8489 		6.416
v 5.2053 		30.9914 		6.416
v 5.2101 		31.0135 		6.416
v 5.2099 		31.0139 		6.416
v 5.1772 		31.0709 		6.416
v 5.1659 		31.0904 		6.416
v 5.12 		31.1186 		6.416
v 6.986 		33.542 		8.49
v 6.937 		33.238 		8.244
v -3.202 		17.217 		6.416
v 5.155 		4.056 		-0.912
v 4.7496 		31.2361 		6.416
v 4.6852 		31.2483 		6.416
v 4.6838 		31.2484 		6.416
v 4.7715 		31.232 		6.416
v 5.02 		3.36 		-1.393
v 4.5171 		31.2645 		6.416
v 4.4299 		31.2729 		6.416
v 4.4293 		31.273 		6.416
v 5.085 		3.715 		-1.145
v 4.251 		31.2804 		6.416
v 4.138 		31.2848 		6.416
v 4.096 		31.2844 		6.416
v 5.0587 		31.1563 		6.416
v 5.0586 		31.1563 		6.416
v 4.941 		31.1945 		6.416
v 4.8959 		31.2087 		6.416
v 5.69 		3.854 		-1.561
v 4.917 		30.72 		6.416
v 4.9821 		30.7525 		6.416
v 5.0725 		30.8145 		6.416
v 5.1155 		30.8439 		6.416
v 5.1157 		30.8441 		6.416
v 5.0866 		31.1391 		6.416
v 5.638 		3.493 		-1.827
v 4.096 		30.4299 		6.416
v 4.1107 		30.4339 		6.416
v 4.2942 		30.4837 		6.416
v 4.4295 		30.5267 		6.416
v 4.5676 		30.5703 		6.416
v 4.5705 		30.5715 		6.416
v 4.6987 		30.6223 		6.416
v 4.7986 		30.6617 		6.416
v 4.8003 		30.6625 		6.416
v 4.9135 		30.7183 		6.416
v 35.274 		37.637 		19.126
v 35.159 		37.307 		18.872
v 35.063 		36.965 		18.608
v -0.138 		17.217 		6.416
v -7.178 		17.217 		6.416
v 30.316 		22.214 		12.086
v 34.942 		38.901 		18.165
v 30.289 		21.872 		11.827
v 4.909 		2.639 		-1.917
v 4.961 		3 		-1.651
v -5.281 		17.247 		-1.187
v -5.431 		17.09 		-1.337
v 30.284 		21.546 		11.588
v -5.587 		16.979 		-1.453
v -10.262 		17.217 		6.416
v -21.563 		37.621 		6.416
v -24.841 		37.66 		6.416
v -32.308 		37.66 		6.416
v -16.498 		32.331 		6.416
v -16.487 		31.305 		6.416
v -16.5606 		31.2151 		6.416
v -16.781 		30.946 		6.416
v -16.943 		30.7 		6.416
v -16.411 		26.791 		6.416
v -16.476 		26.037 		6.416
v -16.498 		25.214 		6.416
v -16.59 		30.692 		6.416
v -5.744 		16.919 		-1.532
v -28.881 		24.802 		6.416
v -29.148 		25.816 		6.416
v -29.015 		25.308 		6.416
v -27.615 		25.443 		6.416
v -27.709 		24.995 		6.416
v -19.562 		17.217 		6.416
v -16.498 		17.217 		6.416
v -5.896 		16.913 		-1.569
v -6.034 		16.962 		-1.563
v 34.788 		38.655 		17.986
v 34.628 		38.448 		17.837
v -28.366 		22.808 		6.416
v -28.49 		23.297 		6.416
v -28.617 		23.792 		6.416
v -27.802 		24.541 		6.416
v -27.897 		24.074 		6.416
v -28.138 		22.686 		6.416
v -28.057 		23.146 		6.416
v -27.977 		23.605 		6.416
v -28.261 		22.335 		6.416
v 30.301 		21.24 		11.37
v -28.203 		22.246 		6.416
v -28.2176 		22.1415 		6.416
v -28.2176 		22.1415 		4.096
v -28.263 		21.817 		6.416
v -6.467 		17.877 		-0.977
v -28.319 		21.398 		6.416
v -28.37 		21.005 		6.416
v -6.492 		18.167 		-0.767
v -28.417 		20.63 		6.416
v 34.31 		38.181 		17.653
v -28.169 		20.665 		6.416
v -27.92 		20.648 		6.416
v 34.466 		38.287 		17.724
v -27.987 		21.038 		6.416
v 27.468 		41.64 		17.024
v -28.064 		21.459 		6.416
v -28.161 		21.889 		6.416
v 33.84 		38.322 		17.795
v 27.508 		41.493 		16.889
v -28.2176 		22.1415 		2.048
v 33.931 		38.207 		17.7
v 27.562 		41.396 		16.788
v 34.041 		38.143 		17.643
v 27.631 		41.354 		16.725
v 34.168 		38.134 		17.627
v 5.579 		3.133 		-2.085
v 4.866 		2.285 		-2.184
v 5.514 		2.778 		-2.333
v 5.444 		2.437 		-2.566
v 5.371 		2.114 		-2.779
v 6.229 		33.921 		8.126
v 31.933 		40.77 		17.768
v 5.295 		1.817 		-2.969
v 31.792 		40.591 		17.655
v 31.159 		40.899 		18.026
v -28.748 		24.295 		6.416
v -29.671 		17.217 		6.416
v -26.645 		17.217 		6.416
v 31.198 		40.699 		17.86
v -33.854 		32.971 		6.416
v -33.885 		32.974 		6.416
v -33.8708 		33.0417 		6.416
v -33.78 		33.474 		6.416
v -33.68 		33.955 		6.416
v -35.433 		37.66 		6.416
v -33.88 		34.052 		6.416
v -34.077 		33.944 		6.416
v -33.97 		33.46 		6.416
v -43.004 		37.66 		6.416
v -46.258 		37.619 		6.416
v -33.756 		32.534 		6.416
v -33.649 		32.071 		6.416
v -33.533 		31.586 		6.416
v -33.412 		31.107 		6.416
v -33.292 		30.633 		6.416
v -33.172 		30.161 		6.416
v -34.547 		30.085 		6.416
v -34.306 		31.084 		6.416
v -34.427 		30.583 		6.416
v -34.186 		31.592 		6.416
v -33.981 		32.545 		6.416
v -34.08 		32.086 		6.416
v -39.822 		24.929 		6.416
v 4.816 		1.668 		-2.672
v -39.927 		25.351 		6.416
v 31.257 		40.547 		17.728
v -38.552 		25.775 		6.416
v -38.67 		25.32 		6.416
v -38.785 		24.841 		6.416
v -39.454 		23.149 		6.416
v -39.382 		22.708 		6.416
v -39.535 		23.595 		6.416
v -39.624 		24.04 		6.416
v -39.721 		24.49 		6.416
v -38.895 		24.342 		6.416
v -39 		23.846 		6.416
v -39.1 		23.35 		6.416
v -39.197 		22.852 		6.416
v -39.305 		22.263 		6.416
v -39.2997 		22.232 		6.416
v -39.2997 		22.232 		4.096
v -39.357 		21.899 		6.416
v -39.438 		21.447 		6.416
v -39.277 		22.364 		6.416
v -39.501 		21.019 		6.416
v -39.555 		20.629 		6.416
v -39.3 		20.665 		6.416
v -39.045 		20.634 		6.416
v 33.719 		38.694 		18.092
v -39.099 		21.012 		6.416
v -39.162 		21.406 		6.416
v -39.231 		21.828 		6.416
v 2.054 		31.5 		7.272
v -39.2997 		22.232 		2.048
v 2.127 		31.329 		7.186
v 33.769 		38.485 		17.927
v 6.239 		33.302 		7.715
v 6.229 		33.601 		7.91
v -40.912 		17.217 		6.416
v -37.907 		17.217 		6.416
v 6.882 		32.968 		8.016
v 6.288 		32.787 		7.407
v 6.259 		33.029 		7.547
v 30.336 		20.96 		11.177
v 31.657 		40.467 		17.584
v -6.42 		17.617 		-1.16
v 30.391 		20.709 		11.012
v 30.462 		20.492 		10.877
v -6.157 		17.06 		-1.516
v -6.263 		17.205 		-1.432
v -6.351 		17.392 		-1.312
v 31.292 		20.266 		10.988
v 31.417 		20.43 		11.149
v 31.029 		20.074 		10.76
v 31.162 		20.146 		10.857
v 36.679 		34.324 		18.579
v 36.582 		34.483 		18.687
v 36.465 		34.596 		18.758
v -6.119 		15.08 		-1.114
v 36.331 		34.66 		18.79
v 36.18 		34.671 		18.78
v 36.016 		34.626 		18.726
v 35.845 		34.527 		18.631
v 36.756 		34.123 		18.437
v 30.767 		20.091 		10.686
v 30.895 		20.055 		10.702
v 35.678 		34.378 		18.498
v 36.554 		35.897 		17.838
v 36.685 		36.208 		18.079
v 36.8 		36.538 		18.334
v 2.189 		31.117 		7.066
v 2.237 		30.871 		6.915
v 36.695 		32.276 		17.039
v 36.769 		32.617 		17.305
v 31.333 		40.445 		17.633
v 1.669 		31.693 		7.216
v 1.772 		31.726 		7.291
v 36.599 		31.946 		16.779
v 1.873 		31.704 		7.326
v 1.969 		31.627 		7.319
v 34.988 		36.616 		18.339
v 34.879 		32.763 		17.185
v 1.568 		31.609 		7.106
v 34.937 		36.265 		18.07
v 34.914 		35.932 		17.815
v 36.485 		31.634 		16.53
v 1.376 		31.302 		6.792
v 1.47 		31.478 		6.963
v 36.255 		35.352 		17.413
v 36.41 		35.61 		17.614
v 1.288 		31.087 		6.595
v 2.271 		30.595 		6.736
v 34.805 		32.421 		16.919
v 2.29 		30.294 		6.531
v 3.9807 		30.399 		6.416
v 30.549 		20.314 		10.776
v 34.754 		32.074 		16.651
v 70.598 		17.217 		6.416
v 66.014 		19.784 		6.416
v 66.467 		20.633 		6.416
v 66.828 		21.587 		6.416
v 67.092 		22.627 		6.416
v 67.25 		23.758 		6.416
v 67.302 		24.979 		6.416
v 67.245 		26.19 		6.416
v 67.073 		27.317 		6.416
v 66.786 		28.355 		6.416
v 66.411 		29.287 		6.416
v 65.944 		30.121 		6.416
v 61.498 		32.92 		6.416
v 60.561 		32.981 		6.416
v 59.545 		32.921 		6.416
v 63.268 		29.045 		6.416
v 62.589 		29.746 		6.416
v 61.676 		30.169 		6.416
v 65.388 		30.857 		6.416
v 64.749 		31.499 		6.416
v 64.031 		32.026 		6.416
v 63.241 		32.436 		6.416
v 62.392 		32.739 		6.416
v 60.5 		30.314 		6.416
v 59.318 		30.169 		6.416
v 58.413 		29.747 		6.416
v 57.753 		29.047 		6.416
v 58.598 		32.739 		6.416
v 57.722 		32.437 		6.416
v 64.138 		24.978 		6.416
v 64.038 		26.67 		6.416
v 63.744 		28.028 		6.416
v 56.911 		32.028 		6.416
v 56.185 		31.499 		6.416
v 55.55 		30.855 		6.416
v 55.007 		30.118 		6.416
v 54.555 		29.283 		6.416
v 50.371 		29.287 		6.416
v 49.904 		30.121 		6.416
v 49.348 		30.857 		6.416
v 56.882 		24.978 		6.416
v 56.982 		26.67 		6.416
v 57.277 		28.028 		6.416
v 54.192 		28.349 		6.416
v 53.939 		27.31 		6.416
v 53.788 		26.187 		6.416
v 53.738 		24.978 		6.416
v 51.262 		24.979 		6.416
v 51.205 		26.19 		6.416
v 51.033 		27.317 		6.416
v 50.746 		28.355 		6.416
v 57.753 		20.87 		6.416
v 63.266 		20.868 		6.416
v 63.743 		21.91 		6.416
v 64.038 		23.281 		6.416
v 30.651 		20.179 		10.711
v 61.701 		19.729 		6.416
v 62.605 		20.157 		6.416
v 61.474 		16.994 		6.416
v 62.42 		17.168 		6.416
v 63.298 		17.46 		6.416
v 64.102 		17.879 		6.416
v 64.825 		18.405 		6.416
v 65.469 		19.04 		6.416
v 58.433 		20.158 		6.416
v 59.345 		19.729 		6.416
v 60.52 		19.582 		6.416
v 58.631 		17.168 		6.416
v 59.524 		16.994 		6.416
v 60.459 		16.936 		6.416
v 57.78 		17.461 		6.416
v 56.982 		23.281 		6.416
v 57.277 		21.91 		6.416
v 53.793 		23.756 		6.416
v 53.957 		22.624 		6.416
v 54.233 		21.584 		6.416
v 54.609 		20.63 		6.416
v 50.427 		20.633 		6.416
v 50.788 		21.587 		6.416
v 51.052 		22.627 		6.416
v 51.21 		23.758 		6.416
v 55.075 		19.781 		6.416
v 55.632 		19.039 		6.416
v 56.273 		18.406 		6.416
v 56.988 		17.88 		6.416
v 49.429 		19.04 		6.416
v 49.974 		19.784 		6.416
v 45.458 		32.92 		6.416
v 44.521 		32.981 		6.416
v 43.505 		32.921 		6.416
v 47.228 		29.045 		6.416
v 46.549 		29.746 		6.416
v 45.636 		30.169 		6.416
v 44.46 		30.314 		6.416
v 48.709 		31.499 		6.416
v 47.991 		32.026 		6.416
v 43.278 		30.169 		6.416
v 42.373 		29.747 		6.416
v 47.201 		32.436 		6.416
v 46.352 		32.739 		6.416
v 41.713 		29.047 		6.416
v 42.558 		32.739 		6.416
v 41.682 		32.437 		6.416
v 48.098 		24.978 		6.416
v 47.998 		26.67 		6.416
v 47.704 		28.028 		6.416
v 41.237 		28.028 		6.416
v 40.145 		31.499 		6.416
v 39.51 		30.855 		6.416
v 38.967 		30.118 		6.416
v 38.515 		29.283 		6.416
v 40.871 		32.028 		6.416
v 34.476 		29.338 		6.416
v 34.079 		30.173 		6.416
v 33.601 		30.902 		6.416
v 33.044 		31.534 		6.416
v 40.842 		24.978 		6.416
v 40.942 		26.67 		6.416
v 38.152 		28.349 		6.416
v 37.899 		27.31 		6.416
v 37.748 		26.187 		6.416
v 37.698 		24.978 		6.416
v 35.222 		24.978 		6.416
v 35.174 		26.218 		6.416
v 35.031 		27.36 		6.416
v 34.791 		28.4 		6.416
v 41.237 		21.91 		6.416
v 41.713 		20.87 		6.416
v 47.226 		20.868 		6.416
v 47.703 		21.91 		6.416
v 47.998 		23.281 		6.416
v 42.393 		20.158 		6.416
v 43.305 		19.729 		6.416
v 44.48 		19.582 		6.416
v 45.661 		19.729 		6.416
v 46.565 		20.157 		6.416
v 41.74 		17.461 		6.416
v 42.591 		17.168 		6.416
v 43.484 		16.994 		6.416
v 44.419 		16.936 		6.416
v 45.434 		16.994 		6.416
v 46.38 		17.168 		6.416
v 47.258 		17.46 		6.416
v 48.062 		17.879 		6.416
v 48.785 		18.405 		6.416
v 40.942 		23.281 		6.416
v 37.753 		23.756 		6.416
v 37.917 		22.624 		6.416
v 38.193 		21.584 		6.416
v 38.569 		20.63 		6.416
v 34.731 		31.738 		16.395
v 34.476 		20.597 		6.416
v 34.791 		21.536 		6.416
v 35.031 		22.579 		6.416
v 35.174 		23.727 		6.416
v 39.035 		19.781 		6.416
v 39.592 		19.039 		6.416
v 40.233 		18.406 		6.416
v 40.948 		17.88 		6.416
v 33.045 		18.381 		6.416
v 33.601 		19.016 		6.416
v 34.08 		19.756 		6.416
v 30.129 		32.922 		6.416
v 29.264 		32.98 		6.416
v 28.707 		32.957 		6.416
v 28.19 		32.886 		6.416
v 27.718 		32.769 		6.416
v 28.768 		30.315 		6.416
v 29.817 		30.171 		6.416
v 31.243 		29.054 		6.416
v 30.627 		29.754 		6.416
v 32.412 		32.052 		6.416
v 31.71 		32.452 		6.416
v 30.947 		32.746 		6.416
v 34.878 		29.305 		16.482
v 24.793 		32.72 		6.416
v 24.98 		30.883 		6.416
v 25.0946 		31.0276 		6.416
v 25.783 		31.774 		6.416
v 25.482 		31.487 		6.416
v 25.221 		31.187 		6.416
v 27.273 		32.629 		6.416
v 26.856 		32.459 		6.416
v 26.469 		32.26 		6.416
v 26.112 		32.031 		6.416
v 24.847 		30.7 		6.416
v 28.169 		30.283 		6.416
v 27.631 		30.183 		6.416
v 27.161 		30.021 		6.416
v 26.758 		29.808 		6.416
v 26.417 		29.531 		6.416
v 26.128 		29.185 		6.416
v 25.885 		28.765 		6.416
v 25.153 		30.7 		6.416
v 25.687 		28.275 		6.416
v 25.535 		27.712 		6.416
v 25.414 		27.059 		6.416
v 25.337 		26.333 		6.416
v 25.302 		25.532 		6.416
v 25.302 		24.982 		6.416
v 32.058 		24.998 		6.416
v 31.965 		26.682 		6.416
v 31.689 		28.036 		6.416
v 22.238 		32.72 		6.416
v 25.322 		24.108 		6.416
v 25.38 		23.312 		6.416
v 25.477 		22.591 		6.416
v 25.62 		21.952 		6.416
v 25.814 		21.395 		6.416
v 26.058 		20.916 		6.416
v 26.354 		20.508 		6.416
v 31.24 		20.917 		6.416
v 31.688 		21.977 		6.416
v 31.965 		23.339 		6.416
v 28.787 		19.581 		6.416
v 29.82 		19.733 		6.416
v 30.622 		20.173 		6.416
v 28.718 		16.957 		6.416
v 29.264 		16.936 		6.416
v 30.127 		16.992 		6.416
v 30.944 		17.161 		6.416
v 31.71 		17.445 		6.416
v 32.414 		17.857 		6.416
v 26.704 		20.182 		6.416
v 27.116 		19.929 		6.416
v 27.598 		19.737 		6.416
v 28.158 		19.62 		6.416
v 25.24 		18.623 		6.416
v 25.167 		19.103 		6.416
v 25.194 		18.81 		6.416
v 25.2081 		18.6594 		6.416
v 24.855 		19.077 		6.416
v 25.155 		19.09 		6.416
v 25.221 		18.522 		6.416
v 24.991 		18.907 		6.416
v 26.494 		17.614 		6.416
v 26.875 		17.419 		6.416
v 27.288 		17.255 		6.416
v 27.725 		17.126 		6.416
v 28.205 		17.021 		6.416
v 25.51 		18.342 		6.416
v 25.809 		18.071 		6.416
v 26.139 		17.827 		6.416
v 25.237 		18.29 		6.416
v 25.256 		18.054 		6.416
v 25.302 		17.2 		6.416
v 25.3 		17.368 		6.416
v 25.293 		17.566 		6.416
v 25.281 		17.8 		6.416
v 34.772 		29.45 		16.567
v 34.649 		29.549 		16.613
v 34.511 		29.597 		16.619
v 34.36 		29.592 		16.582
v 34.202 		29.531 		16.503
v 34.047 		29.42 		16.387
v 36.058 		30.852 		15.889
v 36.212 		31.082 		16.081
v 36.356 		31.344 		16.296
v 34.819 		30.915 		15.786
v 34.735 		31.43 		16.164
v 34.765 		31.155 		15.96
v 35.896 		30.66 		15.725
v 35.729 		30.512 		15.593
v 35.394 		30.367 		15.444
v 35.558 		30.412 		15.497
v 34.895 		30.714 		15.644
v 25.0946 		31.0276 		4.096
v 27.296 		18.944 		10.946
v 27.2 		19.021 		10.953
v 25.0946 		31.0276 		2.048
v 27.098 		19.043 		10.918
v 26.996 		19.01 		10.843
v 27.454 		18.646 		10.813
v 27.381 		18.817 		10.898
v 27.515 		18.434 		10.693
# 2298 vertices

g group_0_2829873

usemtl color_2829873
s 0

f 2253 	84 	21
f 20 	88 	21
f 95 	2266 	2265
f 2266 	95 	2259
f 2272 	100 	102
f 82 	2267 	101
f 83 	77 	20
f 84 	2253 	85
f 83 	20 	82
f 21 	82 	20
f 20 	21 	84
f 20 	84 	83
f 87 	2255 	88
f 2258 	21 	88
f 88 	20 	83
f 89 	2259 	96
f 2241 	2263 	701
f 2264 	2251 	93
f 2265 	2264 	94
f 94 	2264 	93
f 2265 	94 	95
f 96 	2259 	95
f 98 	2270 	97
f 2270 	98 	99
f 100 	2272 	99
f 2267 	102 	101
f 2227 	682 	108
f 106 	682 	107
f 114 	682 	115
f 107 	682 	110
f 105 	682 	106
f 108 	682 	105
f 110 	682 	112
f 112 	682 	113
f 122 	211 	123
f 123 	211 	124
f 124 	211 	127
f 128 	127 	211
f 131 	211 	132
f 132 	211 	122
f 137 	682 	139
f 134 	682 	135
f 115 	682 	134
f 113 	682 	114
f 135 	682 	136
f 136 	682 	137
f 139 	682 	142
f 142 	682 	143
f 143 	221 	144
f 144 	221 	145
f 147 	146 	221
f 148 	147 	221
f 151 	211 	152
f 152 	211 	153
f 131 	153 	211
f 155 	211 	156
f 156 	211 	157
f 151 	157 	211
f 145 	221 	146
f 148 	221 	159
f 159 	221 	160
f 170 	163 	221
f 160 	221 	161
f 161 	221 	162
f 162 	221 	163
f 169 	211 	165
f 165 	211 	155
f 168 	211 	169
f 168 	167 	211
f 18 	211 	167
f 170 	221 	171
f 172 	171 	221
f 174 	173 	221
f 172 	221 	173
f 31 	174 	221
f 97 	2269 	223
f 226 	227 	228
f 226 	228 	229
f 230 	232 	233
f 230 	233 	231
f 232 	234 	235
f 232 	235 	233
f 234 	237 	238
f 234 	238 	235
f 237 	239 	240
f 237 	240 	238
f 239 	242 	243
f 239 	243 	240
f 242 	244 	245
f 242 	245 	243
f 244 	227 	226
f 244 	226 	245
f 246 	248 	249
f 246 	249 	247
f 250 	251 	249
f 250 	249 	248
f 251 	250 	253
f 252 	253 	250
f 254 	230 	255
f 231 	255 	230
f 257 	229 	256
f 228 	256 	229
f 256 	258 	259
f 256 	259 	257
f 258 	260 	261
f 258 	261 	259
f 263 	254 	262
f 255 	262 	254
f 263 	262 	264
f 263 	264 	265
f 265 	264 	266
f 265 	266 	267
f 267 	266 	268
f 267 	268 	269
f 269 	268 	270
f 269 	270 	271
f 271 	270 	272
f 271 	272 	273
f 273 	272 	274
f 273 	274 	275
f 275 	274 	276
f 275 	276 	277
f 277 	276 	278
f 277 	278 	279
f 279 	278 	280
f 279 	280 	281
f 281 	280 	282
f 281 	282 	283
f 225 	224 	1001
f 287 	285 	286
f 284 	286 	285
f 432 	433 	434
f 432 	434 	435
f 443 	503 	442
f 442 	503 	441
f 441 	504 	440
f 440 	504 	439
f 438 	439 	465
f 457 	458 	451
f 466 	467 	446
f 446 	447 	466
f 437 	466 	447
f 450 	459 	449
f 449 	459 	448
f 455 	456 	452
f 456 	457 	452
f 453 	455 	452
f 451 	452 	457
f 455 	453 	454
f 467 	451 	444
f 458 	444 	451
f 444 	445 	467
f 459 	450 	453
f 460 	448 	459
f 461 	463 	460
f 454 	453 	450
f 470 	471 	462
f 463 	461 	472
f 464 	460 	463
f 448 	460 	464
f 465 	466 	437
f 445 	446 	467
f 496 	468 	492
f 472 	461 	471
f 461 	462 	471
f 469 	470 	462
f 475 	582 	474
f 497 	582 	475
f 474 	542 	473
f 573 	543 	572
f 288 	290 	286
f 290 	291 	286
f 313 	312 	1000
f 315 	1000 	314
f 312 	314 	1000
f 316 	1000 	317
f 359 	1000 	316
f 345 	347 	286
f 347 	289 	286
f 289 	288 	286
f 291 	287 	286
f 350 	352 	286
f 351 	350 	286
f 354 	353 	286
f 352 	354 	286
f 353 	355 	286
f 356 	346 	286
f 355 	356 	286
f 345 	286 	346
f 357 	286 	358
f 351 	286 	357
f 360 	1000 	359
f 315 	317 	1000
f 362 	1000 	360
f 364 	1000 	363
f 364 	365 	1000
f 365 	367 	1000
f 368 	712 	366
f 367 	366 	1000
f 373 	375 	286
f 373 	286 	374
f 376 	286 	375
f 377 	286 	376
f 378 	286 	377
f 358 	286 	378
f 374 	286 	372
f 361 	1000 	362
f 370 	712 	371
f 492 	476 	496
f 495 	496 	476
f 462 	492 	469
f 468 	469 	492
f 494 	495 	476
f 476 	491 	494
f 493 	494 	491
f 499 	581 	498
f 500 	580 	499
f 497 	498 	581
f 501 	535 	522
f 504 	441 	503
f 502 	503 	443
f 465 	439 	504
f 437 	438 	465
f 506 	511 	505
f 506 	502 	509
f 510 	506 	509
f 511 	506 	510
f 512 	505 	511
f 513 	505 	512
f 507 	509 	502
f 443 	507 	502
f 518 	519 	515
f 515 	520 	514
f 513 	517 	516
f 505 	513 	516
f 515 	516 	518
f 518 	516 	517
f 532 	514 	520
f 519 	520 	515
f 523 	524 	522
f 521 	522 	524
f 524 	525 	521
f 525 	526 	521
f 491 	521 	526
f 491 	526 	493
f 530 	606 	529
f 528 	529 	607
f 534 	501 	533
f 535 	501 	534
f 523 	522 	535
f 501 	514 	533
f 532 	533 	514
f 616 	605 	537
f 540 	570 	539
f 539 	570 	538
f 543 	573 	542
f 544 	576 	543
f 371 	712 	368
f 370 	372 	286
f 548 	261 	547
f 260 	547 	261
f 284 	285 	559
f 558 	559 	285
f 361 	363 	1000
f 547 	550 	551
f 547 	551 	548
f 550 	552 	553
f 550 	553 	551
f 552 	554 	555
f 552 	555 	553
f 554 	556 	557
f 554 	557 	555
f 556 	559 	558
f 556 	558 	557
f 558 	560 	561
f 558 	561 	559
f 561 	560 	562
f 561 	562 	563
f 282 	564 	565
f 282 	565 	283
f 566 	563 	562
f 566 	562 	567
f 558 	559 	566
f 558 	566 	567
f 570 	540 	544
f 571 	538 	570
f 473 	542 	573
f 540 	575 	544
f 576 	544 	575
f 572 	543 	576
f 574 	578 	571
f 586 	587 	577
f 579 	571 	578
f 538 	571 	579
f 581 	499 	580
f 607 	580 	527
f 542 	474 	582
f 581 	582 	497
f 583 	593 	598
f 588 	574 	587
f 574 	577 	587
f 578 	574 	588
f 585 	586 	577
f 591 	646 	590
f 592 	681 	591
f 599 	681 	592
f 622 	626 	594
f 584 	585 	583
f 598 	584 	583
f 597 	598 	593
f 577 	583 	585
f 596 	597 	593
f 593 	594 	596
f 595 	596 	594
f 601 	680 	600
f 607 	529 	606
f 530 	536 	606
f 605 	606 	536
f 500 	527 	580
f 527 	528 	607
f 609 	615 	608
f 611 	620 	610
f 610 	613 	609
f 617 	618 	612
f 613 	614 	609
f 614 	615 	609
f 631 	608 	615
f 619 	611 	618
f 611 	612 	618
f 620 	611 	619
f 621 	610 	620
f 613 	610 	621
f 616 	617 	612
f 616 	612 	605
f 536 	537 	605
f 626 	622 	625
f 595 	594 	626
f 624 	625 	622
f 622 	603 	624
f 623 	624 	603
f 604 	634 	603
f 629 	692 	628
f 692 	679 	627
f 628 	692 	627
f 634 	604 	633
f 632 	633 	604
f 623 	603 	634
f 604 	608 	632
f 631 	632 	608
f 637 	690 	636
f 635 	636 	690
f 640 	645 	639
f 641 	645 	640
f 657 	658 	664
f 647 	589 	646
f 641 	642 	644
f 645 	641 	644
f 642 	648 	644
f 648 	649 	644
f 647 	644 	649
f 649 	650 	647
f 589 	647 	650
f 590 	646 	589
f 656 	657 	664
f 655 	656 	664
f 658 	659 	663
f 659 	660 	663
f 662 	663 	660
f 660 	638 	662
f 638 	639 	662
f 662 	639 	645
f 666 	669 	665
f 667 	669 	666
f 664 	665 	669
f 667 	668 	669
f 674 	675 	682
f 669 	668 	661
f 675 	676 	682
f 677 	683 	682
f 663 	664 	658
f 669 	652 	664
f 652 	654 	664
f 654 	655 	664
f 673 	661 	671
f 671 	661 	668
f 676 	677 	682
f 683 	684 	682
f 680 	601 	679
f 601 	602 	679
f 681 	599 	680
f 646 	591 	681
f 599 	600 	680
f 651 	652 	682
f 661 	682 	653
f 652 	653 	682
f 661 	673 	682
f 674 	682 	673
f 87 	682 	684
f 687 	87 	686
f 688 	87 	687
f 689 	85 	688
f 692 	629 	691
f 602 	627 	679
f 630 	691 	629
f 699 	700 	694
f 637 	696 	695
f 698 	694 	697
f 696 	697 	695
f 699 	694 	698
f 695 	697 	694
f 637 	695 	690
f 630 	635 	691
f 690 	691 	635
f 79 	93 	78
f 83 	84 	78
f 92 	91 	81
f 81 	693 	92
f 693 	694 	700
f 701 	92 	693
f 80 	95 	79
f 77 	78 	93
f 83 	78 	77
f 84 	85 	78
f 689 	78 	85
f 87 	688 	85
f 85 	86 	87
f 82 	88 	83
f 80 	81 	90
f 89 	80 	90
f 96 	80 	89
f 91 	90 	81
f 701 	693 	700
f 93 	79 	94
f 94 	79 	95
f 95 	80 	96
f 102 	221 	101
f 221 	88 	101
f 100 	221 	102
f 99 	221 	100
f 98 	221 	99
f 97 	221 	98
f 221 	682 	87
f 686 	87 	685
f 87 	88 	221
f 82 	101 	88
f 685 	87 	684
f 97 	223 	221
f 643 	103 	224
f 242 	271 	244
f 239 	269 	242
f 237 	267 	239
f 234 	267 	237
f 232 	265 	234
f 244 	273 	227
f 250 	738 	252
f 248 	738 	250
f 246 	738 	248
f 716 	717 	738
f 273 	244 	271
f 277 	258 	275
f 254 	263 	230
f 265 	232 	263
f 267 	234 	265
f 269 	239 	267
f 271 	242 	269
f 275 	227 	273
f 279 	547 	277
f 554 	552 	281
f 230 	263 	232
f 566 	559 	283
f 258 	256 	275
f 256 	228 	275
f 227 	275 	228
f 284 	559 	286
f 559 	561 	286
f 561 	563 	286
f 704 	705 	563
f 565 	566 	283
f 556 	554 	283
f 704 	566 	565
f 566 	704 	563
f 556 	283 	559
f 281 	283 	554
f 279 	281 	552
f 552 	550 	279
f 550 	547 	279
f 260 	277 	547
f 258 	277 	260
f 706 	707 	563
f 707 	708 	286
f 705 	706 	563
f 286 	563 	707
f 708 	709 	286
f 712 	286 	709
f 712 	709 	711
f 224 	103 	710
f 719 	738 	718
f 717 	718 	738
f 720 	738 	719
f 721 	738 	720
f 722 	738 	721
f 252 	738 	722
f 725 	727 	724
f 726 	727 	725
f 713 	723 	727
f 714 	738 	713
f 724 	727 	723
f 246 	728 	729
f 246 	729 	730
f 246 	730 	731
f 246 	731 	732
f 246 	732 	733
f 246 	733 	734
f 246 	734 	735
f 246 	735 	736
f 246 	736 	737
f 714 	715 	738
f 723 	713 	738
f 737 	738 	246
f 715 	716 	738
f 741 	742 	755
f 743 	752 	742
f 741 	755 	740
f 750 	746 	749
f 751 	753 	750
f 752 	743 	751
f 740 	755 	739
f 754 	750 	753
f 746 	750 	754
f 756 	739 	755
f 755 	742 	752
f 759 	792 	757
f 753 	751 	743
f 760 	790 	759
f 757 	794 	756
f 761 	827 	760
f 762 	827 	761
f 791 	759 	790
f 792 	759 	791
f 793 	757 	792
f 794 	757 	793
f 795 	756 	794
f 739 	756 	795
f 797 	749 	747
f 746 	747 	749
f 748 	797 	747
f 799 	823 	798
f 798 	823 	762
f 800 	823 	799
f 824 	823 	800
f 801 	744 	745
f 801 	802 	744
f 796 	797 	748
f 796 	813 	803
f 813 	796 	748
f 820 	822 	815
f 814 	820 	815
f 820 	821 	822
f 822 	823 	815
f 825 	835 	824
f 826 	835 	825
f 835 	823 	824
f 827 	821 	760
f 827 	762 	823
f 815 	823 	835
f 828 	760 	821
f 790 	760 	828
f 833 	818 	819
f 830 	888 	829
f 831 	888 	830
f 833 	819 	832
f 826 	834 	835
f 844 	858 	838
f 837 	838 	858
f 840 	819 	839
f 841 	819 	840
f 841 	842 	819
f 842 	843 	819
f 819 	843 	832
f 845 	846 	844
f 836 	837 	858
f 858 	844 	846
f 846 	847 	858
f 847 	848 	858
f 848 	849 	858
f 857 	858 	851
f 852 	819 	851
f 857 	851 	819
f 852 	853 	819
f 839 	819 	854
f 853 	855 	819
f 845 	854 	855
f 819 	855 	854
f 888 	856 	858
f 836 	858 	856
f 831 	856 	888
f 850 	851 	858
f 849 	850 	858
f 876 	877 	875
f 829 	890 	816
f 877 	878 	893
f 816 	893 	878
f 881 	816 	879
f 878 	879 	816
f 879 	883 	881
f 884 	896 	883
f 885 	896 	884
f 881 	883 	896
f 876 	885 	884
f 890 	891 	816
f 892 	816 	891
f 889 	890 	829
f 893 	816 	892
f 875 	877 	893
f 888 	889 	829
f 904 	881 	898
f 896 	897 	881
f 894 	904 	898
f 895 	904 	894
f 895 	899 	904
f 897 	898 	881
f 901 	886 	900
f 903 	904 	899
f 902 	903 	899
f 911 	912 	899
f 886 	887 	900
f 907 	916 	886
f 906 	907 	886
f 905 	906 	886
f 914 	916 	907
f 909 	905 	886
f 908 	909 	886
f 911 	899 	910
f 913 	899 	912
f 902 	899 	913
f 915 	916 	914
f 917 	886 	916
f 928 	929 	924
f 928 	924 	899
f 899 	924 	925
f 925 	926 	899
f 910 	899 	920
f 926 	927 	899
f 920 	899 	915
f 927 	915 	899
f 929 	886 	921
f 921 	923 	929
f 923 	924 	929
f 901 	908 	886
f 917 	918 	886
f 918 	921 	886
f 931 	932 	432
f 931 	432 	435
f 1000 	366 	712
f 704 	565 	992
f 564 	992 	565
f 704 	992 	993
f 704 	993 	705
f 705 	993 	994
f 705 	994 	706
f 706 	994 	996
f 706 	996 	707
f 707 	996 	997
f 707 	997 	708
f 708 	997 	998
f 708 	998 	709
f 709 	998 	711
f 286 	712 	370
f 710 	103 	1001
f 104 	1001 	103
f 711 	1002 	1000
f 711 	1000 	712
f 224 	710 	1001
f 998 	1002 	711
f 252 	1003 	253
f 1019 	735 	1020
f 1021 	1020 	735
f 731 	1024 	1023
f 1025 	1024 	731
f 729 	1026 	1025
f 1027 	1026 	729
f 721 	1004 	1003
f 1004 	721 	1005
f 719 	1006 	1005
f 1007 	1006 	718
f 719 	718 	1006
f 1007 	718 	1008
f 717 	1008 	718
f 717 	1009 	1008
f 1010 	714 	1011
f 714 	1012 	1011
f 1013 	1012 	727
f 727 	726 	1014
f 727 	1014 	1013
f 1015 	1014 	725
f 726 	725 	1014
f 1016 	1015 	724
f 725 	724 	1015
f 724 	1017 	1016
f 1017 	723 	1028
f 252 	722 	1003
f 722 	721 	1003
f 721 	720 	1005
f 720 	719 	1005
f 717 	716 	1009
f 716 	715 	1010
f 716 	1010 	1009
f 715 	714 	1010
f 1012 	714 	713
f 713 	727 	1012
f 724 	723 	1017
f 738 	1028 	723
f 736 	1019 	737
f 1018 	737 	1019
f 736 	735 	1019
f 1021 	735 	734
f 734 	733 	1022
f 734 	1022 	1021
f 1023 	1022 	732
f 733 	732 	1022
f 732 	731 	1023
f 1025 	731 	730
f 730 	729 	1025
f 1027 	729 	728
f 728 	246 	247
f 728 	247 	1027
f 1018 	1028 	737
f 738 	737 	1028
f 743 	742 	1048
f 743 	1048 	1047
f 742 	741 	1049
f 742 	1049 	1048
f 741 	740 	1050
f 741 	1050 	1049
f 740 	739 	1051
f 740 	1051 	1050
f 739 	1267 	1051
f 745 	744 	1052
f 744 	1053 	1052
f 1056 	1058 	744
f 1057 	1059 	744
f 1058 	1057 	744
f 1059 	1061 	744
f 1061 	1060 	744
f 1060 	1062 	1053
f 1053 	744 	1060
f 1063 	1064 	1053
f 1062 	1063 	1053
f 1065 	1053 	1064
f 1066 	1053 	1065
f 1066 	1068 	1053
f 1068 	1067 	1053
f 1782 	1053 	1067
f 1067 	1070 	1782
f 1071 	1072 	1782
f 1072 	1073 	1782
f 1073 	1074 	1782
f 1285 	1782 	1076
f 1054 	1056 	744
f 1079 	1083 	744
f 1082 	744 	1083
f 1085 	1084 	744
f 1082 	1085 	744
f 1084 	1086 	744
f 1086 	1088 	744
f 1055 	744 	1088
f 1054 	744 	1055
f 1089 	745 	1090
f 1090 	745 	1091
f 1091 	745 	1092
f 1092 	745 	1093
f 1093 	745 	1094
f 1094 	745 	1095
f 1095 	745 	1096
f 1096 	745 	1097
f 1097 	745 	1098
f 1098 	745 	1099
f 1099 	745 	1100
f 1100 	745 	1101
f 1107 	1052 	1109
f 1101 	745 	1102
f 1102 	1052 	1103
f 1104 	1103 	1052
f 1104 	1052 	1105
f 1105 	1052 	1106
f 1106 	1052 	1107
f 1821 	1108 	1052
f 1109 	1052 	1108
f 1108 	1821 	1110
f 1110 	1821 	1112
f 1112 	1821 	1111
f 1113 	1821 	1114
f 1114 	1821 	1144
f 1144 	1821 	1145
f 1145 	1821 	1147
f 1148 	1147 	1821
f 1111 	1821 	1113
f 1149 	1150 	1821
f 1148 	1821 	1150
f 1149 	1821 	1151
f 1151 	1821 	1152
f 1157 	1156 	1821
f 1154 	1152 	1821
f 1155 	1154 	1821
f 1156 	1155 	1821
f 1160 	745 	1159
f 1162 	1161 	745
f 1159 	745 	1161
f 1162 	745 	1163
f 1163 	745 	1164
f 1164 	745 	1165
f 1165 	745 	1166
f 1166 	745 	1167
f 1167 	745 	1089
f 1191 	745 	1169
f 1170 	1168 	1821
f 1158 	1157 	1821
f 1168 	1158 	1821
f 1180 	1179 	1821
f 1170 	1821 	1173
f 1173 	1821 	1172
f 1172 	1821 	1174
f 1174 	1821 	1175
f 1175 	1821 	1177
f 1177 	1821 	1178
f 1192 	1182 	1821
f 1181 	1821 	1182
f 1178 	1821 	1179
f 1180 	1821 	1181
f 1052 	1102 	745
f 1183 	745 	1184
f 1183 	1186 	745
f 1184 	745 	1185
f 1185 	745 	1187
f 1188 	1187 	745
f 1188 	745 	1189
f 1189 	745 	1190
f 1160 	1169 	745
f 1190 	745 	1191
f 1198 	1197 	1821
f 1209 	1208 	1821
f 1192 	1821 	1193
f 1194 	1193 	1821
f 1196 	1194 	1821
f 1197 	1196 	1821
f 1221 	745 	1200
f 1200 	745 	1201
f 1201 	745 	1202
f 1202 	745 	1203
f 1203 	745 	1204
f 1205 	1204 	745
f 1205 	745 	1206
f 1186 	1206 	745
f 1199 	1821 	1207
f 1208 	1207 	1821
f 1198 	1821 	1199
f 1213 	1211 	1821
f 1209 	1821 	1210
f 1211 	1210 	1821
f 1213 	1821 	1214
f 1214 	1821 	1215
f 1217 	1216 	1821
f 1215 	1821 	1216
f 1218 	1217 	1821
f 1223 	745 	1220
f 1220 	745 	1221
f 1224 	745 	1223
f 801 	1228 	1821
f 1227 	1821 	1228
f 1821 	1225 	1218
f 1225 	1821 	1226
f 1226 	1821 	1227
f 1228 	801 	1230
f 1230 	801 	1231
f 1231 	801 	1232
f 1234 	1233 	745
f 801 	745 	1232
f 1233 	1232 	745
f 1235 	1234 	745
f 1237 	1236 	745
f 1236 	1235 	745
f 745 	1224 	1237
f 747 	1259 	1257
f 747 	1257 	748
f 746 	1260 	1259
f 746 	1259 	747
f 1261 	1260 	746
f 754 	1261 	746
f 754 	753 	1262
f 754 	1262 	1261
f 753 	743 	1047
f 753 	1047 	1262
f 750 	749 	1263
f 750 	1263 	1264
f 750 	1264 	1265
f 750 	1265 	751
f 751 	1265 	1266
f 751 	1266 	752
f 752 	1266 	1273
f 739 	795 	1267
f 795 	794 	1268
f 795 	1268 	1267
f 794 	793 	1269
f 794 	1269 	1268
f 793 	792 	1270
f 793 	1270 	1269
f 792 	791 	1271
f 792 	1271 	1270
f 791 	790 	1272
f 791 	1272 	1271
f 790 	1837 	1272
f 1273 	755 	752
f 755 	1273 	1274
f 755 	1274 	756
f 756 	1274 	1275
f 756 	1275 	757
f 757 	1275 	1276
f 757 	1276 	759
f 759 	1276 	1277
f 759 	1277 	760
f 760 	1277 	1278
f 760 	1278 	761
f 761 	1278 	1279
f 761 	1279 	762
f 797 	796 	1280
f 797 	1280 	1281
f 1281 	1263 	797
f 749 	797 	1263
f 798 	762 	1282
f 1279 	1282 	762
f 798 	1282 	1283
f 798 	1283 	799
f 799 	1283 	1284
f 799 	1284 	800
f 800 	1284 	824
f 435 	434 	1666
f 435 	1666 	931
f 224 	1667 	643
f 224 	225 	1667
f 815 	1668 	1669
f 815 	1669 	814
f 14 	12 	211
f 211 	11 	222
f 6 	222 	3
f 4 	3 	222
f 5 	4 	222
f 7 	222 	9
f 5 	222 	7
f 9 	222 	10
f 10 	222 	11
f 11 	211 	12
f 211 	18 	15
f 14 	211 	15
f 23 	32 	223
f 32 	30 	223
f 25 	24 	223
f 26 	25 	223
f 24 	23 	223
f 26 	222 	6
f 221 	223 	29
f 30 	29 	223
f 31 	221 	28
f 29 	28 	221
f 222 	26 	223
f 1070 	1071 	1782
f 1782 	1074 	1077
f 1286 	1288 	1782
f 1288 	1287 	1782
f 1287 	1290 	1782
f 1292 	1293 	1782
f 1293 	1294 	1782
f 1305 	1782 	1294
f 744 	1296 	1295
f 1295 	1297 	744
f 744 	1297 	1080
f 1080 	1079 	744
f 1290 	1292 	1782
f 1305 	1307 	1782
f 1308 	1312 	744
f 1314 	1296 	744
f 1312 	1311 	744
f 1311 	1313 	744
f 1313 	1314 	744
f 1321 	1782 	1322
f 1307 	1322 	1782
f 1323 	1325 	1782
f 1324 	1782 	1325
f 1326 	1327 	1782
f 1327 	1328 	1782
f 1328 	1329 	1782
f 1329 	1331 	1782
f 1077 	1076 	1782
f 1285 	1286 	1782
f 1321 	1323 	1782
f 1324 	1326 	1782
f 1331 	1330 	1782
f 1333 	1355 	1782
f 1343 	1338 	744
f 1336 	1309 	744
f 1335 	1334 	744
f 1334 	1336 	744
f 1308 	744 	1309
f 1340 	744 	1338
f 1342 	1341 	744
f 1340 	1342 	744
f 1341 	1345 	744
f 1345 	1346 	744
f 1346 	1335 	744
f 1348 	1350 	744
f 1350 	1343 	744
f 1349 	1348 	744
f 1330 	1332 	1782
f 1332 	1333 	1782
f 1356 	1782 	1354
f 1354 	1782 	1355
f 1357 	1358 	1782
f 1356 	1357 	1782
f 1359 	1369 	1782
f 1358 	1359 	1782
f 1368 	1782 	1369
f 1363 	1349 	744
f 1363 	744 	1361
f 1368 	1370 	1782
f 1371 	1373 	1782
f 1370 	1371 	1782
f 1373 	1372 	1782
f 1372 	1375 	1782
f 1375 	1376 	1782
f 1376 	1377 	1782
f 1782 	1377 	1378
f 744 	1382 	1380
f 744 	1380 	1379
f 1379 	1381 	744
f 1381 	1362 	744
f 1361 	744 	1362
f 1384 	1382 	744
f 802 	1409 	744
f 1412 	1410 	802
f 1410 	1409 	802
f 1411 	744 	1409
f 1414 	744 	1411
f 1415 	744 	1414
f 1416 	744 	1415
f 744 	1416 	1417
f 1417 	1385 	744
f 1384 	744 	1385
f 1782 	1378 	1408
f 1420 	1782 	1408
f 1419 	1421 	1782
f 1421 	1422 	1782
f 1422 	1424 	1782
f 802 	1782 	1424
f 1424 	1426 	802
f 1426 	1425 	802
f 1425 	1427 	802
f 1427 	1428 	802
f 1428 	1430 	802
f 802 	1430 	1412
f 1419 	1782 	1420
f 1782 	802 	1821
f 801 	1821 	802
f 748 	1257 	813
f 1822 	813 	1257
f 1832 	1280 	803
f 796 	803 	1280
f 813 	1822 	803
f 803 	1822 	1832
f 819 	818 	1834
f 819 	1834 	1833
f 816 	1835 	829
f 818 	1849 	1834
f 820 	1836 	1838
f 1669 	1836 	820
f 1669 	820 	814
f 790 	828 	1837
f 1838 	821 	820
f 828 	821 	1838
f 828 	1838 	1837
f 1838 	1839 	822
f 1838 	822 	821
f 815 	835 	1668
f 822 	1839 	1840
f 822 	1840 	823
f 1851 	1668 	835
f 1284 	1841 	824
f 824 	1841 	1842
f 824 	1842 	825
f 825 	1842 	1843
f 825 	1843 	826
f 827 	823 	1840
f 827 	1840 	1844
f 1838 	821 	827
f 1838 	827 	1844
f 888 	858 	1922
f 829 	1847 	1848
f 829 	1848 	830
f 830 	1848 	1846
f 830 	1846 	831
f 1835 	1847 	829
f 818 	833 	1849
f 833 	832 	1850
f 833 	1850 	1849
f 834 	1852 	1851
f 834 	1851 	835
f 1843 	1852 	834
f 1843 	834 	826
f 842 	1864 	1861
f 1865 	1868 	1869
f 1868 	1867 	1869
f 1868 	1870 	1869
f 1868 	1869 	1883
f 842 	1861 	1860
f 840 	1862 	1863
f 854 	1862 	839
f 1864 	840 	1863
f 1867 	1862 	854
f 1886 	844 	1869
f 1865 	1869 	844
f 1867 	854 	1869
f 1886 	1869 	854
f 1870 	846 	1869
f 1886 	1869 	846
f 1872 	847 	1870
f 846 	1870 	847
f 847 	1872 	1873
f 1882 	852 	1880
f 1869 	1886 	855
f 1869 	855 	1883
f 855 	1882 	1883
f 1858 	1857 	837
f 838 	837 	1857
f 837 	836 	1859
f 837 	1859 	1858
f 836 	856 	1859
f 1850 	832 	1860
f 843 	1860 	832
f 843 	842 	1860
f 840 	839 	1862
f 841 	840 	1864
f 842 	841 	1864
f 1904 	857 	1833
f 1833 	857 	819
f 844 	838 	1865
f 1857 	1865 	838
f 844 	1886 	845
f 845 	1886 	854
f 1886 	846 	845
f 847 	1873 	848
f 1875 	849 	1873
f 848 	1873 	849
f 851 	850 	1877
f 851 	1877 	1878
f 851 	1880 	852
f 1878 	1880 	851
f 1875 	1877 	849
f 850 	849 	1877
f 853 	852 	1882
f 1886 	845 	855
f 1882 	855 	853
f 1903 	1922 	858
f 1902 	1859 	856
f 856 	831 	1902
f 1846 	1902 	831
f 857 	1904 	1903
f 857 	1903 	858
f 1906 	1908 	875
f 876 	875 	1908
f 816 	881 	1835
f 876 	1907 	885
f 1907 	876 	1908
f 877 	876 	1908
f 877 	1908 	1909
f 1911 	1835 	881
f 878 	877 	1909
f 878 	1909 	1910
f 878 	1910 	1912
f 878 	1912 	879
f 879 	1912 	1913
f 879 	1913 	883
f 883 	1913 	1914
f 883 	1914 	884
f 884 	1914 	1908
f 884 	1908 	876
f 887 	886 	1916
f 887 	1916 	1915
f 1917 	1906 	893
f 875 	893 	1906
f 893 	892 	1918
f 893 	1918 	1917
f 892 	891 	1919
f 892 	1919 	1918
f 891 	890 	1920
f 891 	1920 	1919
f 890 	889 	1921
f 890 	1921 	1920
f 889 	888 	1922
f 889 	1922 	1921
f 894 	1924 	1925
f 894 	1925 	895
f 1926 	1924 	894
f 1926 	894 	898
f 895 	1925 	1923
f 895 	1923 	899
f 896 	885 	1927
f 1907 	1927 	885
f 896 	1927 	1928
f 896 	1928 	897
f 897 	1928 	1926
f 897 	1926 	898
f 881 	904 	1911
f 1933 	1911 	904
f 1915 	1931 	887
f 901 	1929 	908
f 900 	1931 	1929
f 900 	1929 	901
f 1931 	900 	887
f 1933 	904 	903
f 1933 	903 	1934
f 903 	902 	1935
f 903 	1935 	1934
f 929 	1965 	886
f 1945 	1946 	1947
f 1950 	1947 	1946
f 1946 	1948 	1947
f 1946 	1947 	1958
f 925 	924 	1956
f 906 	1936 	1937
f 906 	1938 	1936
f 1940 	1939 	908
f 1929 	1940 	908
f 1935 	902 	1941
f 913 	912 	1941
f 920 	1944 	910
f 1960 	914 	1947
f 1948 	1949 	917
f 1949 	1951 	917
f 920 	1960 	1947
f 920 	1947 	1950
f 1948 	916 	1947
f 918 	917 	1951
f 1960 	927 	1947
f 1950 	1944 	920
f 1953 	1954 	923
f 924 	923 	1954
f 1966 	928 	1923
f 1956 	924 	1954
f 923 	1952 	1953
f 1957 	925 	1956
f 907 	906 	1937
f 905 	1938 	906
f 1937 	1945 	907
f 914 	907 	1945
f 1939 	1938 	909
f 905 	909 	1938
f 909 	908 	1939
f 913 	1941 	902
f 1942 	1941 	912
f 912 	911 	1943
f 912 	1943 	1942
f 1944 	1943 	910
f 911 	910 	1943
f 1945 	1947 	914
f 914 	1960 	915
f 916 	1948 	917
f 920 	915 	1960
f 1960 	1947 	916
f 1960 	916 	915
f 918 	1951 	921
f 915 	927 	1960
f 1952 	921 	1951
f 921 	1952 	923
f 928 	899 	1923
f 926 	925 	1957
f 1957 	1958 	926
f 927 	926 	1958
f 1958 	1947 	927
f 928 	1966 	1965
f 928 	1965 	929
f 1916 	886 	1965
f 1666 	2024 	932
f 1666 	932 	931
f 2078 	2077 	2027
f 2028 	2078 	2027
f 2029 	2078 	2028
f 2030 	2053 	2029
f 2031 	2053 	2030
f 2032 	2054 	2031
f 2033 	2054 	2032
f 2034 	2055 	2033
f 2026 	2027 	2077
f 2049 	2048 	2052
f 2038 	2047 	2037
f 2036 	2037 	2047
f 2035 	2042 	2039
f 2044 	2045 	2040
f 2041 	2040 	2045
f 2046 	2041 	2045
f 2043 	2044 	2040
f 2036 	2041 	2046
f 2040 	2039 	2043
f 2042 	2043 	2039
f 2036 	2047 	2041
f 2048 	2047 	2038
f 2038 	2051 	2048
f 2051 	2052 	2048
f 2052 	2056 	2049
f 2056 	2057 	2049
f 2053 	2031 	2054
f 2039 	2055 	2035
f 2054 	2033 	2055
f 2035 	2055 	2034
f 2049 	2057 	2050
f 2058 	2050 	2057
f 2059 	2050 	2058
f 2060 	2066 	2059
f 2063 	2114 	2062
f 2050 	2059 	2066
f 2066 	2067 	2065
f 2067 	2066 	2060
f 2068 	2065 	2067
f 2068 	2069 	2065
f 2064 	2065 	2069
f 2064 	2069 	2070
f 2074 	2128 	2073
f 2072 	2073 	2128
f 2062 	2129 	2061
f 2071 	2072 	2127
f 2086 	2087 	2076
f 2078 	2029 	2053
f 2025 	2026 	2077
f 2077 	2076 	2025
f 2076 	2081 	2086
f 2082 	2083 	2080
f 2083 	2084 	2080
f 2080 	2084 	2081
f 2085 	2081 	2084
f 2086 	2081 	2085
f 2025 	2076 	2087
f 2088 	2094 	2089
f 2093 	2082 	2090
f 2080 	2090 	2082
f 2092 	2093 	2090
f 2090 	2089 	2092
f 2091 	2092 	2089
f 2091 	2089 	2094
f 2070 	2097 	2064
f 2100 	2105 	2096
f 2099 	2100 	2096
f 2096 	2095 	2099
f 2075 	2096 	2105
f 2098 	2099 	2095
f 2097 	2098 	2095
f 2095 	2064 	2097
f 2102 	2153 	2101
f 2103 	2154 	2102
f 2128 	2127 	2072
f 2108 	2088 	2107
f 2094 	2088 	2108
f 2088 	2075 	2107
f 2106 	2107 	2075
f 2105 	2106 	2075
f 2120 	2117 	2113
f 2125 	2126 	2120
f 2113 	2125 	2120
f 2063 	2118 	2114
f 2118 	2119 	2115
f 2115 	2114 	2118
f 2122 	2123 	2116
f 2116 	2115 	2122
f 2119 	2122 	2115
f 2123 	2111 	2116
f 2117 	2116 	2111
f 2111 	2112 	2117
f 2112 	2113 	2117
f 2121 	2120 	2126
f 2126 	2135 	2121
f 2135 	2131 	2121
f 2104 	2071 	2127
f 2127 	2154 	2104
f 2129 	2062 	2114
f 2128 	2074 	2129
f 2061 	2129 	2074
f 2130 	2124 	2133
f 2133 	2124 	2132
f 2131 	2132 	2124
f 2124 	2121 	2131
f 2139 	2193 	2138
f 2138 	2193 	2137
f 2142 	2143 	2141
f 2133 	2134 	2130
f 2141 	2130 	2142
f 2142 	2130 	2134
f 2143 	2144 	2141
f 2140 	2141 	2144
f 2140 	2144 	2145
f 2149 	2225 	2148
f 2147 	2148 	2225
f 2136 	2226 	2149
f 2177 	2178 	2237
f 2152 	2110 	2153
f 2103 	2104 	2154
f 2153 	2102 	2154
f 2110 	2101 	2153
f 2155 	2151 	2181
f 2182 	2160 	2155
f 2181 	2182 	2155
f 2161 	2162 	2156
f 2160 	2161 	2156
f 2163 	2164 	2157
f 2157 	2156 	2162
f 2163 	2157 	2162
f 2165 	2166 	2158
f 2158 	2157 	2164
f 2164 	2165 	2158
f 2159 	2158 	2166
f 2166 	2167 	2159
f 2167 	2168 	2159
f 2152 	2159 	2168
f 2168 	2109 	2152
f 2110 	2152 	2109
f 2173 	2150 	2172
f 2150 	2169 	2172
f 2173 	2179 	2150
f 2171 	2172 	2169
f 2170 	2171 	2169
f 2169 	2140 	2170
f 2145 	2170 	2140
f 2224 	2237 	2178
f 2146 	2147 	2224
f 2225 	2224 	2147
f 2181 	2151 	2180
f 2156 	2155 	2160
f 2179 	2180 	2151
f 2151 	2150 	2179
f 2175 	2236 	2185
f 2188 	2191 	2187
f 2192 	2187 	2191
f 2196 	2197 	2192
f 2186 	2192 	2197
f 2187 	2192 	2186
f 2189 	2191 	2188
f 2192 	2194 	2196
f 2195 	2196 	2194
f 2193 	2139 	2194
f 2195 	2194 	2139
f 2199 	2227 	2201
f 2201 	2213 	2204
f 2204 	2213 	2203
f 2203 	2213 	2202
f 2208 	2212 	2207
f 2207 	2211 	2206
f 2206 	2211 	2205
f 2205 	2210 	2190
f 2202 	2212 	2208
f 2191 	2189 	2210
f 2210 	2205 	2211
f 2211 	2207 	2212
f 2201 	2217 	2213
f 2215 	2217 	2216
f 2217 	2209 	2216
f 2215 	2214 	2217
f 2214 	2213 	2217
f 2212 	2202 	2213
f 2190 	2210 	2189
f 2216 	2209 	2218
f 2219 	2218 	2209
f 2209 	2227 	2219
f 2220 	2219 	2227
f 2220 	2227 	2221
f 2222 	2221 	2227
f 2223 	2222 	2227
f 2178 	2146 	2224
f 2226 	2137 	2193
f 2136 	2137 	2226
f 2225 	2149 	2226
f 2200 	2201 	2227
f 2209 	2200 	2227
f 2228 	2223 	2227
f 2227 	108 	2228
f 2229 	2228 	108
f 2230 	2229 	2255
f 2232 	2231 	2255
f 2184 	2185 	2235
f 2176 	2177 	2237
f 2237 	2236 	2176
f 2175 	2176 	2236
f 2236 	2235 	2185
f 2239 	2238 	2242
f 2241 	2242 	2238
f 2242 	2243 	2239
f 2240 	2183 	2235
f 2243 	2244 	2239
f 2244 	2245 	2239
f 2240 	2239 	2245
f 2246 	2240 	2245
f 2183 	2240 	2246
f 2184 	2235 	2183
f 2234 	2252 	2247
f 2248 	2247 	2264
f 2264 	2265 	2248
f 2265 	2266 	2248
f 2260 	2261 	2249
f 2251 	2247 	2254
f 2253 	2254 	2247
f 2253 	2247 	2252
f 2251 	2264 	2247
f 2234 	2233 	2252
f 2254 	2258 	2257
f 2255 	108 	2258
f 108 	2257 	2258
f 2250 	2249 	2261
f 2262 	2250 	2261
f 2241 	2238 	2263
f 2262 	2263 	2250
f 2250 	2263 	2238
f 2249 	2248 	2266
f 2266 	2259 	2249
f 2259 	2260 	2249
f 2257 	108 	2267
f 2271 	2272 	108
f 2270 	2271 	108
f 2268 	108 	2272
f 2269 	2270 	108
f 2267 	108 	2268
f 2255 	2229 	108
f 2256 	2252 	2255
f 2233 	2255 	2252
f 2232 	2255 	2233
f 2231 	2230 	2255
f 1115 	222 	1116
f 1117 	222 	1115
f 1117 	1118 	222
f 1119 	222 	1120
f 1120 	222 	1118
f 1119 	1121 	222
f 1121 	1401 	222
f 1455 	1388 	2269
f 1396 	1398 	2269
f 1125 	1124 	2269
f 2269 	1124 	1126
f 1126 	1127 	2269
f 222 	2269 	1116
f 1127 	1116 	2269
f 1443 	1450 	2269
f 1450 	1451 	2269
f 1390 	2269 	1387
f 1390 	1389 	2269
f 1389 	1391 	2269
f 1391 	1392 	2269
f 1392 	1393 	2269
f 1393 	1395 	2269
f 1395 	1396 	2269
f 1398 	1397 	2269
f 1397 	1399 	2269
f 1399 	1400 	2269
f 1400 	1125 	2269
f 1401 	1402 	222
f 1402 	1403 	222
f 1403 	1405 	222
f 1406 	1436 	222
f 2269 	1440 	1443
f 1453 	1452 	2269
f 1451 	1453 	2269
f 1455 	2269 	1454
f 1452 	1454 	2269
f 1387 	2269 	1388
f 2269 	108 	1545
f 1545 	1442 	2269
f 1440 	2269 	1442
f 1405 	1404 	222
f 1404 	1406 	222
f 1436 	1437 	222
f 1437 	1580 	222
f 1580 	1582 	222
f 1582 	1581 	222
f 1581 	1583 	222
f 1584 	222 	1583
f 1585 	1586 	222
f 1586 	1587 	222
f 1589 	211 	1587
f 1588 	211 	1589
f 1584 	1585 	222
f 222 	1587 	211
f 1594 	211 	1592
f 1588 	1590 	211
f 1594 	1595 	211
f 1595 	1596 	211
f 1592 	211 	1628
f 128 	211 	1596
f 1628 	211 	1591
f 1590 	1591 	211
f 270 	268 	243
f 243 	245 	270
f 272 	270 	245
f 245 	226 	272
f 274 	272 	226
f 259 	261 	276
f 240 	243 	268
f 249 	1028 	247
f 1003 	1004 	253
f 225 	1001 	1667
f 268 	266 	240
f 262 	255 	231
f 231 	233 	262
f 264 	262 	233
f 233 	235 	264
f 266 	264 	235
f 235 	238 	266
f 238 	240 	266
f 226 	229 	274
f 229 	257 	274
f 257 	259 	274
f 276 	274 	259
f 261 	548 	276
f 551 	278 	548
f 278 	553 	280
f 104 	1667 	1001
f 1804 	562 	1805
f 1776 	1775 	285
f 1770 	562 	1771
f 1773 	562 	1770
f 1771 	558 	1772
f 1772 	558 	1774
f 1774 	558 	1775
f 558 	285 	1775
f 1776 	285 	1777
f 1777 	285 	1778
f 1779 	1778 	285
f 1799 	285 	1787
f 1787 	287 	1784
f 1784 	287 	1785
f 1785 	287 	1786
f 1789 	287 	1790
f 1786 	287 	1789
f 1790 	287 	1791
f 1791 	287 	1793
f 1793 	287 	1794
f 1796 	285 	1797
f 1798 	1797 	285
f 1796 	1806 	285
f 287 	1787 	285
f 1798 	285 	1799
f 558 	1771 	560
f 1801 	562 	1802
f 1802 	562 	1803
f 1803 	562 	1804
f 1805 	562 	1773
f 1779 	285 	1806
f 1810 	1809 	994
f 1808 	996 	1809
f 998 	997 	313
f 1810 	994 	1811
f 1811 	994 	1812
f 1812 	994 	1813
f 1813 	994 	1814
f 1814 	994 	1815
f 1815 	994 	1816
f 1816 	562 	1817
f 1817 	562 	1801
f 1795 	287 	291
f 1795 	1794 	287
f 994 	1809 	996
f 1000 	998 	313
f 2021 	996 	1808
f 560 	1771 	562
f 282 	280 	555
f 993 	992 	562
f 567 	562 	992
f 564 	282 	567
f 553 	278 	551
f 555 	280 	553
f 557 	558 	282
f 555 	557 	282
f 567 	282 	558
f 278 	276 	548
f 564 	567 	992
f 994 	993 	562
f 562 	1816 	994
f 2021 	313 	996
f 997 	996 	313
f 1002 	998 	1000
f 1009 	1010 	251
f 1010 	1011 	251
f 1011 	1012 	251
f 1012 	1013 	251
f 1008 	1009 	251
f 1004 	1005 	253
f 1005 	1006 	253
f 251 	253 	1006
f 1006 	1007 	251
f 1007 	1008 	251
f 1015 	1016 	251
f 1016 	1017 	251
f 1014 	1015 	251
f 1017 	1028 	251
f 249 	251 	1028
f 1013 	1014 	251
f 1018 	247 	1028
f 1019 	247 	1018
f 1020 	247 	1019
f 1025 	1026 	1020
f 1025 	1020 	1021
f 1025 	1021 	1022
f 1025 	1022 	1023
f 1025 	1023 	1024
f 247 	1020 	1027
f 1026 	1027 	1020
f 1269 	1270 	1275
f 1276 	1275 	1270
f 1052 	1053 	1821
f 1053 	1782 	1821
f 1257 	1259 	1281
f 1260 	1263 	1259
f 1263 	1260 	1264
f 1261 	1262 	1264
f 1048 	1266 	1047
f 1049 	1273 	1048
f 1266 	1265 	1047
f 1266 	1048 	1273
f 1262 	1047 	1265
f 1265 	1264 	1262
f 1261 	1264 	1260
f 1049 	1050 	1273
f 1050 	1051 	1273
f 1274 	1273 	1051
f 1051 	1267 	1274
f 1267 	1268 	1274
f 1275 	1274 	1268
f 1268 	1269 	1275
f 1270 	1271 	1276
f 1271 	1272 	1276
f 1277 	1276 	1272
f 1272 	1837 	1277
f 1838 	1844 	1277
f 1837 	1838 	1277
f 1281 	1259 	1263
f 1832 	1822 	1280
f 1281 	1280 	1257
f 1844 	1840 	1279
f 1282 	1279 	1840
f 1283 	1282 	1840
f 1257 	1280 	1822
f 1669 	1668 	1836
f 1668 	1839 	1836
f 1838 	1836 	1839
f 1843 	1842 	1851
f 1839 	1668 	1840
f 1284 	1283 	1840
f 1841 	1284 	1840
f 1840 	1851 	1841
f 1668 	1851 	1840
f 1842 	1841 	1851
f 1278 	1277 	1844
f 1279 	1278 	1844
f 1835 	1920 	1847
f 1848 	1847 	1922
f 1903 	1902 	1922
f 1848 	1922 	1846
f 1850 	1833 	1849
f 1852 	1843 	1851
f 1858 	1859 	1903
f 1863 	1862 	1833
f 1864 	1833 	1861
f 1860 	1861 	1833
f 1863 	1833 	1864
f 1850 	1860 	1833
f 1834 	1849 	1833
f 1903 	1872 	1857
f 1868 	1865 	1870
f 1873 	1872 	1903
f 1865 	1857 	1870
f 1873 	1903 	1875
f 1872 	1870 	1857
f 1875 	1904 	1877
f 1904 	1833 	1878
f 1880 	1878 	1833
f 1867 	1833 	1862
f 1880 	1833 	1882
f 1868 	1883 	1867
f 1833 	1867 	1883
f 1882 	1833 	1883
f 1857 	1858 	1903
f 1903 	1859 	1902
f 1846 	1922 	1902
f 1878 	1877 	1904
f 1903 	1904 	1875
f 1906 	1917 	1909
f 1911 	1912 	1835
f 1908 	1906 	1909
f 1909 	1917 	1910
f 1910 	1835 	1912
f 1912 	1911 	1913
f 1911 	1927 	1913
f 1908 	1914 	1907
f 1914 	1913 	1927
f 1835 	1910 	1917
f 1835 	1917 	1918
f 1835 	1918 	1919
f 1835 	1919 	1920
f 1921 	1847 	1920
f 1922 	1847 	1921
f 1928 	1911 	1926
f 1907 	1914 	1927
f 1925 	1924 	1933
f 1911 	1933 	1926
f 1924 	1926 	1933
f 1927 	1911 	1928
f 1923 	1925 	1933
f 1934 	1923 	1933
f 1915 	1916 	1931
f 1935 	1923 	1934
f 1939 	1940 	1965
f 1938 	1939 	1965
f 1965 	1949 	1937
f 1937 	1936 	1965
f 1940 	1929 	1965
f 1931 	1965 	1929
f 1936 	1938 	1965
f 1944 	1923 	1943
f 1942 	1943 	1923
f 1942 	1923 	1941
f 1941 	1923 	1935
f 1946 	1945 	1948
f 1948 	1937 	1949
f 1945 	1937 	1948
f 1949 	1965 	1951
f 1958 	1923 	1946
f 1951 	1965 	1952
f 1952 	1966 	1953
f 1954 	1953 	1966
f 1954 	1923 	1956
f 1944 	1950 	1923
f 1946 	1923 	1950
f 1956 	1923 	1957
f 1957 	1923 	1958
f 1923 	1954 	1966
f 1966 	1952 	1965
f 1931 	1916 	1965
f 434 	433 	2024
f 434 	2024 	1666
f 433 	432 	932
f 433 	932 	2024
f 2031 	437 	447
f 2031 	447 	2032
f 446 	2033 	2032
f 446 	2032 	447
f 445 	2034 	2033
f 445 	2033 	446
f 444 	2035 	2034
f 444 	2034 	445
f 442 	2026 	2025
f 442 	2025 	443
f 441 	2027 	2026
f 441 	2026 	442
f 440 	2028 	2027
f 440 	2027 	441
f 439 	2029 	2028
f 439 	2028 	440
f 438 	2030 	2029
f 438 	2029 	439
f 2031 	2030 	438
f 2031 	438 	437
f 450 	449 	2037
f 450 	2037 	2036
f 449 	448 	2038
f 449 	2038 	2037
f 448 	2051 	2038
f 458 	2042 	2035
f 458 	2035 	444
f 457 	2043 	2042
f 457 	2042 	458
f 457 	456 	2044
f 457 	2044 	2043
f 456 	455 	2045
f 456 	2045 	2044
f 455 	454 	2046
f 455 	2046 	2045
f 454 	450 	2036
f 454 	2036 	2046
f 452 	451 	2039
f 452 	2039 	2040
f 452 	2040 	2041
f 452 	2041 	453
f 448 	464 	2051
f 464 	463 	2052
f 464 	2052 	2051
f 2056 	2052 	463
f 2041 	2047 	459
f 2041 	459 	453
f 459 	2047 	2048
f 459 	2048 	460
f 460 	2048 	2049
f 460 	2049 	461
f 461 	2049 	2050
f 461 	2050 	462
f 462 	2050 	492
f 465 	2078 	2053
f 466 	465 	2053
f 466 	2053 	2054
f 467 	466 	2054
f 467 	2054 	2055
f 2055 	2039 	467
f 451 	467 	2039
f 2050 	2066 	492
f 463 	472 	2056
f 472 	471 	2057
f 472 	2057 	2056
f 471 	470 	2058
f 471 	2058 	2057
f 470 	469 	2059
f 470 	2059 	2058
f 469 	468 	2060
f 469 	2060 	2059
f 497 	475 	2061
f 474 	2062 	2061
f 474 	2061 	475
f 473 	2063 	2062
f 473 	2062 	474
f 2118 	2063 	473
f 2067 	2060 	496
f 468 	496 	2060
f 496 	495 	2068
f 496 	2068 	2067
f 495 	494 	2069
f 495 	2069 	2068
f 494 	493 	2070
f 494 	2070 	2069
f 2065 	2064 	491
f 2065 	491 	476
f 491 	2064 	521
f 492 	2066 	2065
f 492 	2065 	476
f 498 	2073 	2072
f 498 	2072 	499
f 497 	2074 	2073
f 497 	2073 	498
f 2061 	2074 	497
f 2072 	2071 	500
f 2072 	500 	499
f 2096 	2075 	501
f 501 	2075 	514
f 502 	2081 	2076
f 503 	502 	2076
f 503 	2076 	2077
f 504 	503 	2077
f 504 	2077 	2078
f 465 	504 	2078
f 512 	2083 	2082
f 512 	2082 	513
f 511 	2084 	2083
f 511 	2083 	512
f 510 	2085 	2084
f 510 	2084 	511
f 509 	2086 	2085
f 509 	2085 	510
f 507 	2087 	2086
f 507 	2086 	509
f 2025 	2087 	507
f 2025 	507 	443
f 505 	2090 	2080
f 506 	505 	2080
f 506 	2080 	2081
f 502 	506 	2081
f 520 	2094 	532
f 519 	2091 	2094
f 519 	2094 	520
f 518 	2092 	2091
f 518 	2091 	519
f 517 	2093 	2092
f 517 	2092 	518
f 2082 	2093 	517
f 2082 	517 	513
f 2075 	2088 	514
f 515 	514 	2088
f 515 	2088 	2089
f 516 	515 	2089
f 516 	2089 	2090
f 505 	516 	2090
f 2097 	2070 	526
f 493 	526 	2070
f 526 	525 	2098
f 526 	2098 	2097
f 525 	524 	2099
f 525 	2099 	2098
f 524 	523 	2100
f 524 	2100 	2099
f 523 	2105 	2100
f 2064 	2095 	521
f 521 	2095 	2096
f 521 	2096 	522
f 522 	2096 	501
f 530 	2101 	2110
f 529 	2102 	2101
f 529 	2101 	530
f 528 	2103 	2102
f 528 	2102 	529
f 527 	2104 	2103
f 527 	2103 	528
f 2071 	2104 	527
f 2071 	527 	500
f 523 	535 	2105
f 535 	534 	2106
f 535 	2106 	2105
f 533 	2107 	2106
f 533 	2106 	534
f 532 	2108 	2107
f 532 	2107 	533
f 2094 	2108 	532
f 537 	2109 	616
f 536 	2110 	2109
f 536 	2109 	537
f 2110 	536 	530
f 540 	2111 	2123
f 540 	539 	2112
f 540 	2112 	2111
f 539 	538 	2113
f 539 	2113 	2112
f 573 	2118 	473
f 573 	572 	2119
f 573 	2119 	2118
f 576 	2122 	572
f 2119 	572 	2122
f 576 	575 	2123
f 576 	2123 	2122
f 575 	540 	2123
f 2125 	2113 	579
f 538 	579 	2113
f 579 	578 	2126
f 579 	2126 	2125
f 543 	542 	2114
f 543 	2114 	2115
f 543 	2115 	2116
f 543 	2116 	544
f 544 	2116 	2117
f 544 	2117 	570
f 570 	2117 	2120
f 570 	2120 	571
f 571 	2120 	2121
f 571 	2121 	574
f 574 	2121 	2124
f 574 	2124 	577
f 581 	580 	2127
f 581 	2127 	2128
f 582 	581 	2128
f 582 	2128 	2129
f 2129 	2114 	582
f 542 	582 	2114
f 2124 	2130 	583
f 2124 	583 	577
f 2135 	2126 	588
f 578 	588 	2126
f 588 	587 	2131
f 588 	2131 	2135
f 587 	586 	2132
f 587 	2132 	2131
f 586 	585 	2133
f 586 	2133 	2132
f 585 	584 	2134
f 585 	2134 	2133
f 592 	2136 	599
f 591 	2137 	2136
f 591 	2136 	592
f 590 	2138 	2137
f 590 	2137 	591
f 589 	2139 	2138
f 589 	2138 	590
f 589 	2195 	2139
f 2142 	2134 	598
f 584 	598 	2134
f 598 	597 	2143
f 598 	2143 	2142
f 597 	596 	2144
f 597 	2144 	2143
f 596 	595 	2145
f 596 	2145 	2144
f 2141 	2140 	594
f 2141 	594 	593
f 594 	2140 	622
f 2130 	2141 	593
f 2130 	593 	583
f 601 	2147 	2146
f 601 	2146 	602
f 600 	2148 	2147
f 600 	2147 	601
f 599 	2149 	2148
f 599 	2148 	600
f 2136 	2149 	599
f 2150 	603 	622
f 603 	2150 	2151
f 603 	2151 	604
f 604 	2151 	608
f 605 	2159 	2152
f 606 	605 	2152
f 606 	2152 	2153
f 607 	606 	2153
f 607 	2153 	2154
f 2154 	2127 	607
f 580 	607 	2127
f 631 	615 	2160
f 614 	2161 	2160
f 614 	2160 	615
f 613 	2162 	2161
f 613 	2161 	614
f 613 	2163 	2162
f 621 	2163 	613
f 620 	2164 	2163
f 620 	2163 	621
f 619 	2165 	2164
f 619 	2164 	620
f 618 	2166 	2165
f 618 	2165 	619
f 617 	2167 	2166
f 617 	2166 	618
f 616 	2168 	2167
f 616 	2167 	617
f 2109 	2168 	616
f 2151 	2155 	608
f 609 	608 	2155
f 609 	2155 	2156
f 610 	609 	2156
f 610 	2156 	2157
f 611 	610 	2157
f 611 	2157 	2158
f 612 	611 	2158
f 612 	2158 	2159
f 605 	612 	2159
f 2170 	2145 	626
f 595 	626 	2145
f 626 	625 	2171
f 626 	2171 	2170
f 625 	624 	2172
f 625 	2172 	2171
f 624 	623 	2173
f 624 	2173 	2172
f 623 	2179 	2173
f 2140 	2169 	622
f 622 	2169 	2150
f 629 	2176 	2175
f 629 	2175 	630
f 628 	2177 	2176
f 628 	2176 	629
f 627 	2178 	2177
f 627 	2177 	628
f 2146 	2178 	627
f 2146 	627 	602
f 623 	634 	2179
f 634 	633 	2180
f 634 	2180 	2179
f 632 	2181 	2180
f 632 	2180 	633
f 631 	2182 	2181
f 631 	2181 	632
f 2160 	2182 	631
f 636 	2184 	2183
f 636 	2183 	637
f 635 	2185 	2184
f 635 	2184 	636
f 2175 	2185 	635
f 2175 	635 	630
f 642 	641 	2187
f 642 	2187 	2186
f 641 	640 	2188
f 641 	2188 	2187
f 640 	639 	2189
f 640 	2189 	2188
f 639 	638 	2190
f 639 	2190 	2189
f 103 	643 	1667
f 589 	650 	2195
f 650 	649 	2196
f 650 	2196 	2195
f 649 	648 	2197
f 649 	2197 	2196
f 648 	642 	2186
f 648 	2186 	2197
f 2192 	2191 	645
f 2192 	645 	644
f 647 	646 	2193
f 647 	2193 	2194
f 647 	2194 	2192
f 647 	2192 	644
f 2190 	638 	2205
f 2203 	655 	2204
f 2201 	2204 	2290
f 654 	2290 	2204
f 2201 	2200 	2290
f 653 	2200 	2209
f 662 	2191 	2210
f 662 	2210 	2211
f 2201 	2290 	2217
f 2205 	638 	660
f 651 	2199 	2290
f 2206 	2205 	659
f 660 	659 	2205
f 2207 	2206 	658
f 659 	658 	2206
f 2207 	658 	2208
f 657 	2208 	658
f 657 	2202 	2208
f 2202 	655 	2203
f 2290 	2293 	651
f 654 	2204 	655
f 654 	2293 	2290
f 2200 	653 	2290
f 652 	669 	2293
f 2290 	2293 	669
f 2209 	661 	653
f 2212 	664 	2211
f 664 	2212 	2213
f 2201 	2290 	2199
f 2202 	657 	656
f 656 	655 	2202
f 652 	651 	2293
f 654 	652 	2293
f 2293 	2290 	653
f 2293 	653 	652
f 645 	2191 	662
f 663 	662 	2211
f 664 	663 	2211
f 664 	2213 	665
f 2214 	666 	2213
f 665 	2213 	666
f 2215 	667 	2214
f 666 	2214 	667
f 2215 	2216 	667
f 667 	2216 	668
f 661 	2209 	2217
f 661 	2217 	669
f 2217 	2290 	669
f 2218 	671 	668
f 2216 	2218 	668
f 671 	2218 	2219
f 671 	2219 	673
f 673 	2219 	2220
f 673 	2220 	674
f 674 	2220 	2221
f 674 	2221 	675
f 675 	2221 	2222
f 675 	2222 	676
f 676 	2222 	2223
f 676 	2223 	677
f 677 	2223 	683
f 680 	679 	2224
f 680 	2224 	2225
f 681 	680 	2225
f 681 	2225 	2226
f 2226 	2193 	681
f 646 	681 	2193
f 2227 	2199 	682
f 682 	2199 	651
f 221 	143 	682
f 104 	103 	1667
f 2223 	2228 	683
f 683 	2228 	2229
f 683 	2229 	684
f 684 	2229 	2230
f 684 	2230 	685
f 685 	2230 	2231
f 685 	2231 	686
f 686 	2231 	2232
f 686 	2232 	687
f 687 	2232 	2233
f 687 	2233 	688
f 688 	2233 	2234
f 688 	2234 	689
f 78 	689 	2234
f 690 	695 	2235
f 691 	690 	2235
f 691 	2235 	2236
f 692 	691 	2236
f 692 	2236 	2237
f 2237 	2224 	692
f 679 	692 	2224
f 698 	2244 	2243
f 698 	2243 	699
f 697 	2245 	2244
f 697 	2244 	698
f 696 	2246 	2245
f 696 	2245 	697
f 2183 	2246 	696
f 2183 	696 	637
f 700 	2242 	2241
f 700 	2241 	701
f 2243 	2242 	700
f 2243 	700 	699
f 693 	81 	2238
f 694 	693 	2238
f 694 	2238 	2239
f 695 	694 	2239
f 695 	2239 	2240
f 695 	2240 	2235
f 77 	93 	2251
f 78 	2234 	2247
f 2248 	79 	2247
f 78 	2247 	79
f 2248 	2249 	79
f 80 	79 	2249
f 2250 	81 	2249
f 80 	2249 	81
f 2250 	2238 	81
f 82 	2257 	2267
f 21 	2251 	2254
f 85 	2253 	2252
f 86 	85 	2256
f 2252 	2256 	85
f 21 	2257 	82
f 21 	2254 	2257
f 2253 	21 	2254
f 2255 	87 	2256
f 86 	2256 	87
f 2258 	88 	2255
f 2258 	2254 	21
f 89 	2260 	2259
f 2260 	89 	2261
f 90 	2261 	89
f 91 	2262 	2261
f 91 	2261 	90
f 2262 	91 	2263
f 92 	2263 	91
f 92 	701 	2263
f 222 	223 	2269
f 2270 	2269 	97
f 99 	2271 	2270
f 2272 	2271 	99
f 2267 	2268 	102
f 102 	2268 	2272
f 20 	77 	21
f 2251 	21 	77
# 2328 faces

g group_0_14789940

usemtl color_14789940
s 0

f 3 	4 	49
f 3 	49 	6
f 14 	1 	12
f 14 	15 	1
f 15 	18 	1
f 26 	6 	49
f 10 	43 	9
f 1 	43 	12
f 170 	171 	36
f 28 	53 	31
f 172 	50 	36
f 10 	11 	43
f 11 	12 	43
f 32 	23 	47
f 47 	30 	32
f 7 	9 	44
f 9 	43 	44
f 47 	23 	48
f 25 	26 	48
f 26 	49 	48
f 7 	44 	5
f 49 	4 	44
f 28 	29 	53
f 50 	31 	53
f 30 	47 	29
f 23 	24 	48
f 25 	48 	24
f 5 	44 	4
f 29 	47 	53
f 69 	70 	873
f 70 	874 	873
f 70 	54 	874
f 67 	66 	1723
f 59 	936 	57
f 1716 	76 	62
f 334 	63 	72
f 110 	140 	107
f 133 	108 	105
f 106 	107 	140
f 2295 	1476 	1475
f 113 	140 	112
f 141 	113 	114
f 114 	115 	141
f 76 	966 	62
f 1629 	424 	128
f 128 	424 	127
f 123 	423 	122
f 110 	112 	140
f 105 	140 	133
f 141 	115 	134
f 139 	149 	137
f 105 	106 	140
f 137 	149 	136
f 141 	140 	113
f 142 	149 	139
f 134 	149 	141
f 175 	144 	145
f 145 	146 	175
f 146 	147 	175
f 135 	149 	134
f 135 	136 	149
f 142 	158 	149
f 155 	156 	150
f 156 	157 	150
f 157 	151 	150
f 152 	678 	151
f 142 	143 	158
f 143 	144 	158
f 159 	175 	148
f 147 	148 	175
f 34 	159 	160
f 160 	161 	34
f 150 	166 	155
f 165 	155 	166
f 167 	168 	166
f 168 	169 	166
f 18 	167 	166
f 18 	166 	1
f 169 	165 	166
f 161 	162 	34
f 50 	172 	173
f 173 	174 	50
f 172 	36 	171
f 174 	31 	50
f 132 	423 	131
f 158 	144 	175
f 162 	36 	34
f 170 	36 	163
f 34 	175 	159
f 162 	163 	36
f 132 	122 	423
f 678 	152 	489
f 120 	177 	399
f 322 	65 	64
f 64 	63 	320
f 1542 	1494 	340
f 1792 	190 	176
f 1729 	51 	195
f 197 	865 	180
f 72 	382 	334
f 126 	187 	810
f 64 	320 	322
f 323 	68 	65
f 185 	812 	196
f 398 	177 	179
f 72 	121 	382
f 204 	1176 	203
f 817 	198 	196
f 133 	806 	109
f 38 	39 	394
f 42 	33 	1035
f 37 	38 	392
f 1475 	164 	125
f 394 	39 	1033
f 39 	41 	1033
f 209 	1887 	339
f 331 	1889 	1891
f 777 	288 	289
f 777 	771 	288
f 296 	1177 	381
f 297 	428 	863
f 308 	307 	220
f 313 	393 	312
f 65 	322 	323
f 186 	1460 	164
f 326 	68 	323
f 326 	71 	68
f 328 	71 	326
f 328 	329 	74
f 74 	329 	75
f 328 	74 	71
f 334 	320 	63
f 1467 	182 	1468
f 1097 	2017 	295
f 124 	424 	123
f 341 	75 	329
f 341 	154 	75
f 208 	2289 	181
f 770 	178 	180
f 1483 	35 	56
f 289 	347 	777
f 812 	185 	811
f 811 	185 	126
f 207 	1129 	1133
f 219 	207 	1133
f 771 	291 	290
f 357 	785 	351
f 202 	995 	193
f 206 	870 	1129
f 783 	368 	366
f 783 	371 	368
f 188 	194 	872
f 370 	784 	372
f 206 	1129 	207
f 870 	206 	205
f 777 	347 	345
f 1141 	200 	298
f 371 	783 	370
f 786 	375 	373
f 374 	372 	784
f 375 	786 	376
f 776 	777 	356
f 369 	1543 	349
f 342 	219 	1137
f 317 	569 	316
f 367 	772 	366
f 187 	189 	809
f 198 	817 	869
f 198 	869 	205
f 1175 	1177 	296
f 382 	121 	400
f 1496 	382 	400
f 120 	400 	121
f 314 	568 	315
f 384 	154 	341
f 1985 	384 	385
f 50 	53 	1138
f 200 	1141 	1142
f 779 	150 	678
f 150 	151 	678
f 384 	1441 	1434
f 384 	1434 	385
f 19 	395 	391
f 16 	1029 	1032
f 19 	22 	395
f 393 	1196 	568
f 396 	395 	22
f 312 	393 	568
f 22 	37 	396
f 37 	392 	396
f 1046 	34 	36
f 38 	394 	392
f 1035 	33 	1037
f 399 	177 	398
f 400 	120 	399
f 486 	1439 	329
f 361 	769 	363
f 359 	768 	360
f 1448 	1438 	334
f 1448 	334 	382
f 320 	334 	1438
f 787 	785 	378
f 378 	377 	787
f 783 	366 	772
f 411 	412 	1975
f 1091 	410 	408
f 384 	341 	1441
f 153 	131 	489
f 1529 	412 	411
f 131 	423 	489
f 133 	140 	951
f 294 	292 	767
f 304 	782 	305
f 780 	304 	294
f 195 	415 	765
f 178 	770 	417
f 1498 	310 	789
f 417 	179 	178
f 417 	398 	179
f 423 	123 	424
f 398 	417 	1457
f 292 	765 	767
f 195 	765 	292
f 133 	951 	806
f 780 	782 	304
f 411 	1528 	1529
f 141 	149 	953
f 407 	1165 	1166
f 1166 	1167 	407
f 2020 	1172 	296
f 1178 	381 	1177
f 1095 	295 	1094
f 1093 	1094 	410
f 1536 	348 	349
f 1095 	1096 	295
f 1652 	420 	419
f 861 	420 	1652
f 420 	861 	421
f 428 	421 	862
f 318 	1650 	419
f 197 	864 	865
f 864 	197 	297
f 404 	1500 	406
f 329 	328 	486
f 353 	776 	355
f 483 	326 	482
f 166 	150 	779
f 483 	486 	328
f 1159 	1161 	485
f 1161 	1162 	485
f 483 	328 	326
f 1159 	485 	484
f 1439 	341 	329
f 1439 	1441 	341
f 1165 	407 	480
f 480 	485 	1162
f 323 	488 	482
f 390 	1444 	1445
f 1444 	390 	385
f 1445 	415 	390
f 1131 	1130 	48
f 352 	775 	354
f 479 	1367 	430
f 568 	314 	312
f 1238 	344 	343
f 1238 	1239 	344
f 1240 	389 	380
f 1588 	672 	214
f 568 	569 	315
f 359 	316 	569
f 768 	359 	569
f 569 	317 	315
f 153 	489 	152
f 769 	361 	768
f 364 	363 	769
f 670 	1585 	703
f 1997 	1149 	1151
f 1997 	1152 	1154
f 353 	354 	776
f 775 	776 	354
f 346 	356 	777
f 356 	355 	776
f 400 	1495 	1496
f 487 	320 	1438
f 488 	322 	487
f 322 	488 	323
f 487 	322 	320
f 482 	326 	323
f 415 	1446 	765
f 1182 	383 	1181
f 1194 	1196 	393
f 780 	294 	767
f 362 	768 	361
f 362 	360 	768
f 769 	365 	364
f 358 	785 	357
f 1456 	417 	770
f 352 	350 	775
f 365 	769 	772
f 365 	772 	367
f 786 	787 	376
f 773 	1450 	545
f 1452 	1453 	774
f 1366 	1245 	1246
f 345 	346 	777
f 47 	48 	1130
f 403 	1751 	402
f 1203 	1204 	776
f 48 	49 	1131
f 290 	288 	771
f 1190 	484 	778
f 1164 	1165 	480
f 781 	166 	779
f 2018 	1170 	2020
f 1175 	296 	1174
f 381 	1180 	383
f 1537 	782 	780
f 1187 	778 	771
f 788 	305 	782
f 44 	43 	1123
f 43 	1 	959
f 43 	959 	1123
f 1 	781 	959
f 1 	166 	781
f 1456 	1457 	417
f 1046 	36 	1136
f 768 	1213 	769
f 1458 	1495 	399
f 400 	399 	1495
f 411 	409 	1528
f 784 	370 	783
f 786 	373 	784
f 374 	784 	373
f 377 	376 	787
f 36 	50 	1136
f 1197 	568 	1196
f 1529 	1530 	412
f 182 	1467 	337
f 350 	351 	785
f 309 	789 	310
f 350 	785 	775
f 784 	1232 	786
f 1413 	111 	125
f 782 	1538 	788
f 358 	378 	785
f 789 	309 	788
f 1220 	1221 	785
f 775 	785 	1200
f 305 	788 	309
f 414 	406 	1525
f 672 	1587 	670
f 216 	210 	1541
f 805 	109 	806
f 805 	1502 	804
f 188 	872 	808
f 808 	189 	188
f 126 	810 	811
f 299 	1489 	213
f 189 	808 	809
f 187 	809 	810
f 817 	196 	812
f 569 	1209 	768
f 768 	1211 	1213
f 772 	1225 	783
f 769 	1215 	772
f 1237 	1224 	787
f 771 	777 	1183
f 1649 	318 	405
f 1188 	778 	1187
f 1188 	1189 	778
f 861 	862 	421
f 428 	862 	863
f 297 	863 	864
f 180 	865 	770
f 383 	1192 	393
f 1560 	864 	863
f 568 	1197 	1198
f 568 	1198 	569
f 1522 	1573 	306
f 1193 	393 	1192
f 1216 	772 	1215
f 783 	1228 	784
f 46 	1462 	1461
f 205 	869 	870
f 1039 	2289 	17
f 872 	194 	871
f 55 	57 	930
f 1041 	1040 	2286
f 59 	965 	936
f 193 	995 	871
f 194 	193 	871
f 809 	808 	1601
f 66 	67 	969
f 54 	55 	880
f 1602 	1540 	810
f 482 	873 	874
f 55 	930 	880
f 874 	54 	880
f 483 	874 	880
f 930 	57 	936
f 965 	59 	62
f 1403 	937 	938
f 1468 	182 	183
f 941 	940 	1515
f 952 	951 	140
f 141 	952 	140
f 934 	935 	949
f 948 	934 	949
f 935 	939 	949
f 939 	1253 	949
f 952 	141 	953
f 953 	1550 	952
f 944 	1519 	955
f 424 	416 	1501
f 1387 	1388 	954
f 955 	957 	1746
f 948 	947 	933
f 933 	934 	948
f 985 	953 	149
f 76 	118 	975
f 62 	966 	965
f 1233 	1234 	786
f 975 	966 	76
f 787 	1236 	1237
f 1234 	1235 	786
f 968 	73 	66
f 968 	66 	969
f 777 	776 	1204
f 1189 	1190 	778
f 775 	1200 	1201
f 1201 	1202 	775
f 69 	971 	67
f 971 	969 	67
f 971 	69 	873
f 1198 	1199 	569
f 1215 	769 	1214
f 769 	1213 	1214
f 784 	1231 	1232
f 786 	1232 	1233
f 968 	967 	73
f 785 	1223 	1220
f 1200 	785 	1221
f 776 	775 	1202
f 776 	1202 	1203
f 981 	975 	118
f 119 	981 	118
f 982 	119 	192
f 982 	192 	984
f 981 	119 	982
f 1075 	8 	40
f 1217 	1218 	772
f 1227 	783 	1226
f 982 	1446 	981
f 1225 	1226 	783
f 811 	810 	1540
f 817 	1558 	1559
f 1235 	1236 	787
f 787 	786 	1235
f 978 	977 	190
f 785 	787 	1223
f 158 	985 	149
f 202 	200 	1142
f 202 	1142 	995
f 158 	175 	1043
f 985 	158 	1043
f 176 	976 	986
f 176 	190 	977
f 977 	976 	176
f 190 	191 	978
f 191 	73 	967
f 1395 	964 	1396
f 988 	942 	1397
f 1239 	380 	344
f 758 	1404 	938
f 1069 	8 	1075
f 191 	967 	978
f 1316 	387 	386
f 199 	984 	192
f 1300 	300 	388
f 199 	1042 	984
f 1219 	303 	301
f 1826 	1827 	990
f 1827 	986 	990
f 995 	1637 	871
f 986 	976 	999
f 990 	986 	999
f 973 	972 	1963
f 199 	201 	1042
f 972 	1969 	1963
f 319 	321 	1212
f 2 	991 	1030
f 991 	1624 	1030
f 395 	1248 	391
f 1069 	17 	8
f 41 	42 	1034
f 42 	1035 	1034
f 1633 	1035 	1037
f 2282 	1038 	1036
f 1034 	1033 	41
f 1037 	1032 	1635
f 1635 	1633 	1037
f 1501 	1510 	424
f 1222 	321 	324
f 418 	1492 	1491
f 418 	340 	1492
f 340 	1481 	1492
f 336 	1481 	340
f 203 	1176 	1171
f 201 	203 	1171
f 201 	1171 	1042
f 938 	1405 	1403
f 175 	34 	1045
f 34 	1046 	1045
f 1043 	175 	1045
f 2287 	1044 	1087
f 2288 	1040 	1044
f 40 	1087 	1075
f 946 	1118 	945
f 2288 	2286 	1040
f 937 	1119 	946
f 946 	1120 	1118
f 1405 	938 	1404
f 306 	307 	1522
f 954 	1390 	1387
f 1750 	1057 	1058
f 1036 	1038 	1973
f 1396 	988 	1398
f 1750 	1059 	1057
f 1039 	17 	1069
f 1068 	1549 	1067
f 1549 	1070 	1067
f 1070 	1549 	1071
f 216 	1541 	1629
f 1079 	1080 	1078
f 1082 	1083 	1081
f 1078 	1081 	1083
f 1081 	1084 	1085
f 1081 	1085 	1082
f 1081 	1748 	1084
f 773 	1451 	1450
f 1078 	1083 	1079
f 1044 	1992 	1087
f 1086 	1084 	1748
f 954 	956 	1390
f 1720 	1062 	1060
f 1117 	1115 	945
f 1061 	1059 	1750
f 1117 	945 	1118
f 1573 	1572 	311
f 964 	1393 	956
f 988 	1397 	1398
f 1127 	950 	1116
f 702 	1580 	758
f 408 	1089 	1090
f 410 	1091 	1092
f 1092 	1093 	410
f 408 	1090 	1091
f 1586 	670 	1587
f 295 	410 	1094
f 1097 	295 	1096
f 215 	1629 	1593
f 2002 	2009 	1106
f 956 	1389 	1390
f 1395 	1393 	964
f 988 	1396 	964
f 1138 	1136 	50
f 1120 	946 	1119
f 678 	489 	1506
f 703 	1581 	702
f 702 	1582 	1580
f 1491 	1501 	416
f 950 	1124 	942
f 1397 	942 	1399
f 945 	1116 	950
f 1116 	945 	1115
f 1119 	937 	1121
f 1401 	1121 	937
f 1125 	942 	1124
f 950 	1126 	1124
f 49 	44 	1122
f 950 	1127 	1126
f 1122 	44 	1123
f 426 	109 	379
f 219 	1133 	1137
f 1134 	962 	1135
f 1673 	1135 	947
f 1544 	379 	109
f 1153 	342 	1137
f 1138 	1128 	1679
f 1138 	53 	1128
f 1128 	47 	1130
f 49 	1122 	1131
f 1128 	53 	47
f 1557 	812 	811
f 1558 	817 	812
f 2297 	1472 	1471
f 342 	1153 	343
f 1147 	1148 	1961
f 1997 	1151 	1152
f 961 	1132 	960
f 961 	1134 	1132
f 1134 	961 	962
f 1158 	2018 	1157
f 963 	1135 	962
f 480 	1162 	1163
f 963 	933 	947
f 1140 	298 	303
f 1163 	1164 	480
f 963 	947 	1135
f 1141 	298 	1140
f 408 	407 	1167
f 1167 	1089 	408
f 2018 	1158 	1168
f 484 	1190 	1191
f 1160 	484 	1169
f 1160 	1159 	484
f 1191 	1169 	484
f 1170 	2018 	1168
f 1195 	1176 	204
f 1173 	2020 	1170
f 1178 	1179 	381
f 1179 	1180 	381
f 1192 	383 	1182
f 1194 	393 	1193
f 1181 	383 	1180
f 771 	1183 	1184
f 1184 	1185 	771
f 777 	1186 	1183
f 771 	1185 	1187
f 204 	319 	1195
f 319 	1212 	1195
f 1207 	569 	1199
f 1205 	777 	1204
f 1186 	777 	1206
f 1205 	1206 	777
f 870 	1609 	1129
f 1207 	1208 	569
f 1153 	1137 	1620
f 1208 	1209 	569
f 1211 	768 	1210
f 1210 	768 	1209
f 1217 	772 	1216
f 1225 	772 	1218
f 1231 	784 	1230
f 1212 	321 	1222
f 783 	1227 	1228
f 1230 	784 	1228
f 1223 	787 	1224
f 1238 	343 	1153
f 380 	1239 	1240
f 1140 	303 	1219
f 300 	1300 	1241
f 1241 	301 	300
f 1241 	1219 	301
f 1138 	1679 	1687
f 979 	1646 	1968
f 1138 	1687 	1136
f 401 	1757 	1760
f 489 	423 	1507
f 1510 	423 	424
f 311 	306 	1573
f 429 	1303 	436
f 1366 	431 	430
f 1623 	1030 	1624
f 311 	1572 	403
f 1572 	1751 	403
f 1033 	1034 	1250
f 1034 	1035 	1632
f 1035 	1633 	1632
f 1030 	1623 	1029
f 1222 	324 	1229
f 324 	391 	1229
f 1248 	1229 	391
f 1249 	396 	392
f 395 	1251 	1248
f 396 	1251 	395
f 396 	1249 	1251
f 1980 	1044 	1040
f 1044 	1980 	1992
f 1032 	1627 	1635
f 1032 	1029 	1627
f 1489 	1486 	213
f 2292 	1474 	1473
f 943 	944 	1258
f 1589 	1587 	672
f 1593 	1591 	214
f 215 	1593 	214
f 1733 	1258 	944
f 215 	216 	1629
f 955 	1733 	944
f 1600 	960 	1252
f 960 	1132 	1252
f 947 	1675 	1673
f 773 	774 	1453
f 1123 	959 	1674
f 939 	1254 	1253
f 940 	941 	1255
f 1255 	1254 	940
f 549 	546 	1432
f 1676 	948 	949
f 939 	940 	1254
f 1256 	1255 	941
f 943 	1256 	941
f 943 	1258 	1256
f 1062 	1720 	1063
f 430 	1367 	1366
f 1077 	1534 	1076
f 1297 	1315 	1080
f 1088 	1086 	1748
f 1301 	429 	389
f 1298 	1599 	1299
f 1299 	1599 	1600
f 1600 	1252 	1299
f 1301 	389 	1240
f 477 	436 	1319
f 1058 	1749 	1750
f 1319 	1351 	477
f 1301 	1303 	429
f 1076 	1534 	1285
f 436 	1303 	1319
f 1285 	1535 	1286
f 1286 	1535 	1288
f 45 	46 	1461
f 1311 	1312 	1310
f 1313 	1311 	1310
f 979 	1968 	980
f 1310 	1314 	1313
f 1295 	1296 	1315
f 1310 	1315 	1314
f 1296 	1314 	1315
f 1315 	1297 	1295
f 1078 	1080 	1315
f 478 	477 	1351
f 1073 	1072 	1533
f 1533 	1074 	1073
f 1317 	387 	1316
f 1317 	388 	387
f 1317 	1300 	388
f 1764 	970 	766
f 1327 	1625 	1328
f 1626 	1329 	1328
f 1329 	1626 	1331
f 1308 	1309 	1337
f 1336 	1337 	1309
f 1337 	1310 	1312
f 1337 	1312 	1308
f 1704 	763 	427
f 1301 	766 	1303
f 1338 	1339 	1340
f 1764 	766 	1763
f 1341 	1342 	1339
f 1339 	1342 	1340
f 1343 	1976 	1338
f 1345 	1341 	1344
f 1339 	1344 	1341
f 1344 	1346 	1345
f 1334 	1335 	1347
f 1335 	1346 	1347
f 1344 	1347 	1346
f 1347 	1336 	1334
f 1347 	1337 	1336
f 478 	1351 	1352
f 508 	478 	1352
f 1383 	1429 	541
f 541 	508 	1383
f 1315 	1755 	1078
f 1678 	1354 	1677
f 1678 	1356 	1354
f 1332 	1677 	1333
f 1355 	1333 	1677
f 1356 	1678 	1357
f 1359 	1358 	1728
f 1350 	1976 	1343
f 1300 	1317 	972
f 1435 	1364 	1365
f 431 	1366 	1360
f 1360 	386 	431
f 1316 	386 	1360
f 1728 	1368 	1369
f 1728 	1369 	1359
f 1646 	979 	1246
f 1352 	1383 	508
f 980 	1969 	972
f 1242 	1967 	1243
f 956 	1393 	1392
f 1584 	703 	1585
f 672 	1588 	1589
f 1355 	1677 	1354
f 546 	1247 	1431
f 1432 	546 	1431
f 1368 	1728 	1370
f 1381 	1854 	1362
f 1435 	479 	490
f 1374 	1603 	1386
f 541 	1429 	1247
f 774 	1454 	1452
f 774 	954 	1455
f 1388 	1455 	954
f 1392 	1391 	956
f 1389 	956 	1391
f 184 	111 	1407
f 942 	1125 	1400
f 1400 	1399 	942
f 937 	1402 	1401
f 1403 	1402 	937
f 1381 	1379 	1854
f 1407 	111 	1413
f 1413 	125 	1418
f 125 	164 	1418
f 1727 	1375 	1372
f 1376 	1727 	1377
f 1761 	1421 	1419
f 1378 	1759 	1408
f 1420 	1408 	1759
f 1759 	1378 	1377
f 1421 	1761 	1422
f 183 	184 	1423
f 184 	1407 	1423
f 1428 	1427 	1765
f 1719 	1423 	1407
f 1765 	1430 	1428
f 1249 	392 	1304
f 392 	394 	1304
f 394 	1033 	1306
f 1306 	1304 	394
f 1429 	1431 	1247
f 1033 	1250 	1306
f 1632 	1250 	1034
f 880 	486 	483
f 1433 	490 	549
f 486 	880 	930
f 930 	936 	1439
f 1441 	1439 	936
f 549 	1432 	1433
f 868 	1769 	1658
f 1433 	1435 	490
f 758 	1436 	1406
f 1406 	1404 	758
f 1436 	758 	1437
f 1580 	1437 	758
f 1367 	479 	1435
f 1584 	1583 	703
f 971 	488 	487
f 1360 	979 	1316
f 1588 	214 	1590
f 483 	482 	874
f 486 	930 	1439
f 974 	1351 	1319
f 1440 	1442 	545
f 531 	545 	1545
f 1442 	1545 	545
f 1242 	1352 	1351
f 545 	1443 	1440
f 1242 	1243 	1352
f 1243 	1244 	1383
f 1414 	1411 	1829
f 1383 	1352 	1243
f 1829 	1415 	1414
f 1444 	385 	1434
f 1361 	1362 	1854
f 1429 	1318 	1431
f 969 	1438 	968
f 1353 	1433 	1432
f 1367 	1435 	1365
f 1427 	1425 	1765
f 1433 	1364 	1435
f 969 	487 	1438
f 1245 	1366 	1367
f 1411 	1409 	1829
f 1316 	980 	1317
f 969 	971 	487
f 488 	971 	873
f 873 	482 	488
f 1441 	936 	965
f 1434 	1441 	965
f 1429 	1383 	1244
f 965 	966 	1434
f 1318 	1429 	1244
f 966 	975 	1444
f 1431 	1318 	1320
f 1434 	966 	1444
f 1444 	975 	1445
f 975 	981 	1445
f 1431 	1320 	1432
f 981 	1446 	1445
f 1432 	1320 	1353
f 1068 	1548 	1549
f 1433 	1353 	1364
f 1365 	1245 	1367
f 1446 	415 	1445
f 1446 	1447 	765
f 1447 	767 	765
f 1447 	1497 	767
f 780 	767 	1497
f 1497 	1537 	780
f 382 	1496 	1448
f 968 	1438 	1448
f 1449 	2011 	1394
f 967 	1448 	1496
f 967 	968 	1448
f 1443 	545 	1450
f 773 	1453 	1451
f 1291 	1289 	1610
f 1598 	1291 	1610
f 1599 	1298 	1598
f 1291 	1598 	1298
f 1423 	1468 	183
f 1289 	1459 	1661
f 164 	1460 	1418
f 186 	1470 	1460
f 186 	330 	1470
f 1243 	1967 	1634
f 1353 	1320 	1648
f 416 	418 	1491
f 866 	1964 	1897
f 1897 	867 	866
f 1769 	868 	1768
f 1503 	1502 	805
f 805 	806 	1503
f 980 	1968 	1969
f 774 	1455 	1454
f 330 	332 	1477
f 330 	1477 	1470
f 1466 	1465 	2275
f 1473 	1474 	111
f 1482 	336 	337
f 2274 	1465 	1464
f 1476 	27 	1480
f 35 	1480 	27
f 332 	338 	1479
f 332 	1479 	1477
f 302 	1547 	299
f 1480 	35 	1483
f 1723 	1482 	1467
f 1481 	336 	1482
f 337 	1467 	1482
f 397 	1484 	338
f 1484 	1479 	338
f 1485 	1484 	397
f 397 	804 	1485
f 56 	1493 	1483
f 56 	348 	1493
f 804 	1502 	1485
f 1487 	1494 	117
f 117 	2298 	1487
f 2298 	1488 	1487
f 1712 	1407 	1413
f 1551 	302 	422
f 1713 	1413 	1418
f 1490 	45 	1461
f 1493 	348 	1536
f 1490 	1523 	308
f 308 	45 	1490
f 423 	1510 	1507
f 398 	1457 	1458
f 399 	398 	1458
f 1039 	1069 	2022
f 1542 	116 	1494
f 116 	117 	1494
f 977 	1495 	1458
f 999 	1457 	1456
f 999 	976 	1457
f 1458 	1457 	976
f 976 	977 	1458
f 1543 	1536 	349
f 1495 	977 	978
f 978 	1496 	1495
f 978 	967 	1496
f 807 	859 	1823
f 982 	1447 	1446
f 984 	1447 	982
f 984 	1497 	1447
f 984 	1042 	1497
f 1293 	1521 	1294
f 422 	425 	1553
f 1042 	1537 	1497
f 782 	1537 	1538
f 869 	817 	1559
f 1964 	866 	973
f 870 	1567 	1609
f 1780 	1781 	974
f 1498 	404 	310
f 404 	1498 	1500
f 1780 	974 	970
f 1560 	1561 	864
f 1531 	413 	1530
f 413 	412 	1530
f 1243 	1634 	1244
f 405 	413 	1531
f 1602 	810 	809
f 1720 	1546 	1063
f 1558 	812 	1557
f 951 	1512 	1504
f 806 	951 	1504
f 1504 	1503 	806
f 1515 	1514 	1505
f 995 	1636 	1637
f 1749 	1058 	1056
f 1509 	1511 	935
f 489 	1507 	1506
f 951 	952 	1512
f 952 	1550 	1512
f 1292 	1290 	1518
f 1321 	1527 	1323
f 811 	1540 	1557
f 935 	1514 	939
f 1055 	1088 	1748
f 1514 	940 	939
f 940 	1514 	1515
f 1611 	1129 	1609
f 941 	1515 	1516
f 1516 	943 	941
f 1516 	1517 	943
f 1517 	944 	943
f 1546 	1548 	1065
f 934 	933 	1508
f 1533 	1072 	1071
f 1511 	1505 	1514
f 1535 	1285 	1534
f 1288 	1535 	1287
f 1516 	1689 	1517
f 1517 	1519 	944
f 1287 	1518 	1290
f 1521 	1293 	1518
f 859 	860 	1825
f 1519 	1691 	1520
f 860 	1830 	1825
f 955 	1519 	1520
f 1292 	1518 	1293
f 1305 	1294 	1521
f 1524 	1307 	1521
f 1305 	1521 	1307
f 1514 	935 	1511
f 1527 	1321 	1524
f 406 	1500 	1525
f 1524 	1322 	1307
f 414 	1525 	1532
f 1324 	1625 	1326
f 1532 	409 	414
f 957 	955 	1520
f 957 	1520 	1526
f 934 	1509 	935
f 1519 	1517 	1690
f 1690 	1691 	1519
f 1322 	1524 	1321
f 1325 	1527 	1324
f 1625 	1324 	1527
f 1325 	1323 	1527
f 1626 	1328 	1625
f 1530 	1643 	1531
f 1219 	867 	1140
f 1649 	405 	1531
f 1141 	1658 	1142
f 1360 	1366 	1246
f 1360 	1246 	979
f 409 	1532 	1528
f 980 	1316 	979
f 1317 	980 	972
f 1074 	1533 	1534
f 970 	1303 	766
f 1319 	1303 	970
f 789 	788 	1539
f 974 	1319 	970
f 1351 	974 	1242
f 1555 	1556 	1500
f 763 	1240 	1239
f 1562 	770 	865
f 1240 	763 	764
f 764 	766 	1301
f 1562 	1456 	770
f 1301 	1240 	764
f 1530 	1640 	1643
f 1640 	1530 	1529
f 1567 	870 	869
f 1611 	1619 	1133
f 1133 	1129 	1611
f 1153 	1620 	1621
f 1153 	1621 	1238
f 1171 	1538 	1537
f 788 	1538 	1539
f 307 	1523 	1522
f 307 	308 	1523
f 1740 	1739 	1485
f 1502 	1740 	1485
f 369 	379 	1544
f 1543 	369 	1544
f 1507 	1826 	1506
f 210 	116 	1542
f 210 	1542 	1541
f 781 	779 	1612
f 1613 	779 	678
f 133 	109 	426
f 531 	133 	426
f 1613 	1612 	779
f 678 	1506 	1613
f 531 	1545 	108
f 531 	108 	133
f 1544 	804 	1543
f 1718 	1468 	1423
f 805 	1544 	109
f 1460 	1470 	1715
f 1518 	1287 	1535
f 807 	1823 	1571
f 1534 	1077 	1074
f 1825 	1823 	859
f 1491 	1792 	1501
f 1721 	1492 	1481
f 1064 	1063 	1546
f 1064 	1546 	1065
f 1468 	1717 	1467
f 1068 	1066 	1548
f 1533 	1071 	1549
f 1718 	1717 	1468
f 1720 	1060 	1061
f 1413 	1713 	1712
f 1418 	1460 	1714
f 1713 	1418 	1714
f 1128 	1130 	1680
f 1066 	1065 	1548
f 1489 	299 	1547
f 1551 	422 	1553
f 1046 	1136 	1686
f 56 	1489 	1547
f 302 	1551 	1547
f 1552 	1550 	953
f 985 	1552 	953
f 985 	1655 	1552
f 1042 	1171 	1537
f 1538 	1171 	1176
f 1539 	1538 	1176
f 1756 	1081 	1078
f 1539 	1195 	1554
f 789 	1539 	1554
f 1229 	1574 	1556
f 1420 	1759 	1419
f 789 	1554 	1498
f 1618 	999 	1456
f 1563 	958 	1526
f 957 	1526 	958
f 1498 	1554 	1555
f 1472 	1473 	184
f 1473 	111 	184
f 1562 	1618 	1456
f 963 	962 	1577
f 481 	1565 	425
f 933 	1513 	1508
f 934 	1508 	1509
f 1500 	1498 	1555
f 1574 	1532 	1525
f 1565 	1553 	425
f 481 	1571 	1565
f 481 	807 	1571
f 958 	1563 	1139
f 1564 	1139 	1563
f 1705 	1569 	1566
f 1564 	1566 	1143
f 863 	1568 	1560
f 1561 	1562 	865
f 1561 	865 	864
f 869 	1559 	1567
f 1474 	125 	111
f 1476 	164 	1475
f 330 	1480 	1483
f 1575 	961 	960
f 962 	961 	1576
f 1576 	1577 	962
f 1513 	933 	963
f 1471 	182 	1488
f 1520 	1691 	1692
f 1526 	1520 	1692
f 1574 	1525 	1556
f 1692 	1696 	1526
f 1525 	1500 	1556
f 1706 	1569 	1705
f 1493 	1536 	338
f 338 	332 	1493
f 1543 	397 	1536
f 960 	1600 	1657
f 397 	338 	1536
f 1575 	960 	1657
f 1544 	805 	804
f 1576 	961 	1575
f 397 	1543 	804
f 1574 	1642 	1532
f 1513 	963 	1577
f 183 	1471 	1472
f 1639 	1529 	1528
f 1757 	401 	402
f 1640 	1529 	1639
f 1474 	1475 	125
f 1476 	186 	164
f 1480 	186 	1476
f 186 	1480 	330
f 1483 	1493 	332
f 1483 	332 	330
f 1582 	702 	1581
f 1581 	703 	1583
f 670 	1586 	1585
f 1627 	1568 	1570
f 1564 	1143 	1139
f 1590 	214 	1591
f 1146 	1143 	1566
f 1592 	1593 	1594
f 1593 	1595 	1594
f 1566 	1569 	1146
f 1597 	1302 	1569
f 1597 	1374 	1302
f 1569 	1302 	1146
f 1503 	1800 	1502
f 1740 	1502 	1800
f 1569 	1706 	1597
f 1706 	1708 	1597
f 808 	1631 	1601
f 1602 	809 	1601
f 1131 	1122 	1670
f 1683 	1131 	1670
f 1374 	1597 	1603
f 1606 	1394 	1386
f 808 	872 	1631
f 1610 	1730 	1598
f 1046 	1686 	1665
f 1289 	1661 	1610
f 985 	1043 	1655
f 1664 	1043 	1045
f 1133 	1619 	1137
f 1652 	1578 	1579
f 1617 	1609 	1614
f 1570 	1568 	862
f 866 	867 	1219
f 1241 	866 	1219
f 1394 	1606 	1615
f 1618 	1562 	1616
f 1621 	427 	1238
f 1539 	1176 	1195
f 427 	763 	1239
f 1195 	1212 	1554
f 1212 	1555 	1554
f 1238 	427 	1239
f 1212 	1222 	1555
f 1222 	1556 	1555
f 1616 	991 	989
f 989 	990 	1618
f 990 	999 	1618
f 1616 	989 	1618
f 1561 	1624 	1616
f 1616 	1562 	1561
f 1624 	1561 	1560
f 1619 	1620 	1137
f 1556 	1222 	1229
f 1568 	1627 	1623
f 1623 	1560 	1568
f 1623 	1624 	1560
f 1029 	1623 	1627
f 991 	1616 	1624
f 2296 	1463 	2297
f 1327 	1326 	1625
f 1593 	1629 	1595
f 1592 	1628 	1593
f 124 	127 	424
f 128 	1596 	1629
f 1596 	1595 	1629
f 1629 	1541 	416
f 1541 	418 	416
f 1629 	416 	424
f 1541 	1542 	418
f 1630 	1631 	872
f 1542 	340 	418
f 1574 	1229 	1248
f 1630 	872 	871
f 1487 	336 	1494
f 1248 	1251 	1642
f 336 	340 	1494
f 1574 	1248 	1642
f 1628 	1591 	1593
f 336 	1487 	337
f 1487 	1488 	337
f 182 	1471 	183
f 337 	1488 	182
f 1472 	184 	183
f 1635 	1627 	1570
f 1578 	1632 	1633
f 1579 	1578 	1633
f 1633 	1635 	1579
f 1636 	995 	1142
f 871 	1637 	1630
f 1251 	1639 	1642
f 1639 	1528 	1642
f 1642 	1528 	1532
f 1620 	1619 	1699
f 1639 	1249 	1640
f 1694 	1601 	1631
f 1635 	1570 	1579
f 1811 	1812 	1634
f 1812 	1813 	1634
f 1251 	1249 	1639
f 1640 	1304 	1643
f 1815 	1816 	1638
f 1638 	1816 	1641
f 1817 	1801 	1641
f 1802 	1648 	1641
f 1644 	1531 	1643
f 1693 	1699 	1619
f 1620 	1699 	1700
f 1647 	1632 	1578
f 1703 	1621 	1700
f 1703 	427 	1621
f 1620 	1700 	1621
f 1640 	1249 	1304
f 1643 	1304 	1306
f 1644 	1643 	1306
f 1250 	1644 	1306
f 1647 	1644 	1250
f 1250 	1632 	1647
f 1649 	1650 	318
f 1647 	1650 	1649
f 1652 	419 	1650
f 1531 	1644 	1649
f 1647 	1649 	1644
f 1559 	1558 	1607
f 1578 	1650 	1647
f 1608 	1614 	1567
f 1614 	1609 	1567
f 1798 	1646 	1645
f 1617 	1693 	1611
f 1798 	1799 	1646
f 1611 	1693 	1619
f 1617 	1611 	1609
f 1653 	1662 	1499
f 1799 	1787 	1646
f 1737 	1730 	1610
f 1778 	1779 	1651
f 1300 	972 	973
f 1603 	1597 	1708
f 1241 	1300 	973
f 973 	866 	1241
f 1606 	1711 	1724
f 1724 	1615 	1606
f 868 	1140 	867
f 868 	1141 	1140
f 1709 	1710 	1599
f 1710 	1600 	1599
f 1600 	1710 	1657
f 1656 	1364 	1654
f 1775 	1776 	1656
f 1043 	1664 	1655
f 868 	1658 	1141
f 1730 	1709 	1598
f 1636 	1142 	1658
f 1707 	1636 	1658
f 1802 	1641 	1801
f 1734 	1637 	1636
f 1734 	1701 	1637
f 1648 	1802 	1803
f 1630 	1637 	1701
f 1656 	1774 	1775
f 1630 	1701 	1698
f 1662 	1653 	1732
f 1631 	1630 	1698
f 1331 	1626 	1330
f 1045 	1046 	1665
f 1695 	1622 	1602
f 1557 	1604 	1605
f 1045 	1665 	1664
f 1736 	1737 	1661
f 1601 	1694 	1695
f 1661 	1660 	1736
f 1602 	1601 	1695
f 1610 	1661 	1737
f 1602 	1622 	1540
f 1604 	1540 	1622
f 1540 	1604 	1557
f 1558 	1557 	1605
f 1605 	1607 	1558
f 1608 	1559 	1607
f 1567 	1559 	1608
f 959 	781 	1663
f 1663 	1674 	959
f 781 	1612 	1663
f 1709 	1599 	1598
f 1731 	1732 	1653
f 1653 	1615 	1731
f 1675 	948 	1676
f 1671 	1670 	1122
f 1122 	1123 	1671
f 1677 	1330 	1626
f 1123 	1674 	1671
f 947 	948 	1675
f 1136 	1687 	1686
f 1677 	1332 	1330
f 1660 	1735 	1736
f 1728 	1358 	1678
f 1735 	1660 	1659
f 1370 	1729 	1371
f 1673 	1675 	1990
f 1515 	1505 	1688
f 1688 	1516 	1515
f 1689 	1516 	1688
f 1517 	1689 	1690
f 1373 	1729 	1372
f 1134 	1672 	1685
f 1679 	38 	1687
f 1375 	1727 	1376
f 1679 	1128 	1680
f 1130 	1683 	1680
f 1130 	1131 	1683
f 1622 	2014 	1604
f 1605 	1604 	2009
f 949 	1253 	1676
f 955 	1746 	1733
f 1694 	1631 	1698
f 1563 	1526 	1696
f 1578 	1652 	1650
f 1570 	861 	1579
f 1652 	1579 	861
f 862 	1568 	863
f 202 	1508 	1513
f 861 	1570 	862
f 1665 	19 	1664
f 1697 	1564 	1563
f 2002 	2003 	1607
f 1607 	2003 	1608
f 1691 	1690 	185
f 1768 	868 	867
f 194 	1511 	1509
f 1763 	766 	764
f 1696 	1692 	198
f 1959 	1961 	1693
f 1509 	1508 	193
f 1509 	193 	194
f 194 	188 	1511
f 189 	1505 	188
f 1511 	188 	1505
f 1688 	1505 	189
f 189 	187 	1688
f 126 	1689 	187
f 1463 	2296 	1462
f 1688 	187 	1689
f 1690 	1689 	126
f 126 	185 	1690
f 1691 	185 	196
f 196 	1692 	1691
f 196 	198 	1692
f 1696 	198 	205
f 1636 	1707 	1734
f 39 	1679 	1680
f 1697 	206 	1702
f 1696 	1697 	1563
f 1697 	1702 	1564
f 37 	1687 	38
f 1702 	1566 	1564
f 1703 	1704 	427
f 1702 	1705 	1566
f 39 	38 	1679
f 1772 	1774 	1654
f 1479 	1725 	1477
f 1485 	1739 	1484
f 1501 	1788 	1510
f 1492 	1783 	1491
f 1492 	1721 	1783
f 205 	206 	1697
f 1696 	205 	1697
f 207 	219 	1705
f 1706 	342 	1708
f 219 	1706 	1705
f 1708 	343 	1711
f 1634 	1810 	1811
f 1817 	1641 	1816
f 2291 	1464 	1465
f 1407 	1712 	1719
f 1460 	1715 	1714
f 1712 	1713 	55
f 1967 	1809 	1810
f 1423 	1719 	1718
f 1646 	1787 	1784
f 1470 	1716 	1715
f 1477 	1716 	1470
f 1772 	1654 	1771
f 1656 	1654 	1774
f 1719 	70 	1718
f 1719 	1712 	54
f 1796 	1797 	1645
f 1467 	1717 	1723
f 1348 	1976 	1350
f 1716 	1477 	1725
f 1718 	69 	1717
f 983 	1979 	987
f 1717 	69 	67
f 70 	69 	1718
f 1719 	54 	70
f 1767 	1766 	919
f 1712 	55 	54
f 922 	401 	1760
f 1713 	57 	55
f 1714 	57 	1713
f 1715 	59 	1714
f 1748 	1749 	1054
f 62 	59 	1715
f 59 	57 	1714
f 1715 	1716 	62
f 1711 	1603 	1708
f 1339 	1338 	1976
f 1711 	1606 	1603
f 1725 	76 	1716
f 1874 	1310 	1337
f 1479 	1726 	1725
f 303 	1576 	1575
f 1484 	1726 	1479
f 298 	1577 	1576
f 1739 	1726 	1484
f 300 	301 	1657
f 300 	1657 	1710
f 1575 	1657 	301
f 301 	303 	1575
f 298 	1576 	303
f 1577 	298 	200
f 1513 	1577 	200
f 200 	202 	1513
f 202 	193 	1508
f 206 	207 	1702
f 1705 	1702 	207
f 1681 	1298 	1299
f 219 	342 	1706
f 1357 	1678 	1358
f 342 	343 	1708
f 1415 	1829 	1831
f 1831 	1416 	1415
f 343 	344 	1711
f 1370 	1728 	1729
f 344 	380 	1724
f 1724 	1711 	344
f 1373 	1371 	1729
f 1727 	1372 	1729
f 1394 	2010 	1386
f 1759 	1377 	1727
f 1761 	1419 	1759
f 1615 	1724 	1731
f 389 	1732 	1731
f 1972 	1347 	1344
f 64 	1518 	1535
f 1754 	1315 	1310
f 1721 	1481 	1722
f 1481 	1482 	1722
f 1482 	1723 	1722
f 1732 	429 	1738
f 1722 	1723 	66
f 1662 	1732 	1738
f 66 	73 	1722
f 1717 	67 	1723
f 1725 	118 	76
f 73 	191 	1721
f 1721 	1722 	73
f 1730 	387 	1709
f 1614 	2006 	1617
f 1659 	1741 	1735
f 1726 	118 	1725
f 1693 	1961 	1699
f 118 	1726 	119
f 1739 	119 	1726
f 1739 	1740 	192
f 1739 	192 	119
f 763 	1704 	1742
f 1742 	1763 	764
f 763 	1742 	764
f 1491 	1783 	1792
f 75 	1626 	1625
f 1081 	1756 	1748
f 1054 	1055 	1748
f 1056 	1054 	1749
f 1720 	1061 	1750
f 1132 	1134 	1685
f 1134 	1135 	1672
f 1672 	1135 	1673
f 1746 	1993 	1733
f 958 	1752 	957
f 179 	1546 	1720
f 1767 	919 	922
f 1746 	957 	1752
f 1758 	1753 	1139
f 1139 	1753 	958
f 1752 	958 	1753
f 1087 	1991 	1075
f 1253 	1254 	1984
f 1751 	1572 	214
f 860 	882 	1830
f 1512 	1550 	1894
f 1754 	1755 	1315
f 1078 	1755 	1756
f 1087 	1992 	1991
f 1143 	1758 	1139
f 1143 	1146 	1818
f 1748 	197 	1749
f 919 	1766 	983
f 1979 	983 	1766
f 1535 	63 	64
f 402 	1751 	1757
f 1143 	1818 	1758
f 1751 	672 	1757
f 1252 	1682 	1299
f 1252 	1132 	1684
f 1684 	1682 	1252
f 1684 	1132 	1685
f 1299 	1682 	1681
f 1707 	1658 	1769
f 1761 	1762 	1424
f 1761 	1424 	1422
f 217 	1993 	1746
f 1762 	1425 	1426
f 217 	1746 	1752
f 1762 	1426 	1424
f 1430 	1828 	1412
f 1379 	1380 	1854
f 1853 	1854 	1380
f 1380 	1382 	1853
f 1991 	2079 	1075
f 1975 	1976 	1349
f 970 	1764 	1780
f 1552 	1655 	1896
f 1762 	1765 	1425
f 1897 	1768 	867
f 1430 	1765 	1828
f 1770 	1654 	1773
f 1770 	1771 	1654
f 1648 	1773 	1654
f 1776 	1777 	1656
f 1651 	1656 	1777
f 1777 	1778 	1651
f 1779 	1806 	1651
f 1246 	1245 	1645
f 922 	1760 	1767
f 1686 	22 	1665
f 22 	1686 	37
f 1978 	1041 	987
f 1663 	16 	1674
f 1978 	987 	1979
f 1069 	1075 	2079
f 68 	1524 	1521
f 1764 	381 	383
f 1969 	1968 	1789
f 1789 	1790 	1969
f 1788 	176 	986
f 1791 	1793 	1969
f 1790 	1791 	1969
f 176 	1788 	1792
f 1792 	1783 	190
f 190 	1783 	191
f 1795 	291 	1963
f 1783 	1721 	191
f 1798 	1645 	1797
f 1503 	1807 	1800
f 1814 	1815 	1638
f 1638 	1634 	1813
f 1740 	1800 	199
f 1648 	1803 	1804
f 1504 	1807 	1503
f 1773 	1648 	1805
f 1804 	1805 	1648
f 1806 	1796 	1645
f 1645 	1651 	1806
f 1740 	199 	192
f 1809 	1967 	1808
f 1781 	2021 	1967
f 1814 	1638 	1813
f 1512 	1892 	1504
f 1818 	325 	1758
f 1819 	1818 	1146
f 1302 	1819 	1146
f 1374 	1820 	1302
f 1820 	1819 	1302
f 1459 	1289 	1994
f 1781 	1242 	974
f 1244 	1638 	1318
f 1504 	1892 	1807
f 309 	1828 	1765
f 882 	1031 	1866
f 882 	1866 	1830
f 1501 	1792 	1788
f 1417 	1845 	1385
f 1788 	986 	1827
f 1510 	1788 	1827
f 1507 	1827 	1826
f 1507 	1510 	1827
f 407 	1734 	1707
f 1410 	1828 	1409
f 1829 	1409 	1828
f 1410 	1412 	1828
f 1664 	19 	1899
f 1687 	37 	1686
f 1417 	1416 	1845
f 1831 	1845 	1416
f 1384 	1385 	1845
f 1845 	1853 	1384
f 1382 	1384 	1853
f 1363 	1361 	1975
f 1975 	1349 	1363
f 1674 	16 	13
f 1573 	1522 	216
f 1522 	1523 	210
f 1762 	305 	1765
f 1959 	1693 	1617
f 216 	1522 	210
f 1997 	1700 	1699
f 1289 	1291 	1995
f 1289 	1995 	1994
f 1831 	1829 	404
f 1854 	1975 	1361
f 1703 	2018 	1704
f 1853 	409 	1854
f 1604 	2014 	2009
f 414 	409 	1853
f 1845 	414 	1853
f 1855 	1856 	1898
f 1036 	1970 	1031
f 1036 	1973 	1970
f 1548 	120 	1549
f 120 	121 	1549
f 1866 	1031 	1970
f 1871 	1874 	1337
f 1874 	1754 	1310
f 1871 	1337 	1347
f 428 	1756 	1755
f 1879 	1856 	129
f 1881 	478 	1885
f 1962 	1884 	208
f 546 	1743 	1247
f 546 	1744 	1743
f 1888 	541 	1890
f 1744 	546 	549
f 1745 	549 	490
f 479 	1735 	1741
f 1800 	1807 	201
f 1744 	549 	1745
f 1807 	203 	201
f 201 	199 	1800
f 490 	1741 	1745
f 1736 	430 	431
f 386 	1737 	431
f 1807 	1892 	203
f 1737 	1736 	431
f 1742 	296 	1763
f 1892 	1512 	1894
f 386 	1730 	1737
f 386 	387 	1730
f 2 	1893 	991
f 387 	388 	1709
f 989 	1893 	1826
f 1826 	990 	989
f 1780 	1764 	383
f 1893 	1506 	1826
f 1893 	989 	991
f 1710 	1709 	388
f 388 	300 	1710
f 380 	1731 	1724
f 380 	389 	1731
f 1732 	389 	429
f 1738 	429 	436
f 1735 	479 	430
f 2002 	1607 	1605
f 430 	1736 	1735
f 436 	477 	1747
f 1881 	1747 	477
f 1655 	1664 	1899
f 1738 	436 	1747
f 204 	203 	1892
f 477 	478 	1881
f 478 	508 	1885
f 1888 	1885 	508
f 1552 	1895 	1550
f 1888 	508 	541
f 1890 	541 	1247
f 1743 	1890 	1247
f 1892 	1894 	204
f 479 	1741 	490
f 1550 	1895 	1894
f 1603 	1606 	1386
f 1615 	1449 	1394
f 1895 	319 	1894
f 1655 	1899 	1896
f 1653 	1449 	1615
f 1552 	1896 	1895
f 321 	319 	1895
f 1855 	1659 	1824
f 1824 	1659 	1660
f 1660 	1661 	1459
f 1894 	319 	204
f 1459 	1824 	1660
f 1449 	1653 	1499
f 1662 	1955 	1499
f 1898 	1659 	1855
f 1896 	324 	321
f 1613 	1506 	1893
f 2 	1613 	1893
f 1895 	1896 	321
f 1674 	13 	1671
f 1663 	1612 	1930
f 2 	1930 	1612
f 1612 	1613 	2
f 1900 	1856 	1879
f 1898 	1856 	1900
f 1899 	324 	1896
f 1318 	1641 	1320
f 1665 	22 	19
f 1901 	1738 	1747
f 1641 	1648 	1320
f 1353 	1648 	1654
f 1738 	1901 	1662
f 1654 	1364 	1353
f 1899 	391 	324
f 1662 	1901 	1955
f 19 	391 	1899
f 1683 	41 	1680
f 41 	1683 	42
f 1747 	1881 	1905
f 39 	1680 	41
f 1905 	1901 	1747
f 42 	1683 	1670
f 1881 	1885 	1932
f 1671 	33 	1670
f 1905 	1881 	1932
f 42 	1670 	33
f 13 	33 	1671
f 1663 	1930 	16
f 1905 	1962 	1901
f 33 	13 	1037
f 13 	1032 	1037
f 16 	1032 	13
f 1029 	16 	1930
f 1930 	1030 	1029
f 1930 	2 	1030
f 1932 	1885 	2001
f 1955 	138 	1499
f 1955 	1901 	1962
f 1887 	1884 	1932
f 1889 	61 	1891
f 1365 	1364 	1656
f 1884 	1962 	1905
f 1651 	1645 	1245
f 1905 	1932 	1884
f 1245 	1365 	1651
f 1932 	2001 	1887
f 1889 	1887 	2001
f 2001 	61 	1889
f 60 	1891 	61
f 1963 	1964 	973
f 1876 	1891 	60
f 1962 	208 	181
f 72 	1533 	121
f 1955 	181 	138
f 1955 	1962 	181
f 1533 	1549 	121
f 72 	63 	1534
f 1885 	1888 	2001
f 1810 	1634 	1967
f 1534 	1533 	72
f 1242 	1781 	1967
f 1535 	1534 	63
f 1743 	1744 	1971
f 65 	1518 	64
f 65 	68 	1521
f 379 	1565 	1571
f 1634 	1638 	1244
f 1571 	426 	379
f 1521 	1518 	65
f 1823 	426 	1571
f 1638 	1641 	1318
f 1524 	68 	71
f 71 	1527 	1524
f 209 	208 	1884
f 1646 	1246 	1645
f 1884 	1887 	209
f 1889 	339 	1887
f 331 	339 	1889
f 333 	1891 	1876
f 1825 	1830 	545
f 1646 	1784 	1968
f 333 	331 	1891
f 333 	1876 	335
f 335 	1876 	1879
f 1656 	1651 	1365
f 1784 	1785 	1968
f 1749 	197 	180
f 1786 	1789 	1968
f 1750 	1749 	180
f 180 	178 	1750
f 1785 	1786 	1968
f 178 	1720 	1750
f 178 	179 	1720
f 1546 	179 	177
f 177 	120 	1548
f 1548 	1546 	177
f 774 	1866 	1970
f 60 	1743 	1971
f 1974 	1973 	1038
f 1974 	1038 	1039
f 1684 	236 	1682
f 1977 	1972 	1344
f 1684 	1685 	241
f 241 	236 	1684
f 1793 	1963 	1969
f 220 	241 	1685
f 774 	773 	1866
f 1672 	220 	1685
f 212 	1672 	1673
f 1972 	1871 	1347
f 1794 	1963 	1793
f 1672 	212 	220
f 1897 	1964 	778
f 1794 	1795 	1963
f 318 	1871 	1972
f 1348 	1349 	1976
f 1039 	2022 	1974
f 2079 	2022 	1069
f 1255 	1987 	1986
f 1339 	1976 	1977
f 1256 	1258 	1988
f 1977 	1344 	1339
f 1854 	409 	411
f 1976 	1975 	412
f 2292 	1465 	1466
f 1854 	411 	1975
f 2294 	2292 	1466
f 413 	1976 	412
f 1469 	2294 	1466
f 1977 	1976 	413
f 413 	405 	1977
f 1897 	778 	484
f 1977 	405 	1972
f 405 	318 	1972
f 1255 	1986 	1254
f 1255 	1256 	1987
f 1871 	318 	419
f 1874 	1871 	419
f 1874 	419 	420
f 1754 	1874 	420
f 408 	410 	1701
f 1698 	1701 	410
f 408 	1701 	1734
f 1754 	420 	421
f 421 	1755 	1754
f 421 	428 	1755
f 1756 	428 	297
f 1998 	1703 	1700
f 1748 	1756 	297
f 297 	197 	1748
f 1818 	1819 	327
f 1527 	71 	74
f 327 	325 	1818
f 1625 	1527 	74
f 1625 	74 	75
f 154 	1626 	75
f 1751 	214 	672
f 1677 	1626 	154
f 1985 	1677 	154
f 1675 	1676 	1982
f 52 	1728 	1678
f 1676 	1253 	1983
f 51 	1729 	1728
f 1981 	1040 	1041
f 1041 	1978 	1981
f 51 	1728 	52
f 1727 	195 	292
f 1997 	1699 	1961
f 1727 	292 	1759
f 1727 	1729 	195
f 292 	294 	1759
f 1700 	1997 	1998
f 1759 	294 	1761
f 294 	304 	1761
f 305 	1762 	304
f 293 	218 	1753
f 304 	1762 	1761
f 1765 	305 	309
f 1622 	2013 	2014
f 309 	310 	1828
f 1828 	310 	1829
f 310 	404 	1829
f 1831 	404 	406
f 1845 	1831 	406
f 406 	414 	1845
f 2005 	1608 	2003
f 1980 	1040 	1981
f 154 	384 	1985
f 1676 	1983 	1982
f 385 	52 	1985
f 1617 	2006 	1959
f 1982 	1990 	1675
f 1254 	1986 	1984
f 1253 	1984 	1983
f 1985 	1678 	1677
f 390 	52 	385
f 390 	415 	51
f 52 	1678 	1985
f 1988 	1258 	1989
f 1258 	1733 	1989
f 52 	390 	51
f 51 	415 	195
f 1766 	758 	1979
f 1622 	1695 	2013
f 1256 	1988 	1987
f 2273 	1983 	1984
f 308 	220 	212
f 1673 	1990 	212
f 1897 	484 	1768
f 1989 	1733 	1993
f 1983 	2198 	1982
f 1983 	2273 	2198
f 1752 	1753 	218
f 1993 	2278 	1989
f 1984 	1986 	2274
f 1695 	1694 	2017
f 217 	1752 	218
f 778 	1964 	771
f 1964 	1963 	291
f 771 	1964 	291
f 217 	213 	1993
f 1768 	484 	485
f 1768 	485 	1769
f 485 	480 	1769
f 1291 	1298 	1996
f 1681 	1999 	1996
f 2015 	130 	1855
f 1763 	381 	1764
f 2016 	1459 	1994
f 1744 	1745 	1900
f 1745 	1898 	1900
f 1971 	1744 	1900
f 1876 	60 	1971
f 1745 	1741 	1898
f 1971 	1879 	1876
f 1155 	1998 	1154
f 1971 	1900 	1879
f 1898 	1741 	1659
f 1703 	1998 	2018
f 2020 	1742 	1704
f 61 	2001 	1888
f 1742 	2020 	296
f 407 	1707 	480
f 480 	1707 	1769
f 408 	1734 	407
f 2013 	1695 	2017
f 1888 	1890 	61
f 1890 	1743 	60
f 1681 	1682 	2000
f 2000 	1682 	236
f 2002 	1605 	2009
f 1999 	1681 	2000
f 61 	1890 	60
f 1996 	1995 	1291
f 1996 	1298 	1681
f 2005 	2006 	1614
f 2016 	2281 	2280
f 2005 	1614 	1608
f 1386 	2010 	2007
f 2006 	1144 	1959
f 1145 	1959 	1144
f 1374 	2007 	1820
f 1959 	1147 	1961
f 1996 	1999 	2004
f 1374 	1386 	2007
f 1820 	2019 	2008
f 1394 	2011 	2010
f 2003 	2002 	1109
f 1107 	1109 	2002
f 1111 	2006 	2005
f 481 	425 	327
f 1879 	129 	335
f 2004 	1999 	402
f 129 	1856 	130
f 130 	1856 	1855
f 2015 	1855 	1824
f 241 	306 	236
f 2279 	130 	2015
f 1994 	2281 	2016
f 2009 	2014 	1103
f 212 	45 	308
f 1995 	1996 	2004
f 2005 	1112 	1111
f 1994 	1995 	2012
f 1995 	2004 	2012
f 295 	2017 	1694
f 2281 	1994 	2012
f 2015 	1824 	2016
f 1824 	1459 	2016
f 1990 	45 	212
f 1753 	1758 	293
f 325 	293 	1758
f 46 	1990 	1982
f 2008 	327 	1819
f 1819 	1820 	2008
f 1111 	1113 	2006
f 2006 	1114 	1144
f 1961 	1150 	1149
f 1149 	1997 	1961
f 58 	2011 	1449
f 58 	1449 	1499
f 1698 	410 	295
f 295 	1694 	1698
f 1499 	138 	58
f 1098 	2017 	1097
f 1098 	1099 	2017
f 2013 	2017 	1099
f 1100 	2013 	1099
f 1100 	1101 	2013
f 1820 	2007 	2019
f 481 	327 	2008
f 1104 	1105 	2009
f 1157 	2018 	1156
f 1998 	1156 	2018
f 1172 	2020 	1173
f 2018 	2020 	1704
f 1172 	1174 	296
f 1763 	296 	381
f 2297 	1463 	1464
f 1780 	383 	393
f 1781 	1780 	393
f 393 	313 	1781
f 313 	2021 	1781
f 1808 	1967 	2021
f 2003 	1108 	2005
f 1997 	1154 	1998
f 2011 	2174 	2010
f 1998 	1155 	1156
f 2014 	2013 	1101
f 2014 	1101 	1102
f 2009 	1103 	1104
f 2023 	2019 	2007
f 2007 	2010 	2023
f 1105 	1106 	2009
f 2014 	1102 	1103
f 2002 	1106 	1107
f 2003 	1109 	1108
f 1112 	2005 	1110
f 1114 	2006 	1113
f 1110 	2005 	1108
f 1959 	1145 	1147
f 1150 	1961 	1148
f 1973 	1974 	956
f 299 	213 	217
f 2022 	2079 	988
f 425 	422 	325
f 327 	425 	325
f 964 	2022 	988
f 299 	217 	218
f 1767 	702 	1766
f 2008 	2019 	807
f 859 	2019 	2023
f 2023 	860 	859
f 2019 	859 	807
f 1974 	2022 	964
f 2023 	2010 	2174
f 1573 	216 	215
f 46 	45 	1990
f 1982 	2198 	46
f 1830 	1866 	773
f 2275 	1986 	1987
f 1987 	2276 	2275
f 1988 	2276 	1987
f 1988 	1989 	2277
f 2278 	2277 	1989
f 2277 	2276 	1988
f 302 	299 	218
f 293 	302 	218
f 302 	293 	422
f 293 	325 	422
f 2198 	1462 	46
f 2273 	1463 	2198
f 1464 	1463 	2273
f 1462 	2198 	1463
f 2273 	2274 	1464
f 1465 	2274 	2275
f 2276 	1466 	2275
f 2277 	1469 	2276
f 2277 	2278 	1478
f 1478 	1469 	2277
f 2276 	1469 	1466
f 2278 	213 	1486
f 2278 	1486 	1478
f 213 	2278 	1993
f 1572 	1573 	215
f 2273 	1984 	2274
f 2275 	2274 	1986
f 116 	1523 	1490
f 214 	1572 	215
f 335 	129 	2286
f 2004 	401 	2012
f 942 	988 	2079
f 2004 	402 	401
f 129 	130 	2285
f 2285 	130 	2279
f 2015 	2016 	2280
f 2015 	2280 	2279
f 138 	181 	2282
f 954 	774 	1970
f 2282 	181 	2289
f 1973 	954 	1970
f 1973 	956 	954
f 956 	1974 	964
f 2289 	1038 	2282
f 2287 	331 	333
f 2286 	129 	2285
f 8 	209 	339
f 339 	40 	8
f 670 	1757 	672
f 2284 	58 	138
f 2008 	807 	481
f 2011 	58 	2283
f 1991 	1992 	950
f 58 	2284 	2283
f 2283 	2174 	2011
f 946 	945 	1980
f 937 	1981 	1978
f 1979 	938 	1978
f 1767 	703 	702
f 1760 	1757 	670
f 703 	1760 	670
f 2023 	2174 	860
f 2079 	1991 	942
f 882 	860 	2174
f 945 	1992 	1980
f 2283 	882 	2174
f 1980 	1981 	946
f 2284 	1031 	2283
f 2284 	1036 	1031
f 2284 	138 	2282
f 2284 	2282 	1036
f 2283 	1031 	882
f 1978 	938 	937
f 758 	938 	1979
f 1766 	702 	758
f 1760 	703 	1767
f 2279 	987 	2285
f 2279 	2280 	983
f 919 	983 	2280
f 983 	987 	2279
f 946 	1981 	937
f 2281 	919 	2280
f 919 	2281 	922
f 2281 	2012 	922
f 922 	2012 	401
f 1991 	950 	942
f 1992 	945 	950
f 1999 	403 	402
f 1999 	2000 	403
f 311 	403 	2000
f 2000 	236 	311
f 311 	236 	306
f 241 	220 	307
f 307 	306 	241
f 2286 	2285 	1041
f 2285 	987 	1041
f 1478 	2295 	1469
f 2287 	333 	2288
f 1087 	40 	2287
f 2288 	333 	335
f 2287 	2288 	1044
f 2288 	335 	2286
f 1553 	349 	1551
f 208 	17 	2289
f 339 	331 	40
f 2289 	1039 	1038
f 209 	17 	208
f 40 	331 	2287
f 209 	8 	17
f 1465 	2292 	2291
f 35 	27 	1486
f 1461 	117 	1490
f 1461 	2298 	117
f 117 	116 	1490
f 116 	210 	1523
f 1823 	1825 	531
f 1825 	545 	531
f 1823 	531 	426
f 773 	545 	1830
f 1473 	2291 	2292
f 1469 	2295 	2294
f 27 	2295 	1478
f 1486 	1489 	35
f 2291 	1473 	1472
f 1474 	2292 	2294
f 1475 	1474 	2294
f 2294 	2295 	1475
f 2295 	27 	1476
f 1461 	1462 	2298
f 1464 	2291 	2297
f 1486 	27 	1478
f 1489 	56 	35
f 1547 	1551 	348
f 348 	56 	1547
f 1551 	349 	348
f 1553 	1565 	369
f 349 	1553 	369
f 1488 	2298 	2296
f 1488 	2296 	1471
f 2296 	2297 	1471
f 1462 	2296 	2298
f 379 	369 	1565
f 2291 	1472 	2297
# 2296 faces

 #end of obj_0

